2026-04-06 21:42:44,884 [Worker-4: Loading available Gradle versions] INFO  o.e.b.c.i.u.g.PublishedGradleVersions - Gradle version information cache is out-of-date. Trying to update.
2026-04-06 21:43:29,429 [Worker-5: Importing Maven projects] INFO  o.e.m.c.i.l.LifecycleMappingFactory - Using org.maven.ide.eclipse.wtp.WarLifecycleMapping lifecycle mapping for MavenProject: com.employee:EMPLOYEE:0.0.1-SNAPSHOT @ C:\Users\Rishabh patil\Desktop\Microservices\EMPLOYEE\pom.xml.
2026-04-06 21:43:46,979 [Worker-5: Importing Maven projects] INFO  o.e.m.j.i.AbstractJavaProjectConfigurator - Adding source folder /EMPLOYEE/src/main/java
2026-04-06 21:43:46,985 [Worker-5: Importing Maven projects] INFO  o.e.m.j.i.AbstractJavaProjectConfigurator - Adding resource folder /EMPLOYEE/src/main/resources
2026-04-06 21:43:47,065 [Worker-5: Importing Maven projects] INFO  o.e.m.j.i.AbstractJavaProjectConfigurator - Adding resource folder /EMPLOYEE/src/main/resources
2026-04-06 21:43:47,730 [Worker-5: Importing Maven projects] INFO  o.e.m.j.i.AbstractJavaProjectConfigurator - Adding source folder /EMPLOYEE/src/test/java
2026-04-06 21:44:16,248 [Worker-5: Importing Maven projects] INFO  o.e.m.c.i.p.ProjectConfigurationManager - Imported and configured 1 project(s) in 62 sec
2026-04-06 21:44:20,080 [Worker-0: Building] INFO  o.a.m.s.f.DefaultMavenResourcesFiltering - Copying 1 resource from src\main\resources to target\classes
2026-04-06 21:44:20,143 [Worker-0: Building] INFO  o.a.m.s.f.DefaultMavenResourcesFiltering - Copying 0 resource from src\main\resources to target\classes
2026-04-06 21:44:20,158 [Worker-0: Building] INFO  o.a.m.s.f.DefaultMavenResourcesFiltering - skip non existing resourceDirectory C:\Users\Rishabh patil\Desktop\Microservices\EMPLOYEE\src\test\resources
2026-04-06 21:50:52,326 [Worker-9: Building] INFO  o.a.m.s.f.DefaultMavenResourcesFiltering - Copying 1 resource from src\main\resources to target\classes
2026-04-06 21:50:52,351 [Worker-9: Building] INFO  o.a.m.s.f.DefaultMavenResourcesFiltering - Copying 0 resource from src\main\resources to target\classes
2026-04-06 21:50:52,358 [Worker-9: Building] INFO  o.a.m.s.f.DefaultMavenResourcesFiltering - skip non existing resourceDirectory C:\Users\Rishabh patil\Desktop\Microservices\EMPLOYEE\src\test\resources
2026-04-06 21:52:13,408 [Worker-9: Building] INFO  o.a.m.s.f.DefaultMavenResourcesFiltering - Copying 1 resource from src\main\resources to target\classes
2026-04-06 21:52:13,501 [Worker-9: Building] INFO  o.a.m.s.f.DefaultMavenResourcesFiltering - Copying 0 resource from src\main\resources to target\classes
2026-04-06 21:52:13,511 [Worker-9: Building] INFO  o.a.m.s.f.DefaultMavenResourcesFiltering - skip non existing resourceDirectory C:\Users\Rishabh patil\Desktop\Microservices\EMPLOYEE\src\test\resources
2026-04-06 21:52:28,773 [Worker-12: Building] INFO  o.a.m.s.f.DefaultMavenResourcesFiltering - Copying 1 resource from src\main\resources to target\classes
2026-04-06 21:52:28,790 [Worker-12: Building] INFO  o.a.m.s.f.DefaultMavenResourcesFiltering - Copying 0 resource from src\main\resources to target\classes
2026-04-06 21:52:28,795 [Worker-12: Building] INFO  o.a.m.s.f.DefaultMavenResourcesFiltering - skip non existing resourceDirectory C:\Users\Rishabh patil\Desktop\Microservices\EMPLOYEE\src\test\resources
2026-04-06 21:52:43,661 [Worker-12: Building] INFO  o.a.m.s.f.DefaultMavenResourcesFiltering - Copying 1 resource from src\main\resources to target\classes
2026-04-06 21:52:43,678 [Worker-12: Building] INFO  o.a.m.s.f.DefaultMavenResourcesFiltering - Copying 0 resource from src\main\resources to target\classes
2026-04-06 21:52:43,683 [Worker-12: Building] INFO  o.a.m.s.f.DefaultMavenResourcesFiltering - skip non existing resourceDirectory C:\Users\Rishabh patil\Desktop\Microservices\EMPLOYEE\src\test\resources
2026-04-06 21:52:56,066 [Worker-12: Building] INFO  o.a.m.s.f.DefaultMavenResourcesFiltering - Copying 1 resource from src\main\resources to target\classes
2026-04-06 21:52:56,082 [Worker-12: Building] INFO  o.a.m.s.f.DefaultMavenResourcesFiltering - Copying 0 resource from src\main\resources to target\classes
2026-04-06 21:52:56,088 [Worker-12: Building] INFO  o.a.m.s.f.DefaultMavenResourcesFiltering - skip non existing resourceDirectory C:\Users\Rishabh patil\Desktop\Microservices\EMPLOYEE\src\test\resources
2026-04-06 21:53:28,737 [Worker-12: Building] INFO  o.a.m.s.f.DefaultMavenResourcesFiltering - Copying 1 resource from src\main\resources to target\classes
2026-04-06 21:53:28,752 [Worker-12: Building] INFO  o.a.m.s.f.DefaultMavenResourcesFiltering - Copying 0 resource from src\main\resources to target\classes
2026-04-06 21:53:28,756 [Worker-12: Building] INFO  o.a.m.s.f.DefaultMavenResourcesFiltering - skip non existing resourceDirectory C:\Users\Rishabh patil\Desktop\Microservices\EMPLOYEE\src\test\resources
2026-04-06 21:53:39,827 [Worker-12: Building] INFO  o.a.m.s.f.DefaultMavenResourcesFiltering - Copying 1 resource from src\main\resources to target\classes
2026-04-06 21:53:39,840 [Worker-12: Building] INFO  o.a.m.s.f.DefaultMavenResourcesFiltering - Copying 0 resource from src\main\resources to target\classes
2026-04-06 21:53:39,846 [Worker-12: Building] INFO  o.a.m.s.f.DefaultMavenResourcesFiltering - skip non existing resourceDirectory C:\Users\Rishabh patil\Desktop\Microservices\EMPLOYEE\src\test\resources
2026-04-06 21:53:56,389 [Worker-4: Building] INFO  o.a.m.s.f.DefaultMavenResourcesFiltering - Copying 1 resource from src\main\resources to target\classes
2026-04-06 21:53:56,480 [Worker-4: Building] INFO  o.a.m.s.f.DefaultMavenResourcesFiltering - Copying 0 resource from src\main\resources to target\classes
2026-04-06 21:53:56,493 [Worker-4: Building] INFO  o.a.m.s.f.DefaultMavenResourcesFiltering - skip non existing resourceDirectory C:\Users\Rishabh patil\Desktop\Microservices\EMPLOYEE\src\test\resources
2026-04-06 21:53:59,603 [Worker-11: Building] INFO  o.a.m.s.f.DefaultMavenResourcesFiltering - Copying 1 resource from src\main\resources to target\classes
2026-04-06 21:53:59,614 [Worker-11: Building] INFO  o.a.m.s.f.DefaultMavenResourcesFiltering - Copying 0 resource from src\main\resources to target\classes
2026-04-06 21:53:59,619 [Worker-11: Building] INFO  o.a.m.s.f.DefaultMavenResourcesFiltering - skip non existing resourceDirectory C:\Users\Rishabh patil\Desktop\Microservices\EMPLOYEE\src\test\resources
2026-04-06 21:54:13,136 [Worker-4: Building] INFO  o.a.m.s.f.DefaultMavenResourcesFiltering - Copying 1 resource from src\main\resources to target\classes
2026-04-06 21:54:13,150 [Worker-4: Building] INFO  o.a.m.s.f.DefaultMavenResourcesFiltering - Copying 0 resource from src\main\resources to target\classes
2026-04-06 21:54:13,157 [Worker-4: Building] INFO  o.a.m.s.f.DefaultMavenResourcesFiltering - skip non existing resourceDirectory C:\Users\Rishabh patil\Desktop\Microservices\EMPLOYEE\src\test\resources
2026-04-06 21:54:30,741 [Worker-12: Building] INFO  o.a.m.s.f.DefaultMavenResourcesFiltering - Copying 1 resource from src\main\resources to target\classes
2026-04-06 21:54:30,754 [Worker-12: Building] INFO  o.a.m.s.f.DefaultMavenResourcesFiltering - Copying 0 resource from src\main\resources to target\classes
2026-04-06 21:54:30,758 [Worker-12: Building] INFO  o.a.m.s.f.DefaultMavenResourcesFiltering - skip non existing resourceDirectory C:\Users\Rishabh patil\Desktop\Microservices\EMPLOYEE\src\test\resources
2026-04-06 21:55:01,257 [Worker-11: Building] INFO  o.a.m.s.f.DefaultMavenResourcesFiltering - Copying 1 resource from src\main\resources to target\classes
2026-04-06 21:55:01,271 [Worker-11: Building] INFO  o.a.m.s.f.DefaultMavenResourcesFiltering - Copying 0 resource from src\main\resources to target\classes
2026-04-06 21:55:01,275 [Worker-11: Building] INFO  o.a.m.s.f.DefaultMavenResourcesFiltering - skip non existing resourceDirectory C:\Users\Rishabh patil\Desktop\Microservices\EMPLOYEE\src\test\resources
2026-04-06 21:55:20,572 [Worker-14: Building] INFO  o.a.m.s.f.DefaultMavenResourcesFiltering - Copying 1 resource from src\main\resources to target\classes
2026-04-06 21:55:20,585 [Worker-14: Building] INFO  o.a.m.s.f.DefaultMavenResourcesFiltering - Copying 0 resource from src\main\resources to target\classes
2026-04-06 21:55:20,589 [Worker-14: Building] INFO  o.a.m.s.f.DefaultMavenResourcesFiltering - skip non existing resourceDirectory C:\Users\Rishabh patil\Desktop\Microservices\EMPLOYEE\src\test\resources
2026-04-06 21:55:45,857 [Worker-13: Building] INFO  o.a.m.s.f.DefaultMavenResourcesFiltering - Copying 1 resource from src\main\resources to target\classes
2026-04-06 21:55:45,949 [Worker-13: Building] INFO  o.a.m.s.f.DefaultMavenResourcesFiltering - Copying 0 resource from src\main\resources to target\classes
2026-04-06 21:55:45,957 [Worker-13: Building] INFO  o.a.m.s.f.DefaultMavenResourcesFiltering - skip non existing resourceDirectory C:\Users\Rishabh patil\Desktop\Microservices\EMPLOYEE\src\test\resources
2026-04-06 22:00:37,205 [Worker-13: Building] INFO  o.a.m.s.f.DefaultMavenResourcesFiltering - Copying 1 resource from src\main\resources to target\classes
2026-04-06 22:00:37,219 [Worker-13: Building] INFO  o.a.m.s.f.DefaultMavenResourcesFiltering - Copying 0 resource from src\main\resources to target\classes
2026-04-06 22:00:37,254 [Worker-13: Building] INFO  o.a.m.s.f.DefaultMavenResourcesFiltering - skip non existing resourceDirectory C:\Users\Rishabh patil\Desktop\Microservices\EMPLOYEE\src\test\resources
2026-04-06 22:01:56,564 [Worker-13: Building] INFO  o.a.m.s.f.DefaultMavenResourcesFiltering - Copying 1 resource from src\main\resources to target\classes
2026-04-06 22:01:56,578 [Worker-13: Building] INFO  o.a.m.s.f.DefaultMavenResourcesFiltering - Copying 0 resource from src\main\resources to target\classes
2026-04-06 22:01:56,584 [Worker-13: Building] INFO  o.a.m.s.f.DefaultMavenResourcesFiltering - skip non existing resourceDirectory C:\Users\Rishabh patil\Desktop\Microservices\EMPLOYEE\src\test\resources
2026-04-06 22:02:07,798 [Worker-13: Building] INFO  o.a.m.s.f.DefaultMavenResourcesFiltering - Copying 1 resource from src\main\resources to target\classes
2026-04-06 22:02:07,812 [Worker-13: Building] INFO  o.a.m.s.f.DefaultMavenResourcesFiltering - Copying 0 resource from src\main\resources to target\classes
2026-04-06 22:02:07,816 [Worker-13: Building] INFO  o.a.m.s.f.DefaultMavenResourcesFiltering - skip non existing resourceDirectory C:\Users\Rishabh patil\Desktop\Microservices\EMPLOYEE\src\test\resources
2026-04-06 22:02:29,804 [Worker-9: Building] INFO  o.a.m.s.f.DefaultMavenResourcesFiltering - Copying 1 resource from src\main\resources to target\classes
2026-04-06 22:02:29,819 [Worker-9: Building] INFO  o.a.m.s.f.DefaultMavenResourcesFiltering - Copying 0 resource from src\main\resources to target\classes
2026-04-06 22:02:29,823 [Worker-9: Building] INFO  o.a.m.s.f.DefaultMavenResourcesFiltering - skip non existing resourceDirectory C:\Users\Rishabh patil\Desktop\Microservices\EMPLOYEE\src\test\resources
2026-04-06 22:03:36,010 [Worker-17: Building] INFO  o.a.m.s.f.DefaultMavenResourcesFiltering - Copying 1 resource from src\main\resources to target\classes
2026-04-06 22:03:36,025 [Worker-17: Building] INFO  o.a.m.s.f.DefaultMavenResourcesFiltering - Copying 0 resource from src\main\resources to target\classes
2026-04-06 22:03:36,029 [Worker-17: Building] INFO  o.a.m.s.f.DefaultMavenResourcesFiltering - skip non existing resourceDirectory C:\Users\Rishabh patil\Desktop\Microservices\EMPLOYEE\src\test\resources
2026-04-06 22:04:34,935 [Worker-18: Building] INFO  o.a.m.s.f.DefaultMavenResourcesFiltering - Copying 1 resource from src\main\resources to target\classes
2026-04-06 22:04:34,948 [Worker-18: Building] INFO  o.a.m.s.f.DefaultMavenResourcesFiltering - Copying 0 resource from src\main\resources to target\classes
2026-04-06 22:04:34,952 [Worker-18: Building] INFO  o.a.m.s.f.DefaultMavenResourcesFiltering - skip non existing resourceDirectory C:\Users\Rishabh patil\Desktop\Microservices\EMPLOYEE\src\test\resources
2026-04-06 22:10:52,283 [Worker-11: Building] INFO  o.a.m.s.f.DefaultMavenResourcesFiltering - Copying 1 resource from src\main\resources to target\classes
2026-04-06 22:10:52,298 [Worker-11: Building] INFO  o.a.m.s.f.DefaultMavenResourcesFiltering - Copying 0 resource from src\main\resources to target\classes
2026-04-06 22:10:52,303 [Worker-11: Building] INFO  o.a.m.s.f.DefaultMavenResourcesFiltering - skip non existing resourceDirectory C:\Users\Rishabh patil\Desktop\Microservices\EMPLOYEE\src\test\resources
2026-04-06 22:11:19,229 [Worker-18: Building] INFO  o.a.m.s.f.DefaultMavenResourcesFiltering - Copying 1 resource from src\main\resources to target\classes
2026-04-06 22:11:19,244 [Worker-18: Building] INFO  o.a.m.s.f.DefaultMavenResourcesFiltering - Copying 0 resource from src\main\resources to target\classes
2026-04-06 22:11:19,248 [Worker-18: Building] INFO  o.a.m.s.f.DefaultMavenResourcesFiltering - skip non existing resourceDirectory C:\Users\Rishabh patil\Desktop\Microservices\EMPLOYEE\src\test\resources
2026-04-06 22:11:34,491 [Worker-19: Building] INFO  o.a.m.s.f.DefaultMavenResourcesFiltering - Copying 1 resource from src\main\resources to target\classes
2026-04-06 22:11:34,507 [Worker-19: Building] INFO  o.a.m.s.f.DefaultMavenResourcesFiltering - Copying 0 resource from src\main\resources to target\classes
2026-04-06 22:11:34,511 [Worker-19: Building] INFO  o.a.m.s.f.DefaultMavenResourcesFiltering - skip non existing resourceDirectory C:\Users\Rishabh patil\Desktop\Microservices\EMPLOYEE\src\test\resources
2026-04-06 22:17:00,666 [ForkJoinPool.commonPool-worker-2] ERROR o.e.m.e.l.MavenRuntimeClasspathProvider - Illegal character in path at index 22: file:/C:/Users/Rishabh patil/Downloads/softwares/Spring boot installation/sts-4.14.1.RELEASE/plugins/org.eclipse.m2e.maven.runtime_1.18.3.20220227-1319/jars/
java.net.URISyntaxException: Illegal character in path at index 22: file:/C:/Users/Rishabh patil/Downloads/softwares/Spring boot installation/sts-4.14.1.RELEASE/plugins/org.eclipse.m2e.maven.runtime_1.18.3.20220227-1319/jars/
	at java.base/java.net.URI$Parser.fail(URI.java:2974)
	at java.base/java.net.URI$Parser.checkChars(URI.java:3145)
	at java.base/java.net.URI$Parser.parseHierarchical(URI.java:3227)
	at java.base/java.net.URI$Parser.parse(URI.java:3175)
	at java.base/java.net.URI.<init>(URI.java:623)
	at java.base/java.net.URL.toURI(URL.java:1056)
	at org.eclipse.m2e.editor.lemminx.MavenRuntimeClasspathProvider.addJarsFromBundle(MavenRuntimeClasspathProvider.java:81)
	at org.eclipse.m2e.editor.lemminx.MavenRuntimeClasspathProvider.get(MavenRuntimeClasspathProvider.java:66)
	at org.eclipse.m2e.editor.lemminx.MavenRuntimeClasspathProvider.get(MavenRuntimeClasspathProvider.java:1)
	at java.base/java.util.stream.ReferencePipeline$3$1.accept(ReferencePipeline.java:197)
	at java.base/java.util.stream.ReferencePipeline$3$1.accept(ReferencePipeline.java:197)
	at java.base/java.util.HashMap$EntrySpliterator.forEachRemaining(HashMap.java:1850)
	at java.base/java.util.stream.AbstractPipeline.copyInto(AbstractPipeline.java:509)
	at java.base/java.util.stream.AbstractPipeline.wrapAndCopyInto(AbstractPipeline.java:499)
	at java.base/java.util.stream.ForEachOps$ForEachOp.evaluateSequential(ForEachOps.java:150)
	at java.base/java.util.stream.ForEachOps$ForEachOp$OfRef.evaluateSequential(ForEachOps.java:173)
	at java.base/java.util.stream.AbstractPipeline.evaluate(AbstractPipeline.java:234)
	at java.base/java.util.stream.ReferencePipeline.forEach(ReferencePipeline.java:596)
	at org.eclipse.wildwebdeveloper.xml.internal.XMLExtensionRegistry.getXMLLSClassPathExtensions(XMLExtensionRegistry.java:81)
	at org.eclipse.wildwebdeveloper.xml.internal.XMLLanguageServer.getExtensionJarPaths(XMLLanguageServer.java:148)
	at org.eclipse.wildwebdeveloper.xml.internal.XMLLanguageServer.<init>(XMLLanguageServer.java:83)
	at java.base/jdk.internal.reflect.NativeConstructorAccessorImpl.newInstance0(Native Method)
	at java.base/jdk.internal.reflect.NativeConstructorAccessorImpl.newInstance(NativeConstructorAccessorImpl.java:77)
	at java.base/jdk.internal.reflect.DelegatingConstructorAccessorImpl.newInstance(DelegatingConstructorAccessorImpl.java:45)
	at java.base/java.lang.reflect.Constructor.newInstanceWithCaller(Constructor.java:499)
	at java.base/java.lang.reflect.Constructor.newInstance(Constructor.java:480)
	at org.eclipse.core.internal.registry.osgi.RegistryStrategyOSGI.createExecutableExtension(RegistryStrategyOSGI.java:204)
	at org.eclipse.core.internal.registry.ExtensionRegistry.createExecutableExtension(ExtensionRegistry.java:920)
	at org.eclipse.core.internal.registry.ConfigurationElement.createExecutableExtension(ConfigurationElement.java:246)
	at org.eclipse.core.internal.registry.ConfigurationElementHandle.createExecutableExtension(ConfigurationElementHandle.java:63)
	at org.eclipse.lsp4e.LanguageServersRegistry$ExtensionLanguageServerDefinition.createConnectionProvider(LanguageServersRegistry.java:147)
	at org.eclipse.lsp4e.LanguageServerWrapper.lambda$1(LanguageServerWrapper.java:222)
	at java.base/java.util.concurrent.CompletableFuture$AsyncSupply.run(CompletableFuture.java:1768)
	at java.base/java.util.concurrent.CompletableFuture$AsyncSupply.exec(CompletableFuture.java:1760)
	at java.base/java.util.concurrent.ForkJoinTask.doExec(ForkJoinTask.java:373)
	at java.base/java.util.concurrent.ForkJoinPool$WorkQueue.topLevelExec(ForkJoinPool.java:1182)
	at java.base/java.util.concurrent.ForkJoinPool.scan(ForkJoinPool.java:1655)
	at java.base/java.util.concurrent.ForkJoinPool.runWorker(ForkJoinPool.java:1622)
	at java.base/java.util.concurrent.ForkJoinWorkerThread.run(ForkJoinWorkerThread.java:165)
2026-04-06 22:17:30,797 [Worker-13: Building] INFO  o.a.m.s.f.DefaultMavenResourcesFiltering - Copying 1 resource from src\main\resources to target\classes
2026-04-06 22:17:30,812 [Worker-13: Building] INFO  o.a.m.s.f.DefaultMavenResourcesFiltering - Copying 0 resource from src\main\resources to target\classes
2026-04-06 22:17:30,817 [Worker-13: Building] INFO  o.a.m.s.f.DefaultMavenResourcesFiltering - skip non existing resourceDirectory C:\Users\Rishabh patil\Desktop\Microservices\EMPLOYEE\src\test\resources
2026-04-06 22:17:41,880 [Worker-17: Cleaning all projects] INFO  o.e.m.w.i.f.ResourceFilteringBuildParticipant - Cleaning filtered folder for EMPLOYEE
2026-04-06 22:17:42,248 [Worker-11: Building] INFO  o.a.m.s.f.DefaultMavenResourcesFiltering - Copying 1 resource from src\main\resources to target\classes
2026-04-06 22:17:42,253 [Worker-11: Building] INFO  o.a.m.s.f.DefaultMavenResourcesFiltering - Copying 0 resource from src\main\resources to target\classes
2026-04-06 22:17:42,258 [Worker-11: Building] INFO  o.a.m.s.f.DefaultMavenResourcesFiltering - skip non existing resourceDirectory C:\Users\Rishabh patil\Desktop\Microservices\EMPLOYEE\src\test\resources
2026-04-06 22:17:42,259 [Worker-11: Building] INFO  o.e.m.w.i.f.ResourceFilteringBuildParticipant - Changed resources require a complete clean of filtered resources of EMPLOYEE
2026-04-06 22:17:42,263 [Worker-11: Building] INFO  o.e.m.w.i.f.ResourceFilteringBuildParticipant - Executing resource filtering for EMPLOYEE
2026-04-06 22:18:18,304 [Worker-19: Building] INFO  o.e.m.c.i.l.LifecycleMappingFactory - Using org.maven.ide.eclipse.wtp.WarLifecycleMapping lifecycle mapping for MavenProject: com.employee:EMPLOYEE:0.0.1-SNAPSHOT @ C:\Users\Rishabh patil\Desktop\Microservices\EMPLOYEE\pom.xml.
2026-04-06 22:18:19,709 [Worker-19: Building] INFO  o.e.m.c.i.e.AbstractTransferListenerAdapter - Downloaded https://repo.maven.apache.org/maven2/org/modelmapper/modelmapper/3.2.3/modelmapper-3.2.3.pom
2026-04-06 22:18:20,019 [Worker-19: Building] INFO  o.e.m.c.i.e.AbstractTransferListenerAdapter - Downloaded https://repo.maven.apache.org/maven2/org/modelmapper/modelmapper-parent/3.2.3/modelmapper-parent-3.2.3.pom
2026-04-06 22:18:20,247 [Worker-19: Building] INFO  o.e.m.c.i.e.AbstractTransferListenerAdapter - Downloading https://repo.maven.apache.org/maven2/org/modelmapper/modelmapper/3.2.3/modelmapper-3.2.3.jar
2026-04-06 22:18:23,965 [Worker-19: Building] INFO  o.e.m.c.i.e.AbstractTransferListenerAdapter - Downloaded https://repo.maven.apache.org/maven2/org/modelmapper/modelmapper/3.2.3/modelmapper-3.2.3.jar
2026-04-06 22:18:26,122 [Worker-19: Building] INFO  o.a.m.s.f.DefaultMavenResourcesFiltering - Copying 0 resource from src\main\resources to target\classes
2026-04-06 22:18:26,123 [Worker-19: Building] INFO  o.a.m.s.f.DefaultMavenResourcesFiltering - Copying 0 resource from src\main\resources to target\classes
2026-04-06 22:18:26,130 [Worker-19: Building] INFO  o.a.m.s.f.DefaultMavenResourcesFiltering - skip non existing resourceDirectory C:\Users\Rishabh patil\Desktop\Microservices\EMPLOYEE\src\test\resources
2026-04-06 22:18:26,131 [Worker-19: Building] INFO  o.e.m.w.i.f.ResourceFilteringBuildParticipant - Changed resources require a complete clean of filtered resources of EMPLOYEE
2026-04-06 22:18:26,132 [Worker-19: Building] INFO  o.e.m.w.i.f.ResourceFilteringBuildParticipant - Executing resource filtering for EMPLOYEE
2026-04-06 22:18:29,344 [Worker-20: Download sources and javadoc] INFO  o.e.m.c.i.e.AbstractTransferListenerAdapter - Downloading https://repo.maven.apache.org/maven2/org/modelmapper/modelmapper/3.2.3/modelmapper-3.2.3-sources.jar
2026-04-06 22:18:29,677 [Worker-20: Download sources and javadoc] INFO  o.e.m.c.i.e.AbstractTransferListenerAdapter - Downloaded https://repo.maven.apache.org/maven2/org/modelmapper/modelmapper/3.2.3/modelmapper-3.2.3-sources.jar
2026-04-06 22:18:29,686 [Worker-20: Download sources and javadoc] INFO  o.e.m.j.internal.DownloadSourcesJob - Downloaded sources for org.modelmapper:modelmapper:3.2.3
2026-04-06 22:18:31,518 [Worker-13: Building] INFO  o.a.m.s.f.DefaultMavenResourcesFiltering - Copying 1 resource from src\main\resources to target\classes
2026-04-06 22:18:31,561 [Worker-13: Building] INFO  o.a.m.s.f.DefaultMavenResourcesFiltering - Copying 0 resource from src\main\resources to target\classes
2026-04-06 22:18:31,566 [Worker-13: Building] INFO  o.a.m.s.f.DefaultMavenResourcesFiltering - skip non existing resourceDirectory C:\Users\Rishabh patil\Desktop\Microservices\EMPLOYEE\src\test\resources
2026-04-06 22:20:20,552 [Worker-11: Building] INFO  o.a.m.s.f.DefaultMavenResourcesFiltering - Copying 1 resource from src\main\resources to target\classes
2026-04-06 22:20:20,568 [Worker-11: Building] INFO  o.a.m.s.f.DefaultMavenResourcesFiltering - Copying 0 resource from src\main\resources to target\classes
2026-04-06 22:20:20,595 [Worker-11: Building] INFO  o.a.m.s.f.DefaultMavenResourcesFiltering - skip non existing resourceDirectory C:\Users\Rishabh patil\Desktop\Microservices\EMPLOYEE\src\test\resources
2026-04-06 22:20:41,783 [Worker-17: Building] INFO  o.a.m.s.f.DefaultMavenResourcesFiltering - Copying 1 resource from src\main\resources to target\classes
2026-04-06 22:20:41,799 [Worker-17: Building] INFO  o.a.m.s.f.DefaultMavenResourcesFiltering - Copying 0 resource from src\main\resources to target\classes
2026-04-06 22:20:41,804 [Worker-17: Building] INFO  o.a.m.s.f.DefaultMavenResourcesFiltering - skip non existing resourceDirectory C:\Users\Rishabh patil\Desktop\Microservices\EMPLOYEE\src\test\resources
2026-04-06 22:21:38,798 [Worker-11: Building] INFO  o.a.m.s.f.DefaultMavenResourcesFiltering - Copying 1 resource from src\main\resources to target\classes
2026-04-06 22:21:38,813 [Worker-11: Building] INFO  o.a.m.s.f.DefaultMavenResourcesFiltering - Copying 0 resource from src\main\resources to target\classes
2026-04-06 22:21:38,817 [Worker-11: Building] INFO  o.a.m.s.f.DefaultMavenResourcesFiltering - skip non existing resourceDirectory C:\Users\Rishabh patil\Desktop\Microservices\EMPLOYEE\src\test\resources
2026-04-06 22:25:34,929 [Worker-18: Building] INFO  o.a.m.s.f.DefaultMavenResourcesFiltering - Copying 1 resource from src\main\resources to target\classes
2026-04-06 22:25:34,944 [Worker-18: Building] INFO  o.a.m.s.f.DefaultMavenResourcesFiltering - Copying 0 resource from src\main\resources to target\classes
2026-04-06 22:25:34,948 [Worker-18: Building] INFO  o.a.m.s.f.DefaultMavenResourcesFiltering - skip non existing resourceDirectory C:\Users\Rishabh patil\Desktop\Microservices\EMPLOYEE\src\test\resources
2026-04-06 22:25:53,146 [Worker-20: Building] INFO  o.a.m.s.f.DefaultMavenResourcesFiltering - Copying 1 resource from src\main\resources to target\classes
2026-04-06 22:25:53,159 [Worker-20: Building] INFO  o.a.m.s.f.DefaultMavenResourcesFiltering - Copying 0 resource from src\main\resources to target\classes
2026-04-06 22:25:53,163 [Worker-20: Building] INFO  o.a.m.s.f.DefaultMavenResourcesFiltering - skip non existing resourceDirectory C:\Users\Rishabh patil\Desktop\Microservices\EMPLOYEE\src\test\resources
2026-04-06 22:26:34,407 [Worker-19: Building] INFO  o.a.m.s.f.DefaultMavenResourcesFiltering - Copying 1 resource from src\main\resources to target\classes
2026-04-06 22:26:34,421 [Worker-19: Building] INFO  o.a.m.s.f.DefaultMavenResourcesFiltering - Copying 0 resource from src\main\resources to target\classes
2026-04-06 22:26:34,425 [Worker-19: Building] INFO  o.a.m.s.f.DefaultMavenResourcesFiltering - skip non existing resourceDirectory C:\Users\Rishabh patil\Desktop\Microservices\EMPLOYEE\src\test\resources
2026-04-06 22:27:11,719 [Worker-17: Building] INFO  o.a.m.s.f.DefaultMavenResourcesFiltering - Copying 1 resource from src\main\resources to target\classes
2026-04-06 22:27:11,733 [Worker-17: Building] INFO  o.a.m.s.f.DefaultMavenResourcesFiltering - Copying 0 resource from src\main\resources to target\classes
2026-04-06 22:27:11,737 [Worker-17: Building] INFO  o.a.m.s.f.DefaultMavenResourcesFiltering - skip non existing resourceDirectory C:\Users\Rishabh patil\Desktop\Microservices\EMPLOYEE\src\test\resources
2026-04-06 22:27:28,168 [Worker-17: Building] INFO  o.a.m.s.f.DefaultMavenResourcesFiltering - Copying 1 resource from src\main\resources to target\classes
2026-04-06 22:27:28,200 [Worker-17: Building] INFO  o.a.m.s.f.DefaultMavenResourcesFiltering - Copying 0 resource from src\main\resources to target\classes
2026-04-06 22:27:28,207 [Worker-17: Building] INFO  o.a.m.s.f.DefaultMavenResourcesFiltering - skip non existing resourceDirectory C:\Users\Rishabh patil\Desktop\Microservices\EMPLOYEE\src\test\resources
2026-04-06 22:27:53,563 [Worker-22: Building] INFO  o.a.m.s.f.DefaultMavenResourcesFiltering - Copying 0 resource from src\main\resources to target\classes
2026-04-06 22:27:53,564 [Worker-22: Building] INFO  o.a.m.s.f.DefaultMavenResourcesFiltering - Copying 0 resource from src\main\resources to target\classes
2026-04-06 22:27:53,570 [Worker-22: Building] INFO  o.a.m.s.f.DefaultMavenResourcesFiltering - skip non existing resourceDirectory C:\Users\Rishabh patil\Desktop\Microservices\EMPLOYEE\src\test\resources
2026-04-06 22:28:07,883 [Worker-22: Building] INFO  o.a.m.s.f.DefaultMavenResourcesFiltering - Copying 1 resource from src\main\resources to target\classes
2026-04-06 22:28:07,896 [Worker-22: Building] INFO  o.a.m.s.f.DefaultMavenResourcesFiltering - Copying 0 resource from src\main\resources to target\classes
2026-04-06 22:28:07,901 [Worker-22: Building] INFO  o.a.m.s.f.DefaultMavenResourcesFiltering - skip non existing resourceDirectory C:\Users\Rishabh patil\Desktop\Microservices\EMPLOYEE\src\test\resources
2026-04-06 22:28:12,257 [Worker-21: Building] INFO  o.a.m.s.f.DefaultMavenResourcesFiltering - Copying 1 resource from src\main\resources to target\classes
2026-04-06 22:28:12,271 [Worker-21: Building] INFO  o.a.m.s.f.DefaultMavenResourcesFiltering - Copying 0 resource from src\main\resources to target\classes
2026-04-06 22:28:12,275 [Worker-21: Building] INFO  o.a.m.s.f.DefaultMavenResourcesFiltering - skip non existing resourceDirectory C:\Users\Rishabh patil\Desktop\Microservices\EMPLOYEE\src\test\resources
2026-04-06 22:28:18,475 [Worker-20: Building] INFO  o.a.m.s.f.DefaultMavenResourcesFiltering - Copying 1 resource from src\main\resources to target\classes
2026-04-06 22:28:18,490 [Worker-20: Building] INFO  o.a.m.s.f.DefaultMavenResourcesFiltering - Copying 0 resource from src\main\resources to target\classes
2026-04-06 22:28:18,496 [Worker-20: Building] INFO  o.a.m.s.f.DefaultMavenResourcesFiltering - skip non existing resourceDirectory C:\Users\Rishabh patil\Desktop\Microservices\EMPLOYEE\src\test\resources
2026-04-06 22:28:25,159 [Worker-22: Building] INFO  o.a.m.s.f.DefaultMavenResourcesFiltering - Copying 1 resource from src\main\resources to target\classes
2026-04-06 22:28:25,172 [Worker-22: Building] INFO  o.a.m.s.f.DefaultMavenResourcesFiltering - Copying 0 resource from src\main\resources to target\classes
2026-04-06 22:28:25,176 [Worker-22: Building] INFO  o.a.m.s.f.DefaultMavenResourcesFiltering - skip non existing resourceDirectory C:\Users\Rishabh patil\Desktop\Microservices\EMPLOYEE\src\test\resources
2026-04-06 22:30:12,922 [Worker-13: Building] INFO  o.a.m.s.f.DefaultMavenResourcesFiltering - Copying 1 resource from src\main\resources to target\classes
2026-04-06 22:30:12,958 [Worker-13: Building] INFO  o.a.m.s.f.DefaultMavenResourcesFiltering - Copying 0 resource from src\main\resources to target\classes
2026-04-06 22:30:12,965 [Worker-13: Building] INFO  o.a.m.s.f.DefaultMavenResourcesFiltering - skip non existing resourceDirectory C:\Users\Rishabh patil\Desktop\Microservices\EMPLOYEE\src\test\resources
2026-04-06 22:30:20,833 [Worker-19: Building] INFO  o.a.m.s.f.DefaultMavenResourcesFiltering - Copying 1 resource from src\main\resources to target\classes
2026-04-06 22:30:20,848 [Worker-19: Building] INFO  o.a.m.s.f.DefaultMavenResourcesFiltering - Copying 0 resource from src\main\resources to target\classes
2026-04-06 22:30:20,852 [Worker-19: Building] INFO  o.a.m.s.f.DefaultMavenResourcesFiltering - skip non existing resourceDirectory C:\Users\Rishabh patil\Desktop\Microservices\EMPLOYEE\src\test\resources
2026-04-06 22:30:29,862 [Worker-13: Building] INFO  o.a.m.s.f.DefaultMavenResourcesFiltering - Copying 1 resource from src\main\resources to target\classes
2026-04-06 22:30:29,875 [Worker-13: Building] INFO  o.a.m.s.f.DefaultMavenResourcesFiltering - Copying 0 resource from src\main\resources to target\classes
2026-04-06 22:30:29,879 [Worker-13: Building] INFO  o.a.m.s.f.DefaultMavenResourcesFiltering - skip non existing resourceDirectory C:\Users\Rishabh patil\Desktop\Microservices\EMPLOYEE\src\test\resources
2026-04-06 22:30:43,457 [Worker-21: Building] INFO  o.a.m.s.f.DefaultMavenResourcesFiltering - Copying 1 resource from src\main\resources to target\classes
2026-04-06 22:30:43,475 [Worker-21: Building] INFO  o.a.m.s.f.DefaultMavenResourcesFiltering - Copying 0 resource from src\main\resources to target\classes
2026-04-06 22:30:43,480 [Worker-21: Building] INFO  o.a.m.s.f.DefaultMavenResourcesFiltering - skip non existing resourceDirectory C:\Users\Rishabh patil\Desktop\Microservices\EMPLOYEE\src\test\resources
2026-04-06 22:30:50,547 [Worker-11: Building] INFO  o.a.m.s.f.DefaultMavenResourcesFiltering - Copying 1 resource from src\main\resources to target\classes
2026-04-06 22:30:50,561 [Worker-11: Building] INFO  o.a.m.s.f.DefaultMavenResourcesFiltering - Copying 0 resource from src\main\resources to target\classes
2026-04-06 22:30:50,565 [Worker-11: Building] INFO  o.a.m.s.f.DefaultMavenResourcesFiltering - skip non existing resourceDirectory C:\Users\Rishabh patil\Desktop\Microservices\EMPLOYEE\src\test\resources
2026-04-06 22:30:55,181 [Worker-13: Building] INFO  o.a.m.s.f.DefaultMavenResourcesFiltering - Copying 1 resource from src\main\resources to target\classes
2026-04-06 22:30:55,196 [Worker-13: Building] INFO  o.a.m.s.f.DefaultMavenResourcesFiltering - Copying 0 resource from src\main\resources to target\classes
2026-04-06 22:30:55,200 [Worker-13: Building] INFO  o.a.m.s.f.DefaultMavenResourcesFiltering - skip non existing resourceDirectory C:\Users\Rishabh patil\Desktop\Microservices\EMPLOYEE\src\test\resources
2026-04-06 22:31:05,737 [Worker-17: Building] INFO  o.a.m.s.f.DefaultMavenResourcesFiltering - Copying 1 resource from src\main\resources to target\classes
2026-04-06 22:31:05,751 [Worker-17: Building] INFO  o.a.m.s.f.DefaultMavenResourcesFiltering - Copying 0 resource from src\main\resources to target\classes
2026-04-06 22:31:05,755 [Worker-17: Building] INFO  o.a.m.s.f.DefaultMavenResourcesFiltering - skip non existing resourceDirectory C:\Users\Rishabh patil\Desktop\Microservices\EMPLOYEE\src\test\resources
2026-04-06 23:35:25,797 [Worker-18: Building] INFO  o.a.m.s.f.DefaultMavenResourcesFiltering - Copying 1 resource from src\main\resources to target\classes
2026-04-06 23:35:25,832 [Worker-18: Building] INFO  o.a.m.s.f.DefaultMavenResourcesFiltering - Copying 0 resource from src\main\resources to target\classes
2026-04-06 23:35:25,836 [Worker-18: Building] INFO  o.a.m.s.f.DefaultMavenResourcesFiltering - skip non existing resourceDirectory C:\Users\Rishabh patil\Desktop\Microservices\EMPLOYEE\src\test\resources
2026-04-06 23:35:34,790 [Worker-18: Building] INFO  o.a.m.s.f.DefaultMavenResourcesFiltering - Copying 1 resource from src\main\resources to target\classes
2026-04-06 23:35:34,813 [Worker-18: Building] INFO  o.a.m.s.f.DefaultMavenResourcesFiltering - Copying 0 resource from src\main\resources to target\classes
2026-04-06 23:35:34,826 [Worker-18: Building] INFO  o.a.m.s.f.DefaultMavenResourcesFiltering - skip non existing resourceDirectory C:\Users\Rishabh patil\Desktop\Microservices\EMPLOYEE\src\test\resources
2026-04-06 23:35:48,747 [Worker-18: Building] INFO  o.a.m.s.f.DefaultMavenResourcesFiltering - Copying 1 resource from src\main\resources to target\classes
2026-04-06 23:35:48,762 [Worker-18: Building] INFO  o.a.m.s.f.DefaultMavenResourcesFiltering - Copying 0 resource from src\main\resources to target\classes
2026-04-06 23:35:48,766 [Worker-18: Building] INFO  o.a.m.s.f.DefaultMavenResourcesFiltering - skip non existing resourceDirectory C:\Users\Rishabh patil\Desktop\Microservices\EMPLOYEE\src\test\resources
2026-04-06 23:37:35,392 [Worker-19: Building] INFO  o.a.m.s.f.DefaultMavenResourcesFiltering - Copying 1 resource from src\main\resources to target\classes
2026-04-06 23:37:35,406 [Worker-19: Building] INFO  o.a.m.s.f.DefaultMavenResourcesFiltering - Copying 0 resource from src\main\resources to target\classes
2026-04-06 23:37:35,410 [Worker-19: Building] INFO  o.a.m.s.f.DefaultMavenResourcesFiltering - skip non existing resourceDirectory C:\Users\Rishabh patil\Desktop\Microservices\EMPLOYEE\src\test\resources
2026-04-06 23:37:42,418 [Worker-18: Building] INFO  o.a.m.s.f.DefaultMavenResourcesFiltering - Copying 1 resource from src\main\resources to target\classes
2026-04-06 23:37:42,433 [Worker-18: Building] INFO  o.a.m.s.f.DefaultMavenResourcesFiltering - Copying 0 resource from src\main\resources to target\classes
2026-04-06 23:37:42,437 [Worker-18: Building] INFO  o.a.m.s.f.DefaultMavenResourcesFiltering - skip non existing resourceDirectory C:\Users\Rishabh patil\Desktop\Microservices\EMPLOYEE\src\test\resources
2026-04-06 23:38:57,619 [Worker-24: Building] INFO  o.a.m.s.f.DefaultMavenResourcesFiltering - Copying 1 resource from src\main\resources to target\classes
2026-04-06 23:38:57,657 [Worker-24: Building] INFO  o.a.m.s.f.DefaultMavenResourcesFiltering - Copying 0 resource from src\main\resources to target\classes
2026-04-06 23:38:57,661 [Worker-24: Building] INFO  o.a.m.s.f.DefaultMavenResourcesFiltering - skip non existing resourceDirectory C:\Users\Rishabh patil\Desktop\Microservices\EMPLOYEE\src\test\resources
2026-04-06 23:39:21,697 [Worker-23: Building] INFO  o.a.m.s.f.DefaultMavenResourcesFiltering - Copying 1 resource from src\main\resources to target\classes
2026-04-06 23:39:21,711 [Worker-23: Building] INFO  o.a.m.s.f.DefaultMavenResourcesFiltering - Copying 0 resource from src\main\resources to target\classes
2026-04-06 23:39:21,715 [Worker-23: Building] INFO  o.a.m.s.f.DefaultMavenResourcesFiltering - skip non existing resourceDirectory C:\Users\Rishabh patil\Desktop\Microservices\EMPLOYEE\src\test\resources
2026-04-06 23:40:28,648 [Worker-25: Building] INFO  o.a.m.s.f.DefaultMavenResourcesFiltering - Copying 1 resource from src\main\resources to target\classes
2026-04-06 23:40:28,662 [Worker-25: Building] INFO  o.a.m.s.f.DefaultMavenResourcesFiltering - Copying 0 resource from src\main\resources to target\classes
2026-04-06 23:40:28,691 [Worker-25: Building] INFO  o.a.m.s.f.DefaultMavenResourcesFiltering - skip non existing resourceDirectory C:\Users\Rishabh patil\Desktop\Microservices\EMPLOYEE\src\test\resources
2026-04-06 23:40:35,133 [Worker-24: Building] INFO  o.a.m.s.f.DefaultMavenResourcesFiltering - Copying 1 resource from src\main\resources to target\classes
2026-04-06 23:40:35,150 [Worker-24: Building] INFO  o.a.m.s.f.DefaultMavenResourcesFiltering - Copying 0 resource from src\main\resources to target\classes
2026-04-06 23:40:35,155 [Worker-24: Building] INFO  o.a.m.s.f.DefaultMavenResourcesFiltering - skip non existing resourceDirectory C:\Users\Rishabh patil\Desktop\Microservices\EMPLOYEE\src\test\resources
2026-04-06 23:42:48,917 [Worker-18: Building] INFO  o.a.m.s.f.DefaultMavenResourcesFiltering - Copying 1 resource from src\main\resources to target\classes
2026-04-06 23:42:48,932 [Worker-18: Building] INFO  o.a.m.s.f.DefaultMavenResourcesFiltering - Copying 0 resource from src\main\resources to target\classes
2026-04-06 23:42:48,955 [Worker-18: Building] INFO  o.a.m.s.f.DefaultMavenResourcesFiltering - skip non existing resourceDirectory C:\Users\Rishabh patil\Desktop\Microservices\EMPLOYEE\src\test\resources
2026-04-06 23:43:45,088 [Worker-18: Building] INFO  o.a.m.s.f.DefaultMavenResourcesFiltering - Copying 1 resource from src\main\resources to target\classes
2026-04-06 23:43:45,102 [Worker-18: Building] INFO  o.a.m.s.f.DefaultMavenResourcesFiltering - Copying 0 resource from src\main\resources to target\classes
2026-04-06 23:43:45,106 [Worker-18: Building] INFO  o.a.m.s.f.DefaultMavenResourcesFiltering - skip non existing resourceDirectory C:\Users\Rishabh patil\Desktop\Microservices\EMPLOYEE\src\test\resources
2026-04-06 23:45:15,009 [Worker-19: Building] INFO  o.a.m.s.f.DefaultMavenResourcesFiltering - Copying 1 resource from src\main\resources to target\classes
2026-04-06 23:45:15,031 [Worker-19: Building] INFO  o.a.m.s.f.DefaultMavenResourcesFiltering - Copying 0 resource from src\main\resources to target\classes
2026-04-06 23:45:15,037 [Worker-19: Building] INFO  o.a.m.s.f.DefaultMavenResourcesFiltering - skip non existing resourceDirectory C:\Users\Rishabh patil\Desktop\Microservices\EMPLOYEE\src\test\resources
2026-04-06 23:46:47,187 [Worker-23: Building] INFO  o.a.m.s.f.DefaultMavenResourcesFiltering - Copying 1 resource from src\main\resources to target\classes
2026-04-06 23:46:47,202 [Worker-23: Building] INFO  o.a.m.s.f.DefaultMavenResourcesFiltering - Copying 0 resource from src\main\resources to target\classes
2026-04-06 23:46:47,206 [Worker-23: Building] INFO  o.a.m.s.f.DefaultMavenResourcesFiltering - skip non existing resourceDirectory C:\Users\Rishabh patil\Desktop\Microservices\EMPLOYEE\src\test\resources
2026-04-06 23:47:13,954 [Worker-19: Building] INFO  o.a.m.s.f.DefaultMavenResourcesFiltering - Copying 1 resource from src\main\resources to target\classes
2026-04-06 23:47:13,967 [Worker-19: Building] INFO  o.a.m.s.f.DefaultMavenResourcesFiltering - Copying 0 resource from src\main\resources to target\classes
2026-04-06 23:47:13,971 [Worker-19: Building] INFO  o.a.m.s.f.DefaultMavenResourcesFiltering - skip non existing resourceDirectory C:\Users\Rishabh patil\Desktop\Microservices\EMPLOYEE\src\test\resources
2026-04-06 23:51:58,258 [Worker-27: Building] INFO  o.a.m.s.f.DefaultMavenResourcesFiltering - Copying 1 resource from src\main\resources to target\classes
2026-04-06 23:51:58,301 [Worker-27: Building] INFO  o.a.m.s.f.DefaultMavenResourcesFiltering - Copying 0 resource from src\main\resources to target\classes
2026-04-06 23:51:58,305 [Worker-27: Building] INFO  o.a.m.s.f.DefaultMavenResourcesFiltering - skip non existing resourceDirectory C:\Users\Rishabh patil\Desktop\Microservices\EMPLOYEE\src\test\resources
2026-04-06 23:53:21,004 [Worker-28: Building] INFO  o.a.m.s.f.DefaultMavenResourcesFiltering - Copying 1 resource from src\main\resources to target\classes
2026-04-06 23:53:21,043 [Worker-28: Building] INFO  o.a.m.s.f.DefaultMavenResourcesFiltering - Copying 0 resource from src\main\resources to target\classes
2026-04-06 23:53:21,054 [Worker-28: Building] INFO  o.a.m.s.f.DefaultMavenResourcesFiltering - skip non existing resourceDirectory C:\Users\Rishabh patil\Desktop\Microservices\EMPLOYEE\src\test\resources
2026-04-06 23:53:39,527 [Worker-28: Building] INFO  o.a.m.s.f.DefaultMavenResourcesFiltering - Copying 1 resource from src\main\resources to target\classes
2026-04-06 23:53:39,560 [Worker-28: Building] INFO  o.a.m.s.f.DefaultMavenResourcesFiltering - Copying 0 resource from src\main\resources to target\classes
2026-04-06 23:53:39,564 [Worker-28: Building] INFO  o.a.m.s.f.DefaultMavenResourcesFiltering - skip non existing resourceDirectory C:\Users\Rishabh patil\Desktop\Microservices\EMPLOYEE\src\test\resources
2026-04-06 23:54:23,313 [Worker-29: Building] INFO  o.a.m.s.f.DefaultMavenResourcesFiltering - Copying 1 resource from src\main\resources to target\classes
2026-04-06 23:54:23,328 [Worker-29: Building] INFO  o.a.m.s.f.DefaultMavenResourcesFiltering - Copying 0 resource from src\main\resources to target\classes
2026-04-06 23:54:23,331 [Worker-29: Building] INFO  o.a.m.s.f.DefaultMavenResourcesFiltering - skip non existing resourceDirectory C:\Users\Rishabh patil\Desktop\Microservices\EMPLOYEE\src\test\resources
2026-04-06 23:54:55,879 [Worker-30: Building] INFO  o.a.m.s.f.DefaultMavenResourcesFiltering - Copying 1 resource from src\main\resources to target\classes
2026-04-06 23:54:55,892 [Worker-30: Building] INFO  o.a.m.s.f.DefaultMavenResourcesFiltering - Copying 0 resource from src\main\resources to target\classes
2026-04-06 23:54:55,895 [Worker-30: Building] INFO  o.a.m.s.f.DefaultMavenResourcesFiltering - skip non existing resourceDirectory C:\Users\Rishabh patil\Desktop\Microservices\EMPLOYEE\src\test\resources
2026-04-06 23:56:04,434 [Worker-29: Building] INFO  o.a.m.s.f.DefaultMavenResourcesFiltering - Copying 1 resource from src\main\resources to target\classes
2026-04-06 23:56:04,450 [Worker-29: Building] INFO  o.a.m.s.f.DefaultMavenResourcesFiltering - Copying 0 resource from src\main\resources to target\classes
2026-04-06 23:56:04,482 [Worker-29: Building] INFO  o.a.m.s.f.DefaultMavenResourcesFiltering - skip non existing resourceDirectory C:\Users\Rishabh patil\Desktop\Microservices\EMPLOYEE\src\test\resources
2026-04-06 23:59:23,496 [Worker-30: Building] INFO  o.a.m.s.f.DefaultMavenResourcesFiltering - Copying 1 resource from src\main\resources to target\classes
2026-04-06 23:59:23,510 [Worker-30: Building] INFO  o.a.m.s.f.DefaultMavenResourcesFiltering - Copying 0 resource from src\main\resources to target\classes
2026-04-06 23:59:23,515 [Worker-30: Building] INFO  o.a.m.s.f.DefaultMavenResourcesFiltering - skip non existing resourceDirectory C:\Users\Rishabh patil\Desktop\Microservices\EMPLOYEE\src\test\resources
2026-04-07 00:03:22,079 [Worker-30: Building] INFO  o.a.m.s.f.DefaultMavenResourcesFiltering - Copying 1 resource from src\main\resources to target\classes
2026-04-07 00:03:22,093 [Worker-30: Building] INFO  o.a.m.s.f.DefaultMavenResourcesFiltering - Copying 0 resource from src\main\resources to target\classes
2026-04-07 00:03:22,119 [Worker-30: Building] INFO  o.a.m.s.f.DefaultMavenResourcesFiltering - skip non existing resourceDirectory C:\Users\Rishabh patil\Desktop\Microservices\EMPLOYEE\src\test\resources
2026-04-07 00:03:33,550 [Worker-30: Building] INFO  o.a.m.s.f.DefaultMavenResourcesFiltering - Copying 1 resource from src\main\resources to target\classes
2026-04-07 00:03:33,563 [Worker-30: Building] INFO  o.a.m.s.f.DefaultMavenResourcesFiltering - Copying 0 resource from src\main\resources to target\classes
2026-04-07 00:03:33,567 [Worker-30: Building] INFO  o.a.m.s.f.DefaultMavenResourcesFiltering - skip non existing resourceDirectory C:\Users\Rishabh patil\Desktop\Microservices\EMPLOYEE\src\test\resources
2026-04-07 00:05:18,236 [Worker-32: Building] INFO  o.a.m.s.f.DefaultMavenResourcesFiltering - Copying 1 resource from src\main\resources to target\classes
2026-04-07 00:05:18,249 [Worker-32: Building] INFO  o.a.m.s.f.DefaultMavenResourcesFiltering - Copying 0 resource from src\main\resources to target\classes
2026-04-07 00:05:18,253 [Worker-32: Building] INFO  o.a.m.s.f.DefaultMavenResourcesFiltering - skip non existing resourceDirectory C:\Users\Rishabh patil\Desktop\Microservices\EMPLOYEE\src\test\resources
2026-04-07 00:08:00,785 [Worker-33: Building] INFO  o.a.m.s.f.DefaultMavenResourcesFiltering - Copying 1 resource from src\main\resources to target\classes
2026-04-07 00:08:00,806 [Worker-33: Building] INFO  o.a.m.s.f.DefaultMavenResourcesFiltering - Copying 0 resource from src\main\resources to target\classes
2026-04-07 00:08:00,810 [Worker-33: Building] INFO  o.a.m.s.f.DefaultMavenResourcesFiltering - skip non existing resourceDirectory C:\Users\Rishabh patil\Desktop\Microservices\EMPLOYEE\src\test\resources
2026-04-07 00:08:15,030 [Worker-32: Building] INFO  o.a.m.s.f.DefaultMavenResourcesFiltering - Copying 1 resource from src\main\resources to target\classes
2026-04-07 00:08:15,043 [Worker-32: Building] INFO  o.a.m.s.f.DefaultMavenResourcesFiltering - Copying 0 resource from src\main\resources to target\classes
2026-04-07 00:08:15,048 [Worker-32: Building] INFO  o.a.m.s.f.DefaultMavenResourcesFiltering - skip non existing resourceDirectory C:\Users\Rishabh patil\Desktop\Microservices\EMPLOYEE\src\test\resources
2026-04-07 21:08:25,381 [Worker-1: Loading available Gradle versions] INFO  o.e.b.c.i.u.g.PublishedGradleVersions - Gradle version information cache is up-to-date. Trying to read.
2026-04-07 21:09:18,532 [Worker-6: Building] INFO  o.a.m.s.f.DefaultMavenResourcesFiltering - Copying 1 resource from src\main\resources to target\classes
2026-04-07 21:09:18,614 [Worker-6: Building] INFO  o.a.m.s.f.DefaultMavenResourcesFiltering - Copying 0 resource from src\main\resources to target\classes
2026-04-07 21:09:18,626 [Worker-6: Building] INFO  o.a.m.s.f.DefaultMavenResourcesFiltering - skip non existing resourceDirectory C:\Users\Rishabh patil\Desktop\Microservices\EMPLOYEE\src\test\resources
2026-04-07 21:09:20,397 [Worker-7: Building] INFO  o.a.m.s.f.DefaultMavenResourcesFiltering - Copying 1 resource from src\main\resources to target\classes
2026-04-07 21:09:20,412 [Worker-7: Building] INFO  o.a.m.s.f.DefaultMavenResourcesFiltering - Copying 0 resource from src\main\resources to target\classes
2026-04-07 21:09:20,419 [Worker-7: Building] INFO  o.a.m.s.f.DefaultMavenResourcesFiltering - skip non existing resourceDirectory C:\Users\Rishabh patil\Desktop\Microservices\EMPLOYEE\src\test\resources
2026-04-07 21:40:57,813 [Worker-9: Building] INFO  o.a.m.s.f.DefaultMavenResourcesFiltering - Copying 1 resource from src\main\resources to target\classes
2026-04-07 21:40:57,848 [Worker-9: Building] INFO  o.a.m.s.f.DefaultMavenResourcesFiltering - Copying 0 resource from src\main\resources to target\classes
2026-04-07 21:40:57,852 [Worker-9: Building] INFO  o.a.m.s.f.DefaultMavenResourcesFiltering - skip non existing resourceDirectory C:\Users\Rishabh patil\Desktop\Microservices\EMPLOYEE\src\test\resources
2026-04-07 22:18:13,635 [Worker-9: Building] INFO  o.a.m.s.f.DefaultMavenResourcesFiltering - Copying 1 resource from src\main\resources to target\classes
2026-04-07 22:18:13,650 [Worker-9: Building] INFO  o.a.m.s.f.DefaultMavenResourcesFiltering - Copying 0 resource from src\main\resources to target\classes
2026-04-07 22:18:13,654 [Worker-9: Building] INFO  o.a.m.s.f.DefaultMavenResourcesFiltering - skip non existing resourceDirectory C:\Users\Rishabh patil\Desktop\Microservices\EMPLOYEE\src\test\resources
2026-04-07 22:18:32,012 [Worker-6: Building] INFO  o.a.m.s.f.DefaultMavenResourcesFiltering - Copying 1 resource from src\main\resources to target\classes
2026-04-07 22:18:32,027 [Worker-6: Building] INFO  o.a.m.s.f.DefaultMavenResourcesFiltering - Copying 0 resource from src\main\resources to target\classes
2026-04-07 22:18:32,039 [Worker-6: Building] INFO  o.a.m.s.f.DefaultMavenResourcesFiltering - skip non existing resourceDirectory C:\Users\Rishabh patil\Desktop\Microservices\EMPLOYEE\src\test\resources
2026-04-07 22:18:54,446 [Worker-4: Building] INFO  o.a.m.s.f.DefaultMavenResourcesFiltering - Copying 1 resource from src\main\resources to target\classes
2026-04-07 22:18:54,473 [Worker-4: Building] INFO  o.a.m.s.f.DefaultMavenResourcesFiltering - Copying 0 resource from src\main\resources to target\classes
2026-04-07 22:18:54,479 [Worker-4: Building] INFO  o.a.m.s.f.DefaultMavenResourcesFiltering - skip non existing resourceDirectory C:\Users\Rishabh patil\Desktop\Microservices\EMPLOYEE\src\test\resources
2026-04-07 22:20:13,584 [Worker-8: Building] INFO  o.a.m.s.f.DefaultMavenResourcesFiltering - Copying 1 resource from src\main\resources to target\classes
2026-04-07 22:20:13,599 [Worker-8: Building] INFO  o.a.m.s.f.DefaultMavenResourcesFiltering - Copying 0 resource from src\main\resources to target\classes
2026-04-07 22:20:13,626 [Worker-8: Building] INFO  o.a.m.s.f.DefaultMavenResourcesFiltering - skip non existing resourceDirectory C:\Users\Rishabh patil\Desktop\Microservices\EMPLOYEE\src\test\resources
2026-04-07 22:22:05,685 [Worker-4: Building] INFO  o.a.m.s.f.DefaultMavenResourcesFiltering - Copying 1 resource from src\main\resources to target\classes
2026-04-07 22:22:05,702 [Worker-4: Building] INFO  o.a.m.s.f.DefaultMavenResourcesFiltering - Copying 0 resource from src\main\resources to target\classes
2026-04-07 22:22:05,710 [Worker-4: Building] INFO  o.a.m.s.f.DefaultMavenResourcesFiltering - skip non existing resourceDirectory C:\Users\Rishabh patil\Desktop\Microservices\EMPLOYEE\src\test\resources
2026-04-07 22:22:43,471 [Worker-13: Building] INFO  o.a.m.s.f.DefaultMavenResourcesFiltering - Copying 1 resource from src\main\resources to target\classes
2026-04-07 22:22:43,510 [Worker-13: Building] INFO  o.a.m.s.f.DefaultMavenResourcesFiltering - Copying 0 resource from src\main\resources to target\classes
2026-04-07 22:22:43,517 [Worker-13: Building] INFO  o.a.m.s.f.DefaultMavenResourcesFiltering - skip non existing resourceDirectory C:\Users\Rishabh patil\Desktop\Microservices\EMPLOYEE\src\test\resources
2026-04-07 22:24:06,545 [Worker-13: Building] INFO  o.a.m.s.f.DefaultMavenResourcesFiltering - Copying 1 resource from src\main\resources to target\classes
2026-04-07 22:24:06,558 [Worker-13: Building] INFO  o.a.m.s.f.DefaultMavenResourcesFiltering - Copying 0 resource from src\main\resources to target\classes
2026-04-07 22:24:06,563 [Worker-13: Building] INFO  o.a.m.s.f.DefaultMavenResourcesFiltering - skip non existing resourceDirectory C:\Users\Rishabh patil\Desktop\Microservices\EMPLOYEE\src\test\resources
2026-04-07 22:25:42,190 [Worker-13: Building] INFO  o.a.m.s.f.DefaultMavenResourcesFiltering - Copying 1 resource from src\main\resources to target\classes
2026-04-07 22:25:42,208 [Worker-13: Building] INFO  o.a.m.s.f.DefaultMavenResourcesFiltering - Copying 0 resource from src\main\resources to target\classes
2026-04-07 22:25:42,221 [Worker-13: Building] INFO  o.a.m.s.f.DefaultMavenResourcesFiltering - skip non existing resourceDirectory C:\Users\Rishabh patil\Desktop\Microservices\EMPLOYEE\src\test\resources
2026-04-07 22:26:03,048 [Worker-13: Building] INFO  o.a.m.s.f.DefaultMavenResourcesFiltering - Copying 1 resource from src\main\resources to target\classes
2026-04-07 22:26:03,063 [Worker-13: Building] INFO  o.a.m.s.f.DefaultMavenResourcesFiltering - Copying 0 resource from src\main\resources to target\classes
2026-04-07 22:26:03,076 [Worker-13: Building] INFO  o.a.m.s.f.DefaultMavenResourcesFiltering - skip non existing resourceDirectory C:\Users\Rishabh patil\Desktop\Microservices\EMPLOYEE\src\test\resources
2026-04-07 22:26:07,500 [Worker-13: Building] INFO  o.a.m.s.f.DefaultMavenResourcesFiltering - Copying 1 resource from src\main\resources to target\classes
2026-04-07 22:26:07,513 [Worker-13: Building] INFO  o.a.m.s.f.DefaultMavenResourcesFiltering - Copying 0 resource from src\main\resources to target\classes
2026-04-07 22:26:07,518 [Worker-13: Building] INFO  o.a.m.s.f.DefaultMavenResourcesFiltering - skip non existing resourceDirectory C:\Users\Rishabh patil\Desktop\Microservices\EMPLOYEE\src\test\resources
2026-04-07 22:27:05,422 [Worker-4: Building] INFO  o.a.m.s.f.DefaultMavenResourcesFiltering - Copying 1 resource from src\main\resources to target\classes
2026-04-07 22:27:05,444 [Worker-4: Building] INFO  o.a.m.s.f.DefaultMavenResourcesFiltering - Copying 0 resource from src\main\resources to target\classes
2026-04-07 22:27:05,472 [Worker-4: Building] INFO  o.a.m.s.f.DefaultMavenResourcesFiltering - skip non existing resourceDirectory C:\Users\Rishabh patil\Desktop\Microservices\EMPLOYEE\src\test\resources
2026-04-07 22:34:06,985 [Worker-22: Building] INFO  o.a.m.s.f.DefaultMavenResourcesFiltering - Copying 1 resource from src\main\resources to target\classes
2026-04-07 22:34:07,004 [Worker-22: Building] INFO  o.a.m.s.f.DefaultMavenResourcesFiltering - Copying 0 resource from src\main\resources to target\classes
2026-04-07 22:34:07,009 [Worker-22: Building] INFO  o.a.m.s.f.DefaultMavenResourcesFiltering - skip non existing resourceDirectory C:\Users\Rishabh patil\Desktop\Microservices\EMPLOYEE\src\test\resources
2026-04-07 22:35:58,357 [Worker-23: Building] INFO  o.a.m.s.f.DefaultMavenResourcesFiltering - Copying 1 resource from src\main\resources to target\classes
2026-04-07 22:35:58,413 [Worker-23: Building] INFO  o.a.m.s.f.DefaultMavenResourcesFiltering - Copying 0 resource from src\main\resources to target\classes
2026-04-07 22:35:58,421 [Worker-23: Building] INFO  o.a.m.s.f.DefaultMavenResourcesFiltering - skip non existing resourceDirectory C:\Users\Rishabh patil\Desktop\Microservices\EMPLOYEE\src\test\resources
2026-04-07 22:38:05,562 [Worker-26: Building] INFO  o.a.m.s.f.DefaultMavenResourcesFiltering - Copying 1 resource from src\main\resources to target\classes
2026-04-07 22:38:05,579 [Worker-26: Building] INFO  o.a.m.s.f.DefaultMavenResourcesFiltering - Copying 0 resource from src\main\resources to target\classes
2026-04-07 22:38:05,584 [Worker-26: Building] INFO  o.a.m.s.f.DefaultMavenResourcesFiltering - skip non existing resourceDirectory C:\Users\Rishabh patil\Desktop\Microservices\EMPLOYEE\src\test\resources
2026-04-07 22:45:47,179 [Worker-31: Building] INFO  o.a.m.s.f.DefaultMavenResourcesFiltering - Copying 1 resource from src\main\resources to target\classes
2026-04-07 22:45:47,203 [Worker-31: Building] INFO  o.a.m.s.f.DefaultMavenResourcesFiltering - Copying 0 resource from src\main\resources to target\classes
2026-04-07 22:45:47,214 [Worker-31: Building] INFO  o.a.m.s.f.DefaultMavenResourcesFiltering - skip non existing resourceDirectory C:\Users\Rishabh patil\Desktop\Microservices\EMPLOYEE\src\test\resources
2026-04-07 22:46:30,489 [Worker-29: Building] INFO  o.a.m.s.f.DefaultMavenResourcesFiltering - Copying 1 resource from src\main\resources to target\classes
2026-04-07 22:46:30,511 [Worker-29: Building] INFO  o.a.m.s.f.DefaultMavenResourcesFiltering - Copying 0 resource from src\main\resources to target\classes
2026-04-07 22:46:30,519 [Worker-29: Building] INFO  o.a.m.s.f.DefaultMavenResourcesFiltering - skip non existing resourceDirectory C:\Users\Rishabh patil\Desktop\Microservices\EMPLOYEE\src\test\resources
2026-04-07 22:50:37,391 [Worker-33: Building] INFO  o.a.m.s.f.DefaultMavenResourcesFiltering - Copying 1 resource from src\main\resources to target\classes
2026-04-07 22:50:37,423 [Worker-33: Building] INFO  o.a.m.s.f.DefaultMavenResourcesFiltering - Copying 0 resource from src\main\resources to target\classes
2026-04-07 22:50:37,428 [Worker-33: Building] INFO  o.a.m.s.f.DefaultMavenResourcesFiltering - skip non existing resourceDirectory C:\Users\Rishabh patil\Desktop\Microservices\EMPLOYEE\src\test\resources
2026-04-07 22:53:07,991 [Worker-36: Building] INFO  o.a.m.s.f.DefaultMavenResourcesFiltering - Copying 1 resource from src\main\resources to target\classes
2026-04-07 22:53:08,011 [Worker-36: Building] INFO  o.a.m.s.f.DefaultMavenResourcesFiltering - Copying 0 resource from src\main\resources to target\classes
2026-04-07 22:53:08,016 [Worker-36: Building] INFO  o.a.m.s.f.DefaultMavenResourcesFiltering - skip non existing resourceDirectory C:\Users\Rishabh patil\Desktop\Microservices\EMPLOYEE\src\test\resources
2026-04-07 22:57:12,651 [Worker-34: Building] INFO  o.a.m.s.f.DefaultMavenResourcesFiltering - Copying 1 resource from src\main\resources to target\classes
2026-04-07 22:57:12,689 [Worker-34: Building] INFO  o.a.m.s.f.DefaultMavenResourcesFiltering - Copying 0 resource from src\main\resources to target\classes
2026-04-07 22:57:12,695 [Worker-34: Building] INFO  o.a.m.s.f.DefaultMavenResourcesFiltering - skip non existing resourceDirectory C:\Users\Rishabh patil\Desktop\Microservices\EMPLOYEE\src\test\resources
2026-04-07 23:01:19,312 [Worker-38: Building] INFO  o.a.m.s.f.DefaultMavenResourcesFiltering - Copying 1 resource from src\main\resources to target\classes
2026-04-07 23:01:19,336 [Worker-38: Building] INFO  o.a.m.s.f.DefaultMavenResourcesFiltering - Copying 0 resource from src\main\resources to target\classes
2026-04-07 23:01:19,342 [Worker-38: Building] INFO  o.a.m.s.f.DefaultMavenResourcesFiltering - skip non existing resourceDirectory C:\Users\Rishabh patil\Desktop\Microservices\EMPLOYEE\src\test\resources
2026-04-07 23:01:46,380 [Worker-34: Building] INFO  o.a.m.s.f.DefaultMavenResourcesFiltering - Copying 1 resource from src\main\resources to target\classes
2026-04-07 23:01:46,395 [Worker-34: Building] INFO  o.a.m.s.f.DefaultMavenResourcesFiltering - Copying 0 resource from src\main\resources to target\classes
2026-04-07 23:01:46,399 [Worker-34: Building] INFO  o.a.m.s.f.DefaultMavenResourcesFiltering - skip non existing resourceDirectory C:\Users\Rishabh patil\Desktop\Microservices\EMPLOYEE\src\test\resources
2026-04-07 23:01:52,773 [Worker-40: Building] INFO  o.a.m.s.f.DefaultMavenResourcesFiltering - Copying 1 resource from src\main\resources to target\classes
2026-04-07 23:01:52,791 [Worker-40: Building] INFO  o.a.m.s.f.DefaultMavenResourcesFiltering - Copying 0 resource from src\main\resources to target\classes
2026-04-07 23:01:52,795 [Worker-40: Building] INFO  o.a.m.s.f.DefaultMavenResourcesFiltering - skip non existing resourceDirectory C:\Users\Rishabh patil\Desktop\Microservices\EMPLOYEE\src\test\resources
2026-04-07 23:10:10,678 [Worker-43: Building] INFO  o.a.m.s.f.DefaultMavenResourcesFiltering - Copying 1 resource from src\main\resources to target\classes
2026-04-07 23:10:10,705 [Worker-43: Building] INFO  o.a.m.s.f.DefaultMavenResourcesFiltering - Copying 0 resource from src\main\resources to target\classes
2026-04-07 23:10:10,709 [Worker-43: Building] INFO  o.a.m.s.f.DefaultMavenResourcesFiltering - skip non existing resourceDirectory C:\Users\Rishabh patil\Desktop\Microservices\EMPLOYEE\src\test\resources
2026-04-07 23:12:38,699 [Worker-47: Building] INFO  o.a.m.s.f.DefaultMavenResourcesFiltering - Copying 1 resource from src\main\resources to target\classes
2026-04-07 23:12:38,733 [Worker-47: Building] INFO  o.a.m.s.f.DefaultMavenResourcesFiltering - Copying 0 resource from src\main\resources to target\classes
2026-04-07 23:12:38,737 [Worker-47: Building] INFO  o.a.m.s.f.DefaultMavenResourcesFiltering - skip non existing resourceDirectory C:\Users\Rishabh patil\Desktop\Microservices\EMPLOYEE\src\test\resources
2026-04-07 23:17:19,592 [Worker-51: Building] INFO  o.a.m.s.f.DefaultMavenResourcesFiltering - Copying 1 resource from src\main\resources to target\classes
2026-04-07 23:17:19,631 [Worker-51: Building] INFO  o.a.m.s.f.DefaultMavenResourcesFiltering - Copying 0 resource from src\main\resources to target\classes
2026-04-07 23:17:19,636 [Worker-51: Building] INFO  o.a.m.s.f.DefaultMavenResourcesFiltering - skip non existing resourceDirectory C:\Users\Rishabh patil\Desktop\Microservices\EMPLOYEE\src\test\resources
2026-04-08 08:33:32,430 [Worker-1: Loading available Gradle versions] INFO  o.e.b.c.i.u.g.PublishedGradleVersions - Gradle version information cache is out-of-date. Trying to update.
2026-04-08 08:34:23,114 [Worker-7: Building] INFO  o.a.m.s.f.DefaultMavenResourcesFiltering - Copying 1 resource from src\main\resources to target\classes
2026-04-08 08:34:23,216 [Worker-7: Building] INFO  o.a.m.s.f.DefaultMavenResourcesFiltering - Copying 0 resource from src\main\resources to target\classes
2026-04-08 08:34:23,225 [Worker-7: Building] INFO  o.a.m.s.f.DefaultMavenResourcesFiltering - skip non existing resourceDirectory C:\Users\Rishabh patil\Desktop\Microservices\EMPLOYEE\src\test\resources
2026-04-08 08:34:53,184 [Worker-4: Building] INFO  o.a.m.s.f.DefaultMavenResourcesFiltering - Copying 1 resource from src\main\resources to target\classes
2026-04-08 08:34:53,202 [Worker-4: Building] INFO  o.a.m.s.f.DefaultMavenResourcesFiltering - Copying 0 resource from src\main\resources to target\classes
2026-04-08 08:34:53,208 [Worker-4: Building] INFO  o.a.m.s.f.DefaultMavenResourcesFiltering - skip non existing resourceDirectory C:\Users\Rishabh patil\Desktop\Microservices\EMPLOYEE\src\test\resources
2026-04-08 08:35:15,061 [Worker-4: Building] INFO  o.a.m.s.f.DefaultMavenResourcesFiltering - Copying 1 resource from src\main\resources to target\classes
2026-04-08 08:35:15,132 [Worker-4: Building] INFO  o.a.m.s.f.DefaultMavenResourcesFiltering - Copying 0 resource from src\main\resources to target\classes
2026-04-08 08:35:15,137 [Worker-4: Building] INFO  o.a.m.s.f.DefaultMavenResourcesFiltering - skip non existing resourceDirectory C:\Users\Rishabh patil\Desktop\Microservices\EMPLOYEE\src\test\resources
2026-04-08 08:40:32,821 [Worker-3: Building] INFO  o.a.m.s.f.DefaultMavenResourcesFiltering - Copying 1 resource from src\main\resources to target\classes
2026-04-08 08:40:32,930 [Worker-3: Building] INFO  o.a.m.s.f.DefaultMavenResourcesFiltering - Copying 0 resource from src\main\resources to target\classes
2026-04-08 08:40:32,938 [Worker-3: Building] INFO  o.a.m.s.f.DefaultMavenResourcesFiltering - skip non existing resourceDirectory C:\Users\Rishabh patil\Desktop\Microservices\EMPLOYEE\src\test\resources
2026-04-08 08:41:20,141 [Worker-3: Building] INFO  o.a.m.s.f.DefaultMavenResourcesFiltering - Copying 1 resource from src\main\resources to target\classes
2026-04-08 08:41:20,222 [Worker-3: Building] INFO  o.a.m.s.f.DefaultMavenResourcesFiltering - Copying 0 resource from src\main\resources to target\classes
2026-04-08 08:41:20,227 [Worker-3: Building] INFO  o.a.m.s.f.DefaultMavenResourcesFiltering - skip non existing resourceDirectory C:\Users\Rishabh patil\Desktop\Microservices\EMPLOYEE\src\test\resources
2026-04-08 22:00:19,948 [Worker-1: Loading available Gradle versions] INFO  o.e.b.c.i.u.g.PublishedGradleVersions - Gradle version information cache is up-to-date. Trying to read.
2026-04-08 22:00:39,168 [Worker-6: Building] INFO  o.a.m.s.f.DefaultMavenResourcesFiltering - Copying 1 resource from src\main\resources to target\classes
2026-04-08 22:00:39,211 [Worker-6: Building] INFO  o.a.m.s.f.DefaultMavenResourcesFiltering - Copying 0 resource from src\main\resources to target\classes
2026-04-08 22:00:39,219 [Worker-6: Building] INFO  o.a.m.s.f.DefaultMavenResourcesFiltering - skip non existing resourceDirectory C:\Users\Rishabh patil\Desktop\Microservices\EMPLOYEE\src\test\resources
2026-04-08 22:04:59,835 [Worker-8: Building] INFO  o.a.m.s.f.DefaultMavenResourcesFiltering - Copying 1 resource from src\main\resources to target\classes
2026-04-08 22:04:59,885 [Worker-8: Building] INFO  o.a.m.s.f.DefaultMavenResourcesFiltering - Copying 0 resource from src\main\resources to target\classes
2026-04-08 22:04:59,891 [Worker-8: Building] INFO  o.a.m.s.f.DefaultMavenResourcesFiltering - skip non existing resourceDirectory C:\Users\Rishabh patil\Desktop\Microservices\EMPLOYEE\src\test\resources
2026-04-08 22:05:26,899 [Worker-3: Building] INFO  o.a.m.s.f.DefaultMavenResourcesFiltering - Copying 1 resource from src\main\resources to target\classes
2026-04-08 22:05:26,941 [Worker-3: Building] INFO  o.a.m.s.f.DefaultMavenResourcesFiltering - Copying 0 resource from src\main\resources to target\classes
2026-04-08 22:05:26,956 [Worker-3: Building] INFO  o.a.m.s.f.DefaultMavenResourcesFiltering - skip non existing resourceDirectory C:\Users\Rishabh patil\Desktop\Microservices\EMPLOYEE\src\test\resources
2026-04-08 22:05:45,789 [Worker-8: Building] INFO  o.a.m.s.f.DefaultMavenResourcesFiltering - Copying 1 resource from src\main\resources to target\classes
2026-04-08 22:05:45,802 [Worker-8: Building] INFO  o.a.m.s.f.DefaultMavenResourcesFiltering - Copying 0 resource from src\main\resources to target\classes
2026-04-08 22:05:45,811 [Worker-8: Building] INFO  o.a.m.s.f.DefaultMavenResourcesFiltering - skip non existing resourceDirectory C:\Users\Rishabh patil\Desktop\Microservices\EMPLOYEE\src\test\resources
2026-04-08 22:09:10,035 [Worker-0: Building] INFO  o.a.m.s.f.DefaultMavenResourcesFiltering - Copying 1 resource from src\main\resources to target\classes
2026-04-08 22:09:10,049 [Worker-0: Building] INFO  o.a.m.s.f.DefaultMavenResourcesFiltering - Copying 0 resource from src\main\resources to target\classes
2026-04-08 22:09:10,054 [Worker-0: Building] INFO  o.a.m.s.f.DefaultMavenResourcesFiltering - skip non existing resourceDirectory C:\Users\Rishabh patil\Desktop\Microservices\EMPLOYEE\src\test\resources
2026-04-08 22:09:39,829 [Worker-8: Building] INFO  o.a.m.s.f.DefaultMavenResourcesFiltering - Copying 1 resource from src\main\resources to target\classes
2026-04-08 22:09:39,847 [Worker-8: Building] INFO  o.a.m.s.f.DefaultMavenResourcesFiltering - Copying 0 resource from src\main\resources to target\classes
2026-04-08 22:09:39,873 [Worker-8: Building] INFO  o.a.m.s.f.DefaultMavenResourcesFiltering - skip non existing resourceDirectory C:\Users\Rishabh patil\Desktop\Microservices\EMPLOYEE\src\test\resources
2026-04-08 22:16:27,172 [Worker-0: Building] INFO  o.a.m.s.f.DefaultMavenResourcesFiltering - Copying 1 resource from src\main\resources to target\classes
2026-04-08 22:16:27,195 [Worker-0: Building] INFO  o.a.m.s.f.DefaultMavenResourcesFiltering - Copying 0 resource from src\main\resources to target\classes
2026-04-08 22:16:27,200 [Worker-0: Building] INFO  o.a.m.s.f.DefaultMavenResourcesFiltering - skip non existing resourceDirectory C:\Users\Rishabh patil\Desktop\Microservices\EMPLOYEE\src\test\resources
2026-04-08 22:16:55,369 [Worker-8: Building] INFO  o.a.m.s.f.DefaultMavenResourcesFiltering - Copying 1 resource from src\main\resources to target\classes
2026-04-08 22:16:55,384 [Worker-8: Building] INFO  o.a.m.s.f.DefaultMavenResourcesFiltering - Copying 0 resource from src\main\resources to target\classes
2026-04-08 22:16:55,392 [Worker-8: Building] INFO  o.a.m.s.f.DefaultMavenResourcesFiltering - skip non existing resourceDirectory C:\Users\Rishabh patil\Desktop\Microservices\EMPLOYEE\src\test\resources
2026-04-08 22:20:55,140 [Worker-3: Building] INFO  o.a.m.s.f.DefaultMavenResourcesFiltering - Copying 1 resource from src\main\resources to target\classes
2026-04-08 22:20:55,155 [Worker-3: Building] INFO  o.a.m.s.f.DefaultMavenResourcesFiltering - Copying 0 resource from src\main\resources to target\classes
2026-04-08 22:20:55,160 [Worker-3: Building] INFO  o.a.m.s.f.DefaultMavenResourcesFiltering - skip non existing resourceDirectory C:\Users\Rishabh patil\Desktop\Microservices\EMPLOYEE\src\test\resources
2026-04-08 22:21:02,698 [Worker-10: Building] INFO  o.a.m.s.f.DefaultMavenResourcesFiltering - Copying 1 resource from src\main\resources to target\classes
2026-04-08 22:21:02,712 [Worker-10: Building] INFO  o.a.m.s.f.DefaultMavenResourcesFiltering - Copying 0 resource from src\main\resources to target\classes
2026-04-08 22:21:02,716 [Worker-10: Building] INFO  o.a.m.s.f.DefaultMavenResourcesFiltering - skip non existing resourceDirectory C:\Users\Rishabh patil\Desktop\Microservices\EMPLOYEE\src\test\resources
2026-04-08 22:21:08,561 [Worker-3: Building] INFO  o.a.m.s.f.DefaultMavenResourcesFiltering - Copying 1 resource from src\main\resources to target\classes
2026-04-08 22:21:08,576 [Worker-3: Building] INFO  o.a.m.s.f.DefaultMavenResourcesFiltering - Copying 0 resource from src\main\resources to target\classes
2026-04-08 22:21:08,581 [Worker-3: Building] INFO  o.a.m.s.f.DefaultMavenResourcesFiltering - skip non existing resourceDirectory C:\Users\Rishabh patil\Desktop\Microservices\EMPLOYEE\src\test\resources
2026-04-08 22:21:14,046 [Worker-10: Building] INFO  o.a.m.s.f.DefaultMavenResourcesFiltering - Copying 1 resource from src\main\resources to target\classes
2026-04-08 22:21:14,058 [Worker-10: Building] INFO  o.a.m.s.f.DefaultMavenResourcesFiltering - Copying 0 resource from src\main\resources to target\classes
2026-04-08 22:21:14,063 [Worker-10: Building] INFO  o.a.m.s.f.DefaultMavenResourcesFiltering - skip non existing resourceDirectory C:\Users\Rishabh patil\Desktop\Microservices\EMPLOYEE\src\test\resources
2026-04-08 22:22:11,200 [Worker-10: Building] INFO  o.a.m.s.f.DefaultMavenResourcesFiltering - Copying 1 resource from src\main\resources to target\classes
2026-04-08 22:22:11,214 [Worker-10: Building] INFO  o.a.m.s.f.DefaultMavenResourcesFiltering - Copying 0 resource from src\main\resources to target\classes
2026-04-08 22:22:11,218 [Worker-10: Building] INFO  o.a.m.s.f.DefaultMavenResourcesFiltering - skip non existing resourceDirectory C:\Users\Rishabh patil\Desktop\Microservices\EMPLOYEE\src\test\resources
2026-04-08 22:23:13,165 [Worker-0: Building] INFO  o.a.m.s.f.DefaultMavenResourcesFiltering - Copying 1 resource from src\main\resources to target\classes
2026-04-08 22:23:13,179 [Worker-0: Building] INFO  o.a.m.s.f.DefaultMavenResourcesFiltering - Copying 0 resource from src\main\resources to target\classes
2026-04-08 22:23:13,185 [Worker-0: Building] INFO  o.a.m.s.f.DefaultMavenResourcesFiltering - skip non existing resourceDirectory C:\Users\Rishabh patil\Desktop\Microservices\EMPLOYEE\src\test\resources
2026-04-08 22:23:40,369 [Worker-8: Building] INFO  o.a.m.s.f.DefaultMavenResourcesFiltering - Copying 1 resource from src\main\resources to target\classes
2026-04-08 22:23:40,384 [Worker-8: Building] INFO  o.a.m.s.f.DefaultMavenResourcesFiltering - Copying 0 resource from src\main\resources to target\classes
2026-04-08 22:23:40,388 [Worker-8: Building] INFO  o.a.m.s.f.DefaultMavenResourcesFiltering - skip non existing resourceDirectory C:\Users\Rishabh patil\Desktop\Microservices\EMPLOYEE\src\test\resources
2026-04-08 22:24:17,989 [Worker-3: Building] INFO  o.a.m.s.f.DefaultMavenResourcesFiltering - Copying 1 resource from src\main\resources to target\classes
2026-04-08 22:24:18,003 [Worker-3: Building] INFO  o.a.m.s.f.DefaultMavenResourcesFiltering - Copying 0 resource from src\main\resources to target\classes
2026-04-08 22:24:18,011 [Worker-3: Building] INFO  o.a.m.s.f.DefaultMavenResourcesFiltering - skip non existing resourceDirectory C:\Users\Rishabh patil\Desktop\Microservices\EMPLOYEE\src\test\resources
2026-04-08 22:25:43,112 [Worker-0: Building] INFO  o.a.m.s.f.DefaultMavenResourcesFiltering - Copying 1 resource from src\main\resources to target\classes
2026-04-08 22:25:43,142 [Worker-0: Building] INFO  o.a.m.s.f.DefaultMavenResourcesFiltering - Copying 0 resource from src\main\resources to target\classes
2026-04-08 22:25:43,148 [Worker-0: Building] INFO  o.a.m.s.f.DefaultMavenResourcesFiltering - skip non existing resourceDirectory C:\Users\Rishabh patil\Desktop\Microservices\EMPLOYEE\src\test\resources
2026-04-08 22:26:27,410 [Worker-3: Building] INFO  o.a.m.s.f.DefaultMavenResourcesFiltering - Copying 1 resource from src\main\resources to target\classes
2026-04-08 22:26:27,453 [Worker-3: Building] INFO  o.a.m.s.f.DefaultMavenResourcesFiltering - Copying 0 resource from src\main\resources to target\classes
2026-04-08 22:26:27,458 [Worker-3: Building] INFO  o.a.m.s.f.DefaultMavenResourcesFiltering - skip non existing resourceDirectory C:\Users\Rishabh patil\Desktop\Microservices\EMPLOYEE\src\test\resources
2026-04-08 22:26:48,586 [Worker-8: Building] INFO  o.a.m.s.f.DefaultMavenResourcesFiltering - Copying 1 resource from src\main\resources to target\classes
2026-04-08 22:26:48,603 [Worker-8: Building] INFO  o.a.m.s.f.DefaultMavenResourcesFiltering - Copying 0 resource from src\main\resources to target\classes
2026-04-08 22:26:48,627 [Worker-8: Building] INFO  o.a.m.s.f.DefaultMavenResourcesFiltering - skip non existing resourceDirectory C:\Users\Rishabh patil\Desktop\Microservices\EMPLOYEE\src\test\resources
2026-04-08 22:27:14,686 [Worker-8: Building] INFO  o.a.m.s.f.DefaultMavenResourcesFiltering - Copying 1 resource from src\main\resources to target\classes
2026-04-08 22:27:14,700 [Worker-8: Building] INFO  o.a.m.s.f.DefaultMavenResourcesFiltering - Copying 0 resource from src\main\resources to target\classes
2026-04-08 22:27:14,711 [Worker-8: Building] INFO  o.a.m.s.f.DefaultMavenResourcesFiltering - skip non existing resourceDirectory C:\Users\Rishabh patil\Desktop\Microservices\EMPLOYEE\src\test\resources
2026-04-08 22:27:44,747 [Worker-8: Building] INFO  o.a.m.s.f.DefaultMavenResourcesFiltering - Copying 1 resource from src\main\resources to target\classes
2026-04-08 22:27:44,760 [Worker-8: Building] INFO  o.a.m.s.f.DefaultMavenResourcesFiltering - Copying 0 resource from src\main\resources to target\classes
2026-04-08 22:27:44,764 [Worker-8: Building] INFO  o.a.m.s.f.DefaultMavenResourcesFiltering - skip non existing resourceDirectory C:\Users\Rishabh patil\Desktop\Microservices\EMPLOYEE\src\test\resources
2026-04-08 22:27:55,895 [Worker-8: Building] INFO  o.a.m.s.f.DefaultMavenResourcesFiltering - Copying 1 resource from src\main\resources to target\classes
2026-04-08 22:27:55,908 [Worker-8: Building] INFO  o.a.m.s.f.DefaultMavenResourcesFiltering - Copying 0 resource from src\main\resources to target\classes
2026-04-08 22:27:55,912 [Worker-8: Building] INFO  o.a.m.s.f.DefaultMavenResourcesFiltering - skip non existing resourceDirectory C:\Users\Rishabh patil\Desktop\Microservices\EMPLOYEE\src\test\resources
2026-04-08 22:30:29,056 [Worker-15: Building] INFO  o.a.m.s.f.DefaultMavenResourcesFiltering - Copying 1 resource from src\main\resources to target\classes
2026-04-08 22:30:29,067 [Worker-15: Building] INFO  o.a.m.s.f.DefaultMavenResourcesFiltering - Copying 0 resource from src\main\resources to target\classes
2026-04-08 22:30:29,070 [Worker-15: Building] INFO  o.a.m.s.f.DefaultMavenResourcesFiltering - skip non existing resourceDirectory C:\Users\Rishabh patil\Desktop\Microservices\EMPLOYEE\src\test\resources
2026-04-08 22:32:15,538 [Worker-0: Building] INFO  o.a.m.s.f.DefaultMavenResourcesFiltering - Copying 1 resource from src\main\resources to target\classes
2026-04-08 22:32:15,547 [Worker-0: Building] INFO  o.a.m.s.f.DefaultMavenResourcesFiltering - Copying 0 resource from src\main\resources to target\classes
2026-04-08 22:32:15,550 [Worker-0: Building] INFO  o.a.m.s.f.DefaultMavenResourcesFiltering - skip non existing resourceDirectory C:\Users\Rishabh patil\Desktop\Microservices\EMPLOYEE\src\test\resources
2026-04-08 22:32:38,655 [Worker-15: Building] INFO  o.a.m.s.f.DefaultMavenResourcesFiltering - Copying 1 resource from src\main\resources to target\classes
2026-04-08 22:32:38,666 [Worker-15: Building] INFO  o.a.m.s.f.DefaultMavenResourcesFiltering - Copying 0 resource from src\main\resources to target\classes
2026-04-08 22:32:38,669 [Worker-15: Building] INFO  o.a.m.s.f.DefaultMavenResourcesFiltering - skip non existing resourceDirectory C:\Users\Rishabh patil\Desktop\Microservices\EMPLOYEE\src\test\resources
2026-04-08 22:32:54,866 [Worker-13: Building] INFO  o.a.m.s.f.DefaultMavenResourcesFiltering - Copying 1 resource from src\main\resources to target\classes
2026-04-08 22:32:54,875 [Worker-13: Building] INFO  o.a.m.s.f.DefaultMavenResourcesFiltering - Copying 0 resource from src\main\resources to target\classes
2026-04-08 22:32:54,878 [Worker-13: Building] INFO  o.a.m.s.f.DefaultMavenResourcesFiltering - skip non existing resourceDirectory C:\Users\Rishabh patil\Desktop\Microservices\EMPLOYEE\src\test\resources
2026-04-08 22:33:26,008 [Worker-13: Building] INFO  o.a.m.s.f.DefaultMavenResourcesFiltering - Copying 1 resource from src\main\resources to target\classes
2026-04-08 22:33:26,017 [Worker-13: Building] INFO  o.a.m.s.f.DefaultMavenResourcesFiltering - Copying 0 resource from src\main\resources to target\classes
2026-04-08 22:33:26,019 [Worker-13: Building] INFO  o.a.m.s.f.DefaultMavenResourcesFiltering - skip non existing resourceDirectory C:\Users\Rishabh patil\Desktop\Microservices\EMPLOYEE\src\test\resources
2026-04-08 22:33:38,571 [Worker-14: Building] INFO  o.a.m.s.f.DefaultMavenResourcesFiltering - Copying 1 resource from src\main\resources to target\classes
2026-04-08 22:33:38,580 [Worker-14: Building] INFO  o.a.m.s.f.DefaultMavenResourcesFiltering - Copying 0 resource from src\main\resources to target\classes
2026-04-08 22:33:38,583 [Worker-14: Building] INFO  o.a.m.s.f.DefaultMavenResourcesFiltering - skip non existing resourceDirectory C:\Users\Rishabh patil\Desktop\Microservices\EMPLOYEE\src\test\resources
2026-04-08 22:33:53,040 [Worker-0: Building] INFO  o.a.m.s.f.DefaultMavenResourcesFiltering - Copying 1 resource from src\main\resources to target\classes
2026-04-08 22:33:53,056 [Worker-0: Building] INFO  o.a.m.s.f.DefaultMavenResourcesFiltering - Copying 0 resource from src\main\resources to target\classes
2026-04-08 22:33:53,059 [Worker-0: Building] INFO  o.a.m.s.f.DefaultMavenResourcesFiltering - skip non existing resourceDirectory C:\Users\Rishabh patil\Desktop\Microservices\EMPLOYEE\src\test\resources
2026-04-08 22:33:56,476 [Worker-15: Building] INFO  o.a.m.s.f.DefaultMavenResourcesFiltering - Copying 1 resource from src\main\resources to target\classes
2026-04-08 22:33:56,487 [Worker-15: Building] INFO  o.a.m.s.f.DefaultMavenResourcesFiltering - Copying 0 resource from src\main\resources to target\classes
2026-04-08 22:33:56,490 [Worker-15: Building] INFO  o.a.m.s.f.DefaultMavenResourcesFiltering - skip non existing resourceDirectory C:\Users\Rishabh patil\Desktop\Microservices\EMPLOYEE\src\test\resources
2026-04-08 22:38:16,257 [Worker-18: Building] INFO  o.a.m.s.f.DefaultMavenResourcesFiltering - Copying 1 resource from src\main\resources to target\classes
2026-04-08 22:38:16,295 [Worker-18: Building] INFO  o.a.m.s.f.DefaultMavenResourcesFiltering - Copying 0 resource from src\main\resources to target\classes
2026-04-08 22:38:16,299 [Worker-18: Building] INFO  o.a.m.s.f.DefaultMavenResourcesFiltering - skip non existing resourceDirectory C:\Users\Rishabh patil\Desktop\Microservices\EMPLOYEE\src\test\resources
2026-04-09 10:36:04,941 [Worker-2: Loading available Gradle versions] INFO  o.e.b.c.i.u.g.PublishedGradleVersions - Gradle version information cache is out-of-date. Trying to update.
2026-04-09 10:36:24,317 [Worker-6: Importing Maven projects] INFO  o.e.m.c.i.e.AbstractTransferListenerAdapter - Downloaded https://repo.maven.apache.org/maven2/org/springframework/boot/spring-boot-starter-parent/4.0.5/spring-boot-starter-parent-4.0.5.pom
2026-04-09 10:36:24,480 [Worker-6: Importing Maven projects] INFO  o.e.m.c.i.e.AbstractTransferListenerAdapter - Downloaded https://repo.maven.apache.org/maven2/org/springframework/boot/spring-boot-dependencies/4.0.5/spring-boot-dependencies-4.0.5.pom
2026-04-09 10:36:24,724 [Worker-6: Importing Maven projects] INFO  o.e.m.c.i.e.AbstractTransferListenerAdapter - Downloaded https://repo.maven.apache.org/maven2/org/apache/activemq/artemis-bom/2.43.0/artemis-bom-2.43.0.pom
2026-04-09 10:36:24,852 [Worker-6: Importing Maven projects] INFO  o.e.m.c.i.e.AbstractTransferListenerAdapter - Downloaded https://repo.maven.apache.org/maven2/org/apache/activemq/artemis-project/2.43.0/artemis-project-2.43.0.pom
2026-04-09 10:36:25,126 [Worker-6: Importing Maven projects] INFO  o.e.m.c.i.e.AbstractTransferListenerAdapter - Downloaded https://repo.maven.apache.org/maven2/io/zipkin/brave/brave-bom/6.3.1/brave-bom-6.3.1.pom
2026-04-09 10:36:25,321 [Worker-6: Importing Maven projects] INFO  o.e.m.c.i.e.AbstractTransferListenerAdapter - Downloaded https://repo.maven.apache.org/maven2/org/apache/groovy/groovy-bom/5.0.4/groovy-bom-5.0.4.pom
2026-04-09 10:36:26,439 [Worker-6: Importing Maven projects] INFO  o.e.m.c.i.e.AbstractTransferListenerAdapter - Downloaded https://repo.maven.apache.org/maven2/tools/jackson/jackson-bom/3.1.0/jackson-bom-3.1.0.pom
2026-04-09 10:36:26,833 [Worker-6: Importing Maven projects] INFO  o.e.m.c.i.e.AbstractTransferListenerAdapter - Downloaded https://repo.maven.apache.org/maven2/com/fasterxml/oss-parent/76/oss-parent-76.pom
2026-04-09 10:36:27,201 [Worker-6: Importing Maven projects] INFO  o.e.m.c.i.e.AbstractTransferListenerAdapter - Downloaded https://repo.maven.apache.org/maven2/org/glassfish/jersey/jersey-bom/4.0.2/jersey-bom-4.0.2.pom
2026-04-09 10:36:27,489 [Worker-6: Importing Maven projects] INFO  o.e.m.c.i.e.AbstractTransferListenerAdapter - Downloaded https://repo.maven.apache.org/maven2/org/eclipse/jetty/ee11/jetty-ee11-bom/12.1.7/jetty-ee11-bom-12.1.7.pom
2026-04-09 10:36:27,722 [Worker-6: Importing Maven projects] INFO  o.e.m.c.i.e.AbstractTransferListenerAdapter - Downloaded https://repo.maven.apache.org/maven2/org/eclipse/jetty/jetty-bom/12.1.7/jetty-bom-12.1.7.pom
2026-04-09 10:36:27,848 [Worker-6: Importing Maven projects] INFO  o.e.m.c.i.e.AbstractTransferListenerAdapter - Downloaded https://repo.maven.apache.org/maven2/org/jooq/jooq-bom/3.19.31/jooq-bom-3.19.31.pom
2026-04-09 10:36:28,006 [Worker-6: Importing Maven projects] INFO  o.e.m.c.i.e.AbstractTransferListenerAdapter - Downloaded https://repo.maven.apache.org/maven2/org/junit/junit-bom/6.0.3/junit-bom-6.0.3.pom
2026-04-09 10:36:28,154 [Worker-6: Importing Maven projects] INFO  o.e.m.c.i.e.AbstractTransferListenerAdapter - Downloaded https://repo.maven.apache.org/maven2/org/jetbrains/kotlin/kotlin-bom/2.2.21/kotlin-bom-2.2.21.pom
2026-04-09 10:36:28,290 [Worker-6: Importing Maven projects] INFO  o.e.m.c.i.e.AbstractTransferListenerAdapter - Downloaded https://repo.maven.apache.org/maven2/org/jetbrains/kotlinx/kotlinx-coroutines-bom/1.10.2/kotlinx-coroutines-bom-1.10.2.pom
2026-04-09 10:36:28,424 [Worker-6: Importing Maven projects] INFO  o.e.m.c.i.e.AbstractTransferListenerAdapter - Downloaded https://repo.maven.apache.org/maven2/org/jetbrains/kotlinx/kotlinx-serialization-bom/1.9.0/kotlinx-serialization-bom-1.9.0.pom
2026-04-09 10:36:28,555 [Worker-6: Importing Maven projects] INFO  o.e.m.c.i.e.AbstractTransferListenerAdapter - Downloaded https://repo.maven.apache.org/maven2/org/apache/logging/log4j/log4j-bom/2.25.3/log4j-bom-2.25.3.pom
2026-04-09 10:36:28,723 [Worker-6: Importing Maven projects] INFO  o.e.m.c.i.e.AbstractTransferListenerAdapter - Downloaded https://repo.maven.apache.org/maven2/io/micrometer/micrometer-bom/1.16.4/micrometer-bom-1.16.4.pom
2026-04-09 10:36:28,866 [Worker-6: Importing Maven projects] INFO  o.e.m.c.i.e.AbstractTransferListenerAdapter - Downloaded https://repo.maven.apache.org/maven2/org/mockito/mockito-bom/5.20.0/mockito-bom-5.20.0.pom
2026-04-09 10:36:29,019 [Worker-6: Importing Maven projects] INFO  o.e.m.c.i.e.AbstractTransferListenerAdapter - Downloaded https://repo.maven.apache.org/maven2/org/mongodb/mongodb-driver-bom/5.6.4/mongodb-driver-bom-5.6.4.pom
2026-04-09 10:36:29,148 [Worker-6: Importing Maven projects] INFO  o.e.m.c.i.e.AbstractTransferListenerAdapter - Downloaded https://repo.maven.apache.org/maven2/org/neo4j/driver/neo4j-java-driver-bom/6.0.3/neo4j-java-driver-bom-6.0.3.pom
2026-04-09 10:36:29,296 [Worker-6: Importing Maven projects] INFO  o.e.m.c.i.e.AbstractTransferListenerAdapter - Downloaded https://repo.maven.apache.org/maven2/org/neo4j/bolt/neo4j-bolt-connection-bom/10.1.1/neo4j-bolt-connection-bom-10.1.1.pom
2026-04-09 10:36:29,464 [Worker-6: Importing Maven projects] INFO  o.e.m.c.i.e.AbstractTransferListenerAdapter - Downloaded https://repo.maven.apache.org/maven2/io/netty/netty-bom/4.2.12.Final/netty-bom-4.2.12.Final.pom
2026-04-09 10:36:29,607 [Worker-6: Importing Maven projects] INFO  o.e.m.c.i.e.AbstractTransferListenerAdapter - Downloaded https://repo.maven.apache.org/maven2/io/opentelemetry/opentelemetry-bom/1.55.0/opentelemetry-bom-1.55.0.pom
2026-04-09 10:36:29,731 [Worker-6: Importing Maven projects] INFO  o.e.m.c.i.e.AbstractTransferListenerAdapter - Downloaded https://repo.maven.apache.org/maven2/io/prometheus/prometheus-metrics-bom/1.4.3/prometheus-metrics-bom-1.4.3.pom
2026-04-09 10:36:29,912 [Worker-6: Importing Maven projects] INFO  o.e.m.c.i.e.AbstractTransferListenerAdapter - Downloaded https://repo.maven.apache.org/maven2/io/prometheus/client_java_parent/1.4.3/client_java_parent-1.4.3.pom
2026-04-09 10:36:30,133 [Worker-6: Importing Maven projects] INFO  o.e.m.c.i.e.AbstractTransferListenerAdapter - Downloaded https://repo.maven.apache.org/maven2/org/apache/pulsar/pulsar-bom/4.1.3/pulsar-bom-4.1.3.pom
2026-04-09 10:36:30,311 [Worker-6: Importing Maven projects] INFO  o.e.m.c.i.e.AbstractTransferListenerAdapter - Downloaded https://repo.maven.apache.org/maven2/io/projectreactor/reactor-bom/2025.0.4/reactor-bom-2025.0.4.pom
2026-04-09 10:36:30,661 [Worker-6: Importing Maven projects] INFO  o.e.m.c.i.e.AbstractTransferListenerAdapter - Downloaded https://repo.maven.apache.org/maven2/org/seleniumhq/selenium/selenium-bom/4.37.0/selenium-bom-4.37.0.pom
2026-04-09 10:36:30,781 [Worker-6: Importing Maven projects] INFO  o.e.m.c.i.e.AbstractTransferListenerAdapter - Downloaded https://repo.maven.apache.org/maven2/org/springframework/amqp/spring-amqp-bom/4.0.2/spring-amqp-bom-4.0.2.pom
2026-04-09 10:36:30,963 [Worker-6: Importing Maven projects] INFO  o.e.m.c.i.e.AbstractTransferListenerAdapter - Downloaded https://repo.maven.apache.org/maven2/org/springframework/batch/spring-batch-bom/6.0.3/spring-batch-bom-6.0.3.pom
2026-04-09 10:36:31,140 [Worker-6: Importing Maven projects] INFO  o.e.m.c.i.e.AbstractTransferListenerAdapter - Downloaded https://repo.maven.apache.org/maven2/org/springframework/data/spring-data-bom/2025.1.4/spring-data-bom-2025.1.4.pom
2026-04-09 10:36:31,281 [Worker-6: Importing Maven projects] INFO  o.e.m.c.i.e.AbstractTransferListenerAdapter - Downloaded https://repo.maven.apache.org/maven2/org/springframework/spring-framework-bom/7.0.6/spring-framework-bom-7.0.6.pom
2026-04-09 10:36:31,403 [Worker-6: Importing Maven projects] INFO  o.e.m.c.i.e.AbstractTransferListenerAdapter - Downloaded https://repo.maven.apache.org/maven2/org/springframework/integration/spring-integration-bom/7.0.4/spring-integration-bom-7.0.4.pom
2026-04-09 10:36:31,531 [Worker-6: Importing Maven projects] INFO  o.e.m.c.i.e.AbstractTransferListenerAdapter - Downloaded https://repo.maven.apache.org/maven2/org/springframework/pulsar/spring-pulsar-bom/2.0.4/spring-pulsar-bom-2.0.4.pom
2026-04-09 10:36:31,666 [Worker-6: Importing Maven projects] INFO  o.e.m.c.i.e.AbstractTransferListenerAdapter - Downloaded https://repo.maven.apache.org/maven2/org/springframework/restdocs/spring-restdocs-bom/4.0.0/spring-restdocs-bom-4.0.0.pom
2026-04-09 10:36:31,783 [Worker-6: Importing Maven projects] INFO  o.e.m.c.i.e.AbstractTransferListenerAdapter - Downloaded https://repo.maven.apache.org/maven2/org/springframework/security/spring-security-bom/7.0.4/spring-security-bom-7.0.4.pom
2026-04-09 10:36:31,907 [Worker-6: Importing Maven projects] INFO  o.e.m.c.i.e.AbstractTransferListenerAdapter - Downloaded https://repo.maven.apache.org/maven2/org/springframework/session/spring-session-bom/4.0.2/spring-session-bom-4.0.2.pom
2026-04-09 10:36:32,104 [Worker-6: Importing Maven projects] INFO  o.e.m.c.i.e.AbstractTransferListenerAdapter - Downloaded https://repo.maven.apache.org/maven2/org/springframework/ws/spring-ws-bom/5.0.1/spring-ws-bom-5.0.1.pom
2026-04-09 10:36:32,236 [Worker-6: Importing Maven projects] INFO  o.e.m.c.i.e.AbstractTransferListenerAdapter - Downloaded https://repo.maven.apache.org/maven2/org/testcontainers/testcontainers-bom/2.0.4/testcontainers-bom-2.0.4.pom
2026-04-09 10:36:34,673 [Worker-6: Importing Maven projects] INFO  o.e.m.c.i.e.AbstractTransferListenerAdapter - Downloaded https://repo.maven.apache.org/maven2/org/springframework/boot/spring-boot-maven-plugin/4.0.5/spring-boot-maven-plugin-4.0.5.pom
2026-04-09 10:36:34,731 [Worker-6: Importing Maven projects] INFO  o.e.m.c.i.e.AbstractTransferListenerAdapter - Downloading https://repo.maven.apache.org/maven2/org/springframework/boot/spring-boot-maven-plugin/4.0.5/spring-boot-maven-plugin-4.0.5.jar
2026-04-09 10:36:34,972 [Worker-6: Importing Maven projects] INFO  o.e.m.c.i.e.AbstractTransferListenerAdapter - Downloaded https://repo.maven.apache.org/maven2/org/springframework/boot/spring-boot-maven-plugin/4.0.5/spring-boot-maven-plugin-4.0.5.jar
2026-04-09 10:36:35,355 [Worker-6: Importing Maven projects] INFO  o.e.m.c.i.e.AbstractTransferListenerAdapter - Downloading https://repo.maven.apache.org/maven2/org/apache/maven/plugins/maven-clean-plugin/3.5.0/maven-clean-plugin-3.5.0.jar
2026-04-09 10:36:35,749 [Worker-6: Importing Maven projects] INFO  o.e.m.c.i.e.AbstractTransferListenerAdapter - Downloaded https://repo.maven.apache.org/maven2/org/apache/maven/plugins/maven-clean-plugin/3.5.0/maven-clean-plugin-3.5.0.jar
2026-04-09 10:36:39,739 [Worker-6: Importing Maven projects] INFO  o.e.m.c.i.l.LifecycleMappingFactory - Using org.maven.ide.eclipse.wtp.WarLifecycleMapping lifecycle mapping for MavenProject: com.example:Address:0.0.1-SNAPSHOT @ C:\Users\Rishabh patil\Desktop\Microservices\Address\pom.xml.
2026-04-09 10:36:39,898 [Worker-6: Importing Maven projects] INFO  o.e.m.c.i.e.AbstractTransferListenerAdapter - Downloaded https://repo.maven.apache.org/maven2/org/springframework/boot/spring-boot-starter-data-jpa/4.0.5/spring-boot-starter-data-jpa-4.0.5.pom
2026-04-09 10:36:40,038 [Worker-6: Importing Maven projects] INFO  o.e.m.c.i.e.AbstractTransferListenerAdapter - Downloaded https://repo.maven.apache.org/maven2/org/springframework/boot/spring-boot-starter/4.0.5/spring-boot-starter-4.0.5.pom
2026-04-09 10:36:40,184 [Worker-6: Importing Maven projects] INFO  o.e.m.c.i.e.AbstractTransferListenerAdapter - Downloaded https://repo.maven.apache.org/maven2/org/springframework/boot/spring-boot-starter-logging/4.0.5/spring-boot-starter-logging-4.0.5.pom
2026-04-09 10:36:40,492 [Worker-6: Importing Maven projects] INFO  o.e.m.c.i.e.AbstractTransferListenerAdapter - Downloaded https://repo.maven.apache.org/maven2/org/apache/logging/log4j/log4j-to-slf4j/2.25.3/log4j-to-slf4j-2.25.3.pom
2026-04-09 10:36:40,682 [Worker-6: Importing Maven projects] INFO  o.e.m.c.i.e.AbstractTransferListenerAdapter - Downloaded https://repo.maven.apache.org/maven2/org/apache/logging/log4j/log4j/2.25.3/log4j-2.25.3.pom
2026-04-09 10:36:41,172 [Worker-6: Importing Maven projects] INFO  o.e.m.c.i.e.AbstractTransferListenerAdapter - Downloaded https://repo.maven.apache.org/maven2/org/apache/groovy/groovy-bom/4.0.27/groovy-bom-4.0.27.pom
2026-04-09 10:36:41,607 [Worker-6: Importing Maven projects] INFO  o.e.m.c.i.e.AbstractTransferListenerAdapter - Downloaded https://repo.maven.apache.org/maven2/com/fasterxml/jackson/jackson-bom/2.19.1/jackson-bom-2.19.1.pom
2026-04-09 10:36:41,897 [Worker-6: Importing Maven projects] INFO  o.e.m.c.i.e.AbstractTransferListenerAdapter - Downloaded https://repo.maven.apache.org/maven2/com/fasterxml/jackson/jackson-parent/2.19.2/jackson-parent-2.19.2.pom
2026-04-09 10:36:42,487 [Worker-6: Importing Maven projects] INFO  o.e.m.c.i.e.AbstractTransferListenerAdapter - Downloaded https://repo.maven.apache.org/maven2/com/fasterxml/oss-parent/68/oss-parent-68.pom
2026-04-09 10:36:42,946 [Worker-6: Importing Maven projects] INFO  o.e.m.c.i.e.AbstractTransferListenerAdapter - Downloaded https://repo.maven.apache.org/maven2/org/junit/junit-bom/5.13.2/junit-bom-5.13.2.pom
2026-04-09 10:36:43,138 [Worker-6: Importing Maven projects] INFO  o.e.m.c.i.e.AbstractTransferListenerAdapter - Downloaded https://repo.maven.apache.org/maven2/org/apache/logging/log4j/log4j-api/2.25.3/log4j-api-2.25.3.pom
2026-04-09 10:36:43,303 [Worker-6: Importing Maven projects] INFO  o.e.m.c.i.e.AbstractTransferListenerAdapter - Downloaded https://repo.maven.apache.org/maven2/org/springframework/boot/spring-boot-autoconfigure/4.0.5/spring-boot-autoconfigure-4.0.5.pom
2026-04-09 10:36:43,421 [Worker-6: Importing Maven projects] INFO  o.e.m.c.i.e.AbstractTransferListenerAdapter - Downloaded https://repo.maven.apache.org/maven2/org/springframework/boot/spring-boot/4.0.5/spring-boot-4.0.5.pom
2026-04-09 10:36:43,548 [Worker-6: Importing Maven projects] INFO  o.e.m.c.i.e.AbstractTransferListenerAdapter - Downloaded https://repo.maven.apache.org/maven2/org/springframework/spring-core/7.0.6/spring-core-7.0.6.pom
2026-04-09 10:36:43,701 [Worker-6: Importing Maven projects] INFO  o.e.m.c.i.e.AbstractTransferListenerAdapter - Downloaded https://repo.maven.apache.org/maven2/commons-logging/commons-logging/1.3.6/commons-logging-1.3.6.pom
2026-04-09 10:36:43,829 [Worker-6: Importing Maven projects] INFO  o.e.m.c.i.e.AbstractTransferListenerAdapter - Downloaded https://repo.maven.apache.org/maven2/org/apache/commons/commons-parent/97/commons-parent-97.pom
2026-04-09 10:36:44,011 [Worker-6: Importing Maven projects] INFO  o.e.m.c.i.e.AbstractTransferListenerAdapter - Downloaded https://repo.maven.apache.org/maven2/org/junit/junit-bom/5.14.2/junit-bom-5.14.2.pom
2026-04-09 10:36:44,135 [Worker-6: Importing Maven projects] INFO  o.e.m.c.i.e.AbstractTransferListenerAdapter - Downloaded https://repo.maven.apache.org/maven2/org/jspecify/jspecify/1.0.0/jspecify-1.0.0.pom
2026-04-09 10:36:44,253 [Worker-6: Importing Maven projects] INFO  o.e.m.c.i.e.AbstractTransferListenerAdapter - Downloaded https://repo.maven.apache.org/maven2/org/springframework/spring-context/7.0.6/spring-context-7.0.6.pom
2026-04-09 10:36:44,404 [Worker-6: Importing Maven projects] INFO  o.e.m.c.i.e.AbstractTransferListenerAdapter - Downloaded https://repo.maven.apache.org/maven2/org/springframework/spring-aop/7.0.6/spring-aop-7.0.6.pom
2026-04-09 10:36:44,526 [Worker-6: Importing Maven projects] INFO  o.e.m.c.i.e.AbstractTransferListenerAdapter - Downloaded https://repo.maven.apache.org/maven2/org/springframework/spring-beans/7.0.6/spring-beans-7.0.6.pom
2026-04-09 10:36:44,692 [Worker-6: Importing Maven projects] INFO  o.e.m.c.i.e.AbstractTransferListenerAdapter - Downloaded https://repo.maven.apache.org/maven2/org/springframework/spring-expression/7.0.6/spring-expression-7.0.6.pom
2026-04-09 10:36:44,822 [Worker-6: Importing Maven projects] INFO  o.e.m.c.i.e.AbstractTransferListenerAdapter - Downloaded https://repo.maven.apache.org/maven2/io/micrometer/micrometer-observation/1.16.4/micrometer-observation-1.16.4.pom
2026-04-09 10:36:44,957 [Worker-6: Importing Maven projects] INFO  o.e.m.c.i.e.AbstractTransferListenerAdapter - Downloaded https://repo.maven.apache.org/maven2/io/micrometer/micrometer-commons/1.16.4/micrometer-commons-1.16.4.pom
2026-04-09 10:36:45,102 [Worker-6: Importing Maven projects] INFO  o.e.m.c.i.e.AbstractTransferListenerAdapter - Downloaded https://repo.maven.apache.org/maven2/jakarta/annotation/jakarta.annotation-api/3.0.0/jakarta.annotation-api-3.0.0.pom
2026-04-09 10:36:45,240 [Worker-6: Importing Maven projects] INFO  o.e.m.c.i.e.AbstractTransferListenerAdapter - Downloaded https://repo.maven.apache.org/maven2/org/yaml/snakeyaml/2.5/snakeyaml-2.5.pom
2026-04-09 10:36:45,361 [Worker-6: Importing Maven projects] INFO  o.e.m.c.i.e.AbstractTransferListenerAdapter - Downloaded https://repo.maven.apache.org/maven2/org/springframework/boot/spring-boot-starter-jdbc/4.0.5/spring-boot-starter-jdbc-4.0.5.pom
2026-04-09 10:36:45,485 [Worker-6: Importing Maven projects] INFO  o.e.m.c.i.e.AbstractTransferListenerAdapter - Downloaded https://repo.maven.apache.org/maven2/org/springframework/boot/spring-boot-jdbc/4.0.5/spring-boot-jdbc-4.0.5.pom
2026-04-09 10:36:45,615 [Worker-6: Importing Maven projects] INFO  o.e.m.c.i.e.AbstractTransferListenerAdapter - Downloaded https://repo.maven.apache.org/maven2/org/springframework/boot/spring-boot-sql/4.0.5/spring-boot-sql-4.0.5.pom
2026-04-09 10:36:45,743 [Worker-6: Importing Maven projects] INFO  o.e.m.c.i.e.AbstractTransferListenerAdapter - Downloaded https://repo.maven.apache.org/maven2/org/springframework/boot/spring-boot-transaction/4.0.5/spring-boot-transaction-4.0.5.pom
2026-04-09 10:36:45,871 [Worker-6: Importing Maven projects] INFO  o.e.m.c.i.e.AbstractTransferListenerAdapter - Downloaded https://repo.maven.apache.org/maven2/org/springframework/boot/spring-boot-persistence/4.0.5/spring-boot-persistence-4.0.5.pom
2026-04-09 10:36:46,025 [Worker-6: Importing Maven projects] INFO  o.e.m.c.i.e.AbstractTransferListenerAdapter - Downloaded https://repo.maven.apache.org/maven2/org/springframework/spring-tx/7.0.6/spring-tx-7.0.6.pom
2026-04-09 10:36:46,147 [Worker-6: Importing Maven projects] INFO  o.e.m.c.i.e.AbstractTransferListenerAdapter - Downloaded https://repo.maven.apache.org/maven2/org/springframework/spring-jdbc/7.0.6/spring-jdbc-7.0.6.pom
2026-04-09 10:36:46,280 [Worker-6: Importing Maven projects] INFO  o.e.m.c.i.e.AbstractTransferListenerAdapter - Downloaded https://repo.maven.apache.org/maven2/com/zaxxer/HikariCP/7.0.2/HikariCP-7.0.2.pom
2026-04-09 10:36:46,415 [Worker-6: Importing Maven projects] INFO  o.e.m.c.i.e.AbstractTransferListenerAdapter - Downloaded https://repo.maven.apache.org/maven2/org/springframework/boot/spring-boot-data-jpa/4.0.5/spring-boot-data-jpa-4.0.5.pom
2026-04-09 10:36:46,555 [Worker-6: Importing Maven projects] INFO  o.e.m.c.i.e.AbstractTransferListenerAdapter - Downloaded https://repo.maven.apache.org/maven2/org/springframework/boot/spring-boot-data-commons/4.0.5/spring-boot-data-commons-4.0.5.pom
2026-04-09 10:36:46,714 [Worker-6: Importing Maven projects] INFO  o.e.m.c.i.e.AbstractTransferListenerAdapter - Downloaded https://repo.maven.apache.org/maven2/org/springframework/data/spring-data-commons/4.0.4/spring-data-commons-4.0.4.pom
2026-04-09 10:36:46,844 [Worker-6: Importing Maven projects] INFO  o.e.m.c.i.e.AbstractTransferListenerAdapter - Downloaded https://repo.maven.apache.org/maven2/org/springframework/data/build/spring-data-parent/4.0.4/spring-data-parent-4.0.4.pom
2026-04-09 10:36:47,003 [Worker-6: Importing Maven projects] INFO  o.e.m.c.i.e.AbstractTransferListenerAdapter - Downloaded https://repo.maven.apache.org/maven2/org/springframework/data/build/spring-data-build/4.0.4/spring-data-build-4.0.4.pom
2026-04-09 10:36:47,130 [Worker-6: Importing Maven projects] INFO  o.e.m.c.i.e.AbstractTransferListenerAdapter - Downloaded https://repo.maven.apache.org/maven2/io/micrometer/micrometer-tracing-bom/1.6.4/micrometer-tracing-bom-1.6.4.pom
2026-04-09 10:36:47,291 [Worker-6: Importing Maven projects] INFO  o.e.m.c.i.e.AbstractTransferListenerAdapter - Downloaded https://repo.maven.apache.org/maven2/org/jmolecules/jmolecules-bom/2025.0.0/jmolecules-bom-2025.0.0.pom
2026-04-09 10:36:47,423 [Worker-6: Importing Maven projects] INFO  o.e.m.c.i.e.AbstractTransferListenerAdapter - Downloaded https://repo.maven.apache.org/maven2/org/junit/junit-bom/6.0.0/junit-bom-6.0.0.pom
2026-04-09 10:36:47,562 [Worker-6: Importing Maven projects] INFO  o.e.m.c.i.e.AbstractTransferListenerAdapter - Downloaded https://repo.maven.apache.org/maven2/org/testcontainers/testcontainers-bom/2.0.3/testcontainers-bom-2.0.3.pom
2026-04-09 10:36:47,710 [Worker-6: Importing Maven projects] INFO  o.e.m.c.i.e.AbstractTransferListenerAdapter - Downloaded https://repo.maven.apache.org/maven2/org/springframework/boot/spring-boot-hibernate/4.0.5/spring-boot-hibernate-4.0.5.pom
2026-04-09 10:36:47,835 [Worker-6: Importing Maven projects] INFO  o.e.m.c.i.e.AbstractTransferListenerAdapter - Downloaded https://repo.maven.apache.org/maven2/org/springframework/boot/spring-boot-jpa/4.0.5/spring-boot-jpa-4.0.5.pom
2026-04-09 10:36:47,979 [Worker-6: Importing Maven projects] INFO  o.e.m.c.i.e.AbstractTransferListenerAdapter - Downloaded https://repo.maven.apache.org/maven2/jakarta/persistence/jakarta.persistence-api/3.2.0/jakarta.persistence-api-3.2.0.pom
2026-04-09 10:36:48,106 [Worker-6: Importing Maven projects] INFO  o.e.m.c.i.e.AbstractTransferListenerAdapter - Downloaded https://repo.maven.apache.org/maven2/org/springframework/spring-orm/7.0.6/spring-orm-7.0.6.pom
2026-04-09 10:36:48,248 [Worker-6: Importing Maven projects] INFO  o.e.m.c.i.e.AbstractTransferListenerAdapter - Downloaded https://repo.maven.apache.org/maven2/org/hibernate/orm/hibernate-core/7.2.7.Final/hibernate-core-7.2.7.Final.pom
2026-04-09 10:36:48,542 [Worker-6: Importing Maven projects] INFO  o.e.m.c.i.e.AbstractTransferListenerAdapter - Downloaded https://repo.maven.apache.org/maven2/org/hibernate/models/hibernate-models/1.0.1/hibernate-models-1.0.1.pom
2026-04-09 10:36:49,244 [Worker-6: Importing Maven projects] INFO  o.e.m.c.i.e.AbstractTransferListenerAdapter - Downloaded https://repo.maven.apache.org/maven2/org/antlr/antlr4-runtime/4.13.2/antlr4-runtime-4.13.2.pom
2026-04-09 10:36:49,378 [Worker-6: Importing Maven projects] INFO  o.e.m.c.i.e.AbstractTransferListenerAdapter - Downloaded https://repo.maven.apache.org/maven2/org/antlr/antlr4-master/4.13.2/antlr4-master-4.13.2.pom
2026-04-09 10:36:49,505 [Worker-6: Importing Maven projects] INFO  o.e.m.c.i.e.AbstractTransferListenerAdapter - Downloaded https://repo.maven.apache.org/maven2/org/springframework/data/spring-data-jpa/4.0.4/spring-data-jpa-4.0.4.pom
2026-04-09 10:36:49,624 [Worker-6: Importing Maven projects] INFO  o.e.m.c.i.e.AbstractTransferListenerAdapter - Downloaded https://repo.maven.apache.org/maven2/org/springframework/data/spring-data-jpa-parent/4.0.4/spring-data-jpa-parent-4.0.4.pom
2026-04-09 10:36:49,746 [Worker-6: Importing Maven projects] INFO  o.e.m.c.i.e.AbstractTransferListenerAdapter - Downloaded https://repo.maven.apache.org/maven2/org/springframework/spring-aspects/7.0.6/spring-aspects-7.0.6.pom
2026-04-09 10:36:49,904 [Worker-6: Importing Maven projects] INFO  o.e.m.c.i.e.AbstractTransferListenerAdapter - Downloaded https://repo.maven.apache.org/maven2/org/springframework/boot/spring-boot-starter-webmvc/4.0.5/spring-boot-starter-webmvc-4.0.5.pom
2026-04-09 10:36:50,032 [Worker-6: Importing Maven projects] INFO  o.e.m.c.i.e.AbstractTransferListenerAdapter - Downloaded https://repo.maven.apache.org/maven2/org/springframework/boot/spring-boot-starter-jackson/4.0.5/spring-boot-starter-jackson-4.0.5.pom
2026-04-09 10:36:50,160 [Worker-6: Importing Maven projects] INFO  o.e.m.c.i.e.AbstractTransferListenerAdapter - Downloaded https://repo.maven.apache.org/maven2/org/springframework/boot/spring-boot-jackson/4.0.5/spring-boot-jackson-4.0.5.pom
2026-04-09 10:36:50,283 [Worker-6: Importing Maven projects] INFO  o.e.m.c.i.e.AbstractTransferListenerAdapter - Downloaded https://repo.maven.apache.org/maven2/tools/jackson/core/jackson-databind/3.1.0/jackson-databind-3.1.0.pom
2026-04-09 10:36:50,414 [Worker-6: Importing Maven projects] INFO  o.e.m.c.i.e.AbstractTransferListenerAdapter - Downloaded https://repo.maven.apache.org/maven2/tools/jackson/jackson-base/3.1.0/jackson-base-3.1.0.pom
2026-04-09 10:36:50,582 [Worker-6: Importing Maven projects] INFO  o.e.m.c.i.e.AbstractTransferListenerAdapter - Downloaded https://repo.maven.apache.org/maven2/tools/jackson/core/jackson-core/3.1.0/jackson-core-3.1.0.pom
2026-04-09 10:36:50,724 [Worker-6: Importing Maven projects] INFO  o.e.m.c.i.e.AbstractTransferListenerAdapter - Downloaded https://repo.maven.apache.org/maven2/org/springframework/boot/spring-boot-starter-tomcat/4.0.5/spring-boot-starter-tomcat-4.0.5.pom
2026-04-09 10:36:50,849 [Worker-6: Importing Maven projects] INFO  o.e.m.c.i.e.AbstractTransferListenerAdapter - Downloaded https://repo.maven.apache.org/maven2/org/springframework/boot/spring-boot-starter-tomcat-runtime/4.0.5/spring-boot-starter-tomcat-runtime-4.0.5.pom
2026-04-09 10:36:50,969 [Worker-6: Importing Maven projects] INFO  o.e.m.c.i.e.AbstractTransferListenerAdapter - Downloaded https://repo.maven.apache.org/maven2/org/springframework/boot/spring-boot-tomcat/4.0.5/spring-boot-tomcat-4.0.5.pom
2026-04-09 10:36:51,097 [Worker-6: Importing Maven projects] INFO  o.e.m.c.i.e.AbstractTransferListenerAdapter - Downloaded https://repo.maven.apache.org/maven2/org/springframework/boot/spring-boot-web-server/4.0.5/spring-boot-web-server-4.0.5.pom
2026-04-09 10:36:51,226 [Worker-6: Importing Maven projects] INFO  o.e.m.c.i.e.AbstractTransferListenerAdapter - Downloaded https://repo.maven.apache.org/maven2/org/apache/tomcat/embed/tomcat-embed-core/11.0.20/tomcat-embed-core-11.0.20.pom
2026-04-09 10:36:51,363 [Worker-6: Importing Maven projects] INFO  o.e.m.c.i.e.AbstractTransferListenerAdapter - Downloaded https://repo.maven.apache.org/maven2/org/apache/tomcat/embed/tomcat-embed-el/11.0.20/tomcat-embed-el-11.0.20.pom
2026-04-09 10:36:51,489 [Worker-6: Importing Maven projects] INFO  o.e.m.c.i.e.AbstractTransferListenerAdapter - Downloaded https://repo.maven.apache.org/maven2/org/apache/tomcat/embed/tomcat-embed-websocket/11.0.20/tomcat-embed-websocket-11.0.20.pom
2026-04-09 10:36:51,632 [Worker-6: Importing Maven projects] INFO  o.e.m.c.i.e.AbstractTransferListenerAdapter - Downloaded https://repo.maven.apache.org/maven2/org/springframework/spring-web/7.0.6/spring-web-7.0.6.pom
2026-04-09 10:36:51,755 [Worker-6: Importing Maven projects] INFO  o.e.m.c.i.e.AbstractTransferListenerAdapter - Downloaded https://repo.maven.apache.org/maven2/org/springframework/boot/spring-boot-http-converter/4.0.5/spring-boot-http-converter-4.0.5.pom
2026-04-09 10:36:51,883 [Worker-6: Importing Maven projects] INFO  o.e.m.c.i.e.AbstractTransferListenerAdapter - Downloaded https://repo.maven.apache.org/maven2/org/springframework/boot/spring-boot-webmvc/4.0.5/spring-boot-webmvc-4.0.5.pom
2026-04-09 10:36:52,022 [Worker-6: Importing Maven projects] INFO  o.e.m.c.i.e.AbstractTransferListenerAdapter - Downloaded https://repo.maven.apache.org/maven2/org/springframework/boot/spring-boot-servlet/4.0.5/spring-boot-servlet-4.0.5.pom
2026-04-09 10:36:52,145 [Worker-6: Importing Maven projects] INFO  o.e.m.c.i.e.AbstractTransferListenerAdapter - Downloaded https://repo.maven.apache.org/maven2/org/springframework/spring-webmvc/7.0.6/spring-webmvc-7.0.6.pom
2026-04-09 10:36:52,269 [Worker-6: Importing Maven projects] INFO  o.e.m.c.i.e.AbstractTransferListenerAdapter - Downloaded https://repo.maven.apache.org/maven2/org/springframework/boot/spring-boot-devtools/4.0.5/spring-boot-devtools-4.0.5.pom
2026-04-09 10:36:52,443 [Worker-6: Importing Maven projects] INFO  o.e.m.c.i.e.AbstractTransferListenerAdapter - Downloaded https://repo.maven.apache.org/maven2/org/springframework/boot/spring-boot-starter-data-jpa-test/4.0.5/spring-boot-starter-data-jpa-test-4.0.5.pom
2026-04-09 10:36:52,568 [Worker-6: Importing Maven projects] INFO  o.e.m.c.i.e.AbstractTransferListenerAdapter - Downloaded https://repo.maven.apache.org/maven2/org/springframework/boot/spring-boot-starter-test/4.0.5/spring-boot-starter-test-4.0.5.pom
2026-04-09 10:36:52,693 [Worker-6: Importing Maven projects] INFO  o.e.m.c.i.e.AbstractTransferListenerAdapter - Downloaded https://repo.maven.apache.org/maven2/org/springframework/boot/spring-boot-test/4.0.5/spring-boot-test-4.0.5.pom
2026-04-09 10:36:52,811 [Worker-6: Importing Maven projects] INFO  o.e.m.c.i.e.AbstractTransferListenerAdapter - Downloaded https://repo.maven.apache.org/maven2/org/springframework/spring-test/7.0.6/spring-test-7.0.6.pom
2026-04-09 10:36:52,952 [Worker-6: Importing Maven projects] INFO  o.e.m.c.i.e.AbstractTransferListenerAdapter - Downloaded https://repo.maven.apache.org/maven2/org/springframework/boot/spring-boot-test-autoconfigure/4.0.5/spring-boot-test-autoconfigure-4.0.5.pom
2026-04-09 10:36:53,086 [Worker-6: Importing Maven projects] INFO  o.e.m.c.i.e.AbstractTransferListenerAdapter - Downloaded https://repo.maven.apache.org/maven2/com/jayway/jsonpath/json-path/2.10.0/json-path-2.10.0.pom
2026-04-09 10:36:53,207 [Worker-6: Importing Maven projects] INFO  o.e.m.c.i.e.AbstractTransferListenerAdapter - Downloaded https://repo.maven.apache.org/maven2/net/minidev/json-smart/2.6.0/json-smart-2.6.0.pom
2026-04-09 10:36:53,340 [Worker-6: Importing Maven projects] INFO  o.e.m.c.i.e.AbstractTransferListenerAdapter - Downloaded https://repo.maven.apache.org/maven2/net/minidev/accessors-smart/2.6.0/accessors-smart-2.6.0.pom
2026-04-09 10:36:53,485 [Worker-6: Importing Maven projects] INFO  o.e.m.c.i.e.AbstractTransferListenerAdapter - Downloaded https://repo.maven.apache.org/maven2/org/awaitility/awaitility/4.3.0/awaitility-4.3.0.pom
2026-04-09 10:36:53,604 [Worker-6: Importing Maven projects] INFO  o.e.m.c.i.e.AbstractTransferListenerAdapter - Downloaded https://repo.maven.apache.org/maven2/org/awaitility/awaitility-parent/4.3.0/awaitility-parent-4.3.0.pom
2026-04-09 10:36:53,736 [Worker-6: Importing Maven projects] INFO  o.e.m.c.i.e.AbstractTransferListenerAdapter - Downloaded https://repo.maven.apache.org/maven2/org/junit/jupiter/junit-jupiter/6.0.3/junit-jupiter-6.0.3.pom
2026-04-09 10:36:53,864 [Worker-6: Importing Maven projects] INFO  o.e.m.c.i.e.AbstractTransferListenerAdapter - Downloaded https://repo.maven.apache.org/maven2/org/junit/jupiter/junit-jupiter-api/6.0.3/junit-jupiter-api-6.0.3.pom
2026-04-09 10:36:54,028 [Worker-6: Importing Maven projects] INFO  o.e.m.c.i.e.AbstractTransferListenerAdapter - Downloaded https://repo.maven.apache.org/maven2/org/junit/platform/junit-platform-commons/6.0.3/junit-platform-commons-6.0.3.pom
2026-04-09 10:36:54,171 [Worker-6: Importing Maven projects] INFO  o.e.m.c.i.e.AbstractTransferListenerAdapter - Downloaded https://repo.maven.apache.org/maven2/org/junit/jupiter/junit-jupiter-params/6.0.3/junit-jupiter-params-6.0.3.pom
2026-04-09 10:36:54,305 [Worker-6: Importing Maven projects] INFO  o.e.m.c.i.e.AbstractTransferListenerAdapter - Downloaded https://repo.maven.apache.org/maven2/org/junit/jupiter/junit-jupiter-engine/6.0.3/junit-jupiter-engine-6.0.3.pom
2026-04-09 10:36:54,437 [Worker-6: Importing Maven projects] INFO  o.e.m.c.i.e.AbstractTransferListenerAdapter - Downloaded https://repo.maven.apache.org/maven2/org/junit/platform/junit-platform-engine/6.0.3/junit-platform-engine-6.0.3.pom
2026-04-09 10:36:54,559 [Worker-6: Importing Maven projects] INFO  o.e.m.c.i.e.AbstractTransferListenerAdapter - Downloaded https://repo.maven.apache.org/maven2/org/mockito/mockito-core/5.20.0/mockito-core-5.20.0.pom
2026-04-09 10:36:54,755 [Worker-6: Importing Maven projects] INFO  o.e.m.c.i.e.AbstractTransferListenerAdapter - Downloaded https://repo.maven.apache.org/maven2/org/mockito/mockito-junit-jupiter/5.20.0/mockito-junit-jupiter-5.20.0.pom
2026-04-09 10:36:54,999 [Worker-6: Importing Maven projects] INFO  o.e.m.c.i.e.AbstractTransferListenerAdapter - Downloaded https://repo.maven.apache.org/maven2/org/springframework/boot/spring-boot-starter-jdbc-test/4.0.5/spring-boot-starter-jdbc-test-4.0.5.pom
2026-04-09 10:36:55,136 [Worker-6: Importing Maven projects] INFO  o.e.m.c.i.e.AbstractTransferListenerAdapter - Downloaded https://repo.maven.apache.org/maven2/org/springframework/boot/spring-boot-jdbc-test/4.0.5/spring-boot-jdbc-test-4.0.5.pom
2026-04-09 10:36:55,261 [Worker-6: Importing Maven projects] INFO  o.e.m.c.i.e.AbstractTransferListenerAdapter - Downloaded https://repo.maven.apache.org/maven2/org/springframework/boot/spring-boot-data-jpa-test/4.0.5/spring-boot-data-jpa-test-4.0.5.pom
2026-04-09 10:36:55,391 [Worker-6: Importing Maven projects] INFO  o.e.m.c.i.e.AbstractTransferListenerAdapter - Downloaded https://repo.maven.apache.org/maven2/org/springframework/boot/spring-boot-jpa-test/4.0.5/spring-boot-jpa-test-4.0.5.pom
2026-04-09 10:36:55,533 [Worker-6: Importing Maven projects] INFO  o.e.m.c.i.e.AbstractTransferListenerAdapter - Downloaded https://repo.maven.apache.org/maven2/org/springframework/boot/spring-boot-starter-webmvc-test/4.0.5/spring-boot-starter-webmvc-test-4.0.5.pom
2026-04-09 10:36:55,659 [Worker-6: Importing Maven projects] INFO  o.e.m.c.i.e.AbstractTransferListenerAdapter - Downloaded https://repo.maven.apache.org/maven2/org/springframework/boot/spring-boot-starter-jackson-test/4.0.5/spring-boot-starter-jackson-test-4.0.5.pom
2026-04-09 10:36:55,809 [Worker-6: Importing Maven projects] INFO  o.e.m.c.i.e.AbstractTransferListenerAdapter - Downloaded https://repo.maven.apache.org/maven2/org/springframework/boot/spring-boot-webmvc-test/4.0.5/spring-boot-webmvc-test-4.0.5.pom
2026-04-09 10:36:55,932 [Worker-6: Importing Maven projects] INFO  o.e.m.c.i.e.AbstractTransferListenerAdapter - Downloaded https://repo.maven.apache.org/maven2/org/springframework/boot/spring-boot-resttestclient/4.0.5/spring-boot-resttestclient-4.0.5.pom
2026-04-09 10:36:56,022 [AetherRepositoryConnector-repo.maven.apache.org-0-1] INFO  o.e.m.c.i.e.AbstractTransferListenerAdapter - Downloading https://repo.maven.apache.org/maven2/org/springframework/boot/spring-boot-starter/4.0.5/spring-boot-starter-4.0.5.jar
2026-04-09 10:36:56,055 [AetherRepositoryConnector-repo.maven.apache.org-0-2] INFO  o.e.m.c.i.e.AbstractTransferListenerAdapter - Downloading https://repo.maven.apache.org/maven2/org/springframework/boot/spring-boot-starter-logging/4.0.5/spring-boot-starter-logging-4.0.5.jar
2026-04-09 10:36:56,064 [AetherRepositoryConnector-repo.maven.apache.org-0-3] INFO  o.e.m.c.i.e.AbstractTransferListenerAdapter - Downloading https://repo.maven.apache.org/maven2/org/apache/logging/log4j/log4j-to-slf4j/2.25.3/log4j-to-slf4j-2.25.3.jar
2026-04-09 10:36:56,082 [AetherRepositoryConnector-repo.maven.apache.org-0-4] INFO  o.e.m.c.i.e.AbstractTransferListenerAdapter - Downloading https://repo.maven.apache.org/maven2/org/apache/logging/log4j/log4j-api/2.25.3/log4j-api-2.25.3.jar
2026-04-09 10:36:56,083 [AetherRepositoryConnector-repo.maven.apache.org-0-0] INFO  o.e.m.c.i.e.AbstractTransferListenerAdapter - Downloading https://repo.maven.apache.org/maven2/org/springframework/boot/spring-boot-starter-data-jpa/4.0.5/spring-boot-starter-data-jpa-4.0.5.jar
2026-04-09 10:36:56,356 [AetherRepositoryConnector-repo.maven.apache.org-0-2] INFO  o.e.m.c.i.e.AbstractTransferListenerAdapter - Downloaded https://repo.maven.apache.org/maven2/org/springframework/boot/spring-boot-starter-logging/4.0.5/spring-boot-starter-logging-4.0.5.jar
2026-04-09 10:36:56,368 [AetherRepositoryConnector-repo.maven.apache.org-0-1] INFO  o.e.m.c.i.e.AbstractTransferListenerAdapter - Downloaded https://repo.maven.apache.org/maven2/org/springframework/boot/spring-boot-starter/4.0.5/spring-boot-starter-4.0.5.jar
2026-04-09 10:36:56,373 [AetherRepositoryConnector-repo.maven.apache.org-0-0] INFO  o.e.m.c.i.e.AbstractTransferListenerAdapter - Downloaded https://repo.maven.apache.org/maven2/org/springframework/boot/spring-boot-starter-data-jpa/4.0.5/spring-boot-starter-data-jpa-4.0.5.jar
2026-04-09 10:36:56,414 [AetherRepositoryConnector-repo.maven.apache.org-0-3] INFO  o.e.m.c.i.e.AbstractTransferListenerAdapter - Downloaded https://repo.maven.apache.org/maven2/org/apache/logging/log4j/log4j-to-slf4j/2.25.3/log4j-to-slf4j-2.25.3.jar
2026-04-09 10:36:56,440 [AetherRepositoryConnector-repo.maven.apache.org-0-2] INFO  o.e.m.c.i.e.AbstractTransferListenerAdapter - Downloading https://repo.maven.apache.org/maven2/jakarta/annotation/jakarta.annotation-api/3.0.0/jakarta.annotation-api-3.0.0.jar
2026-04-09 10:36:56,460 [AetherRepositoryConnector-repo.maven.apache.org-0-1] INFO  o.e.m.c.i.e.AbstractTransferListenerAdapter - Downloading https://repo.maven.apache.org/maven2/org/yaml/snakeyaml/2.5/snakeyaml-2.5.jar
2026-04-09 10:36:56,479 [AetherRepositoryConnector-repo.maven.apache.org-0-4] INFO  o.e.m.c.i.e.AbstractTransferListenerAdapter - Downloaded https://repo.maven.apache.org/maven2/org/apache/logging/log4j/log4j-api/2.25.3/log4j-api-2.25.3.jar
2026-04-09 10:36:56,567 [AetherRepositoryConnector-repo.maven.apache.org-0-0] INFO  o.e.m.c.i.e.AbstractTransferListenerAdapter - Downloading https://repo.maven.apache.org/maven2/org/springframework/boot/spring-boot-starter-jdbc/4.0.5/spring-boot-starter-jdbc-4.0.5.jar
2026-04-09 10:36:56,655 [AetherRepositoryConnector-repo.maven.apache.org-0-3] INFO  o.e.m.c.i.e.AbstractTransferListenerAdapter - Downloading https://repo.maven.apache.org/maven2/com/zaxxer/HikariCP/7.0.2/HikariCP-7.0.2.jar
2026-04-09 10:36:56,674 [AetherRepositoryConnector-repo.maven.apache.org-0-4] INFO  o.e.m.c.i.e.AbstractTransferListenerAdapter - Downloading https://repo.maven.apache.org/maven2/org/springframework/boot/spring-boot-data-jpa/4.0.5/spring-boot-data-jpa-4.0.5.jar
2026-04-09 10:36:57,129 [AetherRepositoryConnector-repo.maven.apache.org-0-2] INFO  o.e.m.c.i.e.AbstractTransferListenerAdapter - Downloaded https://repo.maven.apache.org/maven2/jakarta/annotation/jakarta.annotation-api/3.0.0/jakarta.annotation-api-3.0.0.jar
2026-04-09 10:36:57,175 [AetherRepositoryConnector-repo.maven.apache.org-0-2] INFO  o.e.m.c.i.e.AbstractTransferListenerAdapter - Downloading https://repo.maven.apache.org/maven2/org/springframework/boot/spring-boot-data-commons/4.0.5/spring-boot-data-commons-4.0.5.jar
2026-04-09 10:36:57,176 [AetherRepositoryConnector-repo.maven.apache.org-0-0] INFO  o.e.m.c.i.e.AbstractTransferListenerAdapter - Downloaded https://repo.maven.apache.org/maven2/org/springframework/boot/spring-boot-starter-jdbc/4.0.5/spring-boot-starter-jdbc-4.0.5.jar
2026-04-09 10:36:57,217 [AetherRepositoryConnector-repo.maven.apache.org-0-1] INFO  o.e.m.c.i.e.AbstractTransferListenerAdapter - Downloaded https://repo.maven.apache.org/maven2/org/yaml/snakeyaml/2.5/snakeyaml-2.5.jar
2026-04-09 10:36:57,217 [AetherRepositoryConnector-repo.maven.apache.org-0-3] INFO  o.e.m.c.i.e.AbstractTransferListenerAdapter - Downloaded https://repo.maven.apache.org/maven2/com/zaxxer/HikariCP/7.0.2/HikariCP-7.0.2.jar
2026-04-09 10:36:57,220 [AetherRepositoryConnector-repo.maven.apache.org-0-0] INFO  o.e.m.c.i.e.AbstractTransferListenerAdapter - Downloading https://repo.maven.apache.org/maven2/org/springframework/boot/spring-boot-persistence/4.0.5/spring-boot-persistence-4.0.5.jar
2026-04-09 10:36:57,276 [AetherRepositoryConnector-repo.maven.apache.org-0-3] INFO  o.e.m.c.i.e.AbstractTransferListenerAdapter - Downloading https://repo.maven.apache.org/maven2/org/springframework/boot/spring-boot-hibernate/4.0.5/spring-boot-hibernate-4.0.5.jar
2026-04-09 10:36:57,289 [AetherRepositoryConnector-repo.maven.apache.org-0-1] INFO  o.e.m.c.i.e.AbstractTransferListenerAdapter - Downloading https://repo.maven.apache.org/maven2/org/springframework/data/spring-data-commons/4.0.4/spring-data-commons-4.0.4.jar
2026-04-09 10:36:59,357 [AetherRepositoryConnector-repo.maven.apache.org-0-4] INFO  o.e.m.c.i.e.AbstractTransferListenerAdapter - Downloaded https://repo.maven.apache.org/maven2/org/springframework/boot/spring-boot-data-jpa/4.0.5/spring-boot-data-jpa-4.0.5.jar
2026-04-09 10:36:59,442 [AetherRepositoryConnector-repo.maven.apache.org-0-4] INFO  o.e.m.c.i.e.AbstractTransferListenerAdapter - Downloading https://repo.maven.apache.org/maven2/org/springframework/boot/spring-boot-jpa/4.0.5/spring-boot-jpa-4.0.5.jar
2026-04-09 10:36:59,484 [AetherRepositoryConnector-repo.maven.apache.org-0-2] INFO  o.e.m.c.i.e.AbstractTransferListenerAdapter - Downloaded https://repo.maven.apache.org/maven2/org/springframework/boot/spring-boot-data-commons/4.0.5/spring-boot-data-commons-4.0.5.jar
2026-04-09 10:36:59,484 [AetherRepositoryConnector-repo.maven.apache.org-0-3] INFO  o.e.m.c.i.e.AbstractTransferListenerAdapter - Downloaded https://repo.maven.apache.org/maven2/org/springframework/boot/spring-boot-hibernate/4.0.5/spring-boot-hibernate-4.0.5.jar
2026-04-09 10:36:59,484 [AetherRepositoryConnector-repo.maven.apache.org-0-0] INFO  o.e.m.c.i.e.AbstractTransferListenerAdapter - Downloaded https://repo.maven.apache.org/maven2/org/springframework/boot/spring-boot-persistence/4.0.5/spring-boot-persistence-4.0.5.jar
2026-04-09 10:36:59,680 [AetherRepositoryConnector-repo.maven.apache.org-0-3] INFO  o.e.m.c.i.e.AbstractTransferListenerAdapter - Downloading https://repo.maven.apache.org/maven2/jakarta/persistence/jakarta.persistence-api/3.2.0/jakarta.persistence-api-3.2.0.jar
2026-04-09 10:36:59,680 [AetherRepositoryConnector-repo.maven.apache.org-0-2] INFO  o.e.m.c.i.e.AbstractTransferListenerAdapter - Downloading https://repo.maven.apache.org/maven2/org/hibernate/models/hibernate-models/1.0.1/hibernate-models-1.0.1.jar
2026-04-09 10:36:59,681 [AetherRepositoryConnector-repo.maven.apache.org-0-0] INFO  o.e.m.c.i.e.AbstractTransferListenerAdapter - Downloading https://repo.maven.apache.org/maven2/org/hibernate/orm/hibernate-core/7.2.7.Final/hibernate-core-7.2.7.Final.jar
2026-04-09 10:37:01,376 [AetherRepositoryConnector-repo.maven.apache.org-0-4] INFO  o.e.m.c.i.e.AbstractTransferListenerAdapter - Downloaded https://repo.maven.apache.org/maven2/org/springframework/boot/spring-boot-jpa/4.0.5/spring-boot-jpa-4.0.5.jar
2026-04-09 10:37:02,486 [AetherRepositoryConnector-repo.maven.apache.org-0-4] INFO  o.e.m.c.i.e.AbstractTransferListenerAdapter - Downloading https://repo.maven.apache.org/maven2/org/springframework/spring-orm/7.0.6/spring-orm-7.0.6.jar
2026-04-09 10:37:03,416 [AetherRepositoryConnector-repo.maven.apache.org-0-3] INFO  o.e.m.c.i.e.AbstractTransferListenerAdapter - Downloaded https://repo.maven.apache.org/maven2/jakarta/persistence/jakarta.persistence-api/3.2.0/jakarta.persistence-api-3.2.0.jar
2026-04-09 10:37:03,417 [AetherRepositoryConnector-repo.maven.apache.org-0-2] INFO  o.e.m.c.i.e.AbstractTransferListenerAdapter - Downloaded https://repo.maven.apache.org/maven2/org/hibernate/models/hibernate-models/1.0.1/hibernate-models-1.0.1.jar
2026-04-09 10:37:03,908 [AetherRepositoryConnector-repo.maven.apache.org-0-3] INFO  o.e.m.c.i.e.AbstractTransferListenerAdapter - Downloading https://repo.maven.apache.org/maven2/org/springframework/data/spring-data-jpa/4.0.4/spring-data-jpa-4.0.4.jar
2026-04-09 10:37:04,378 [AetherRepositoryConnector-repo.maven.apache.org-0-2] INFO  o.e.m.c.i.e.AbstractTransferListenerAdapter - Downloading https://repo.maven.apache.org/maven2/org/springframework/spring-aop/7.0.6/spring-aop-7.0.6.jar
2026-04-09 10:37:06,592 [AetherRepositoryConnector-repo.maven.apache.org-0-1] INFO  o.e.m.c.i.e.AbstractTransferListenerAdapter - Downloaded https://repo.maven.apache.org/maven2/org/springframework/data/spring-data-commons/4.0.4/spring-data-commons-4.0.4.jar
2026-04-09 10:37:06,840 [AetherRepositoryConnector-repo.maven.apache.org-0-1] INFO  o.e.m.c.i.e.AbstractTransferListenerAdapter - Downloading https://repo.maven.apache.org/maven2/org/springframework/spring-tx/7.0.6/spring-tx-7.0.6.jar
2026-04-09 10:37:09,413 [AetherRepositoryConnector-repo.maven.apache.org-0-4] INFO  o.e.m.c.i.e.AbstractTransferListenerAdapter - Downloaded https://repo.maven.apache.org/maven2/org/springframework/spring-orm/7.0.6/spring-orm-7.0.6.jar
2026-04-09 10:37:10,165 [AetherRepositoryConnector-repo.maven.apache.org-0-4] INFO  o.e.m.c.i.e.AbstractTransferListenerAdapter - Downloading https://repo.maven.apache.org/maven2/org/springframework/spring-beans/7.0.6/spring-beans-7.0.6.jar
2026-04-09 10:37:11,333 [AetherRepositoryConnector-repo.maven.apache.org-0-2] INFO  o.e.m.c.i.e.AbstractTransferListenerAdapter - Downloaded https://repo.maven.apache.org/maven2/org/springframework/spring-aop/7.0.6/spring-aop-7.0.6.jar
2026-04-09 10:37:11,562 [AetherRepositoryConnector-repo.maven.apache.org-0-2] INFO  o.e.m.c.i.e.AbstractTransferListenerAdapter - Downloading https://repo.maven.apache.org/maven2/org/antlr/antlr4-runtime/4.13.2/antlr4-runtime-4.13.2.jar
2026-04-09 10:37:13,710 [AetherRepositoryConnector-repo.maven.apache.org-0-1] INFO  o.e.m.c.i.e.AbstractTransferListenerAdapter - Downloaded https://repo.maven.apache.org/maven2/org/springframework/spring-tx/7.0.6/spring-tx-7.0.6.jar
2026-04-09 10:37:14,044 [AetherRepositoryConnector-repo.maven.apache.org-0-1] INFO  o.e.m.c.i.e.AbstractTransferListenerAdapter - Downloading https://repo.maven.apache.org/maven2/org/springframework/spring-aspects/7.0.6/spring-aspects-7.0.6.jar
2026-04-09 10:37:18,722 [AetherRepositoryConnector-repo.maven.apache.org-0-1] INFO  o.e.m.c.i.e.AbstractTransferListenerAdapter - Downloaded https://repo.maven.apache.org/maven2/org/springframework/spring-aspects/7.0.6/spring-aspects-7.0.6.jar
2026-04-09 10:37:18,972 [AetherRepositoryConnector-repo.maven.apache.org-0-1] INFO  o.e.m.c.i.e.AbstractTransferListenerAdapter - Downloading https://repo.maven.apache.org/maven2/org/springframework/boot/spring-boot-jdbc/4.0.5/spring-boot-jdbc-4.0.5.jar
2026-04-09 10:37:19,006 [AetherRepositoryConnector-repo.maven.apache.org-0-2] INFO  o.e.m.c.i.e.AbstractTransferListenerAdapter - Downloaded https://repo.maven.apache.org/maven2/org/antlr/antlr4-runtime/4.13.2/antlr4-runtime-4.13.2.jar
2026-04-09 10:37:19,155 [AetherRepositoryConnector-repo.maven.apache.org-0-2] INFO  o.e.m.c.i.e.AbstractTransferListenerAdapter - Downloading https://repo.maven.apache.org/maven2/org/springframework/boot/spring-boot-sql/4.0.5/spring-boot-sql-4.0.5.jar
2026-04-09 10:37:20,335 [AetherRepositoryConnector-repo.maven.apache.org-0-4] INFO  o.e.m.c.i.e.AbstractTransferListenerAdapter - Downloaded https://repo.maven.apache.org/maven2/org/springframework/spring-beans/7.0.6/spring-beans-7.0.6.jar
2026-04-09 10:37:20,443 [AetherRepositoryConnector-repo.maven.apache.org-0-4] INFO  o.e.m.c.i.e.AbstractTransferListenerAdapter - Downloading https://repo.maven.apache.org/maven2/org/springframework/boot/spring-boot-transaction/4.0.5/spring-boot-transaction-4.0.5.jar
2026-04-09 10:37:21,541 [AetherRepositoryConnector-repo.maven.apache.org-0-1] INFO  o.e.m.c.i.e.AbstractTransferListenerAdapter - Downloaded https://repo.maven.apache.org/maven2/org/springframework/boot/spring-boot-jdbc/4.0.5/spring-boot-jdbc-4.0.5.jar
2026-04-09 10:37:21,975 [AetherRepositoryConnector-repo.maven.apache.org-0-1] INFO  o.e.m.c.i.e.AbstractTransferListenerAdapter - Downloading https://repo.maven.apache.org/maven2/org/springframework/spring-jdbc/7.0.6/spring-jdbc-7.0.6.jar
2026-04-09 10:37:22,214 [AetherRepositoryConnector-repo.maven.apache.org-0-3] INFO  o.e.m.c.i.e.AbstractTransferListenerAdapter - Downloaded https://repo.maven.apache.org/maven2/org/springframework/data/spring-data-jpa/4.0.4/spring-data-jpa-4.0.4.jar
2026-04-09 10:37:22,225 [AetherRepositoryConnector-repo.maven.apache.org-0-2] INFO  o.e.m.c.i.e.AbstractTransferListenerAdapter - Downloaded https://repo.maven.apache.org/maven2/org/springframework/boot/spring-boot-sql/4.0.5/spring-boot-sql-4.0.5.jar
2026-04-09 10:37:22,825 [AetherRepositoryConnector-repo.maven.apache.org-0-3] INFO  o.e.m.c.i.e.AbstractTransferListenerAdapter - Downloading https://repo.maven.apache.org/maven2/org/springframework/boot/spring-boot-starter-webmvc/4.0.5/spring-boot-starter-webmvc-4.0.5.jar
2026-04-09 10:37:22,825 [AetherRepositoryConnector-repo.maven.apache.org-0-2] INFO  o.e.m.c.i.e.AbstractTransferListenerAdapter - Downloading https://repo.maven.apache.org/maven2/org/springframework/boot/spring-boot-starter-jackson/4.0.5/spring-boot-starter-jackson-4.0.5.jar
2026-04-09 10:37:24,878 [AetherRepositoryConnector-repo.maven.apache.org-0-4] INFO  o.e.m.c.i.e.AbstractTransferListenerAdapter - Downloaded https://repo.maven.apache.org/maven2/org/springframework/boot/spring-boot-transaction/4.0.5/spring-boot-transaction-4.0.5.jar
2026-04-09 10:37:25,237 [AetherRepositoryConnector-repo.maven.apache.org-0-4] INFO  o.e.m.c.i.e.AbstractTransferListenerAdapter - Downloading https://repo.maven.apache.org/maven2/org/springframework/boot/spring-boot-jackson/4.0.5/spring-boot-jackson-4.0.5.jar
2026-04-09 10:37:25,535 [AetherRepositoryConnector-repo.maven.apache.org-0-2] INFO  o.e.m.c.i.e.AbstractTransferListenerAdapter - Downloaded https://repo.maven.apache.org/maven2/org/springframework/boot/spring-boot-starter-jackson/4.0.5/spring-boot-starter-jackson-4.0.5.jar
2026-04-09 10:37:25,535 [AetherRepositoryConnector-repo.maven.apache.org-0-3] INFO  o.e.m.c.i.e.AbstractTransferListenerAdapter - Downloaded https://repo.maven.apache.org/maven2/org/springframework/boot/spring-boot-starter-webmvc/4.0.5/spring-boot-starter-webmvc-4.0.5.jar
2026-04-09 10:37:26,711 [AetherRepositoryConnector-repo.maven.apache.org-0-3] INFO  o.e.m.c.i.e.AbstractTransferListenerAdapter - Downloading https://repo.maven.apache.org/maven2/tools/jackson/core/jackson-databind/3.1.0/jackson-databind-3.1.0.jar
2026-04-09 10:37:26,711 [AetherRepositoryConnector-repo.maven.apache.org-0-2] INFO  o.e.m.c.i.e.AbstractTransferListenerAdapter - Downloading https://repo.maven.apache.org/maven2/tools/jackson/core/jackson-core/3.1.0/jackson-core-3.1.0.jar
2026-04-09 10:37:27,611 [AetherRepositoryConnector-repo.maven.apache.org-0-1] INFO  o.e.m.c.i.e.AbstractTransferListenerAdapter - Downloaded https://repo.maven.apache.org/maven2/org/springframework/spring-jdbc/7.0.6/spring-jdbc-7.0.6.jar
2026-04-09 10:37:27,756 [AetherRepositoryConnector-repo.maven.apache.org-0-1] INFO  o.e.m.c.i.e.AbstractTransferListenerAdapter - Downloading https://repo.maven.apache.org/maven2/org/springframework/boot/spring-boot-http-converter/4.0.5/spring-boot-http-converter-4.0.5.jar
2026-04-09 10:37:28,083 [AetherRepositoryConnector-repo.maven.apache.org-0-4] INFO  o.e.m.c.i.e.AbstractTransferListenerAdapter - Downloaded https://repo.maven.apache.org/maven2/org/springframework/boot/spring-boot-jackson/4.0.5/spring-boot-jackson-4.0.5.jar
2026-04-09 10:37:28,214 [AetherRepositoryConnector-repo.maven.apache.org-0-4] INFO  o.e.m.c.i.e.AbstractTransferListenerAdapter - Downloading https://repo.maven.apache.org/maven2/org/springframework/spring-web/7.0.6/spring-web-7.0.6.jar
2026-04-09 10:37:30,156 [AetherRepositoryConnector-repo.maven.apache.org-0-1] INFO  o.e.m.c.i.e.AbstractTransferListenerAdapter - Downloaded https://repo.maven.apache.org/maven2/org/springframework/boot/spring-boot-http-converter/4.0.5/spring-boot-http-converter-4.0.5.jar
2026-04-09 10:37:30,329 [AetherRepositoryConnector-repo.maven.apache.org-0-1] INFO  o.e.m.c.i.e.AbstractTransferListenerAdapter - Downloading https://repo.maven.apache.org/maven2/io/micrometer/micrometer-observation/1.16.4/micrometer-observation-1.16.4.jar
2026-04-09 10:37:31,842 [AetherRepositoryConnector-repo.maven.apache.org-0-2] INFO  o.e.m.c.i.e.AbstractTransferListenerAdapter - Downloaded https://repo.maven.apache.org/maven2/tools/jackson/core/jackson-core/3.1.0/jackson-core-3.1.0.jar
2026-04-09 10:37:32,204 [AetherRepositoryConnector-repo.maven.apache.org-0-2] INFO  o.e.m.c.i.e.AbstractTransferListenerAdapter - Downloading https://repo.maven.apache.org/maven2/io/micrometer/micrometer-commons/1.16.4/micrometer-commons-1.16.4.jar
2026-04-09 10:37:33,413 [AetherRepositoryConnector-repo.maven.apache.org-0-1] INFO  o.e.m.c.i.e.AbstractTransferListenerAdapter - Downloaded https://repo.maven.apache.org/maven2/io/micrometer/micrometer-observation/1.16.4/micrometer-observation-1.16.4.jar
2026-04-09 10:37:33,841 [AetherRepositoryConnector-repo.maven.apache.org-0-1] INFO  o.e.m.c.i.e.AbstractTransferListenerAdapter - Downloading https://repo.maven.apache.org/maven2/org/springframework/boot/spring-boot-webmvc/4.0.5/spring-boot-webmvc-4.0.5.jar
2026-04-09 10:37:35,172 [AetherRepositoryConnector-repo.maven.apache.org-0-2] INFO  o.e.m.c.i.e.AbstractTransferListenerAdapter - Downloaded https://repo.maven.apache.org/maven2/io/micrometer/micrometer-commons/1.16.4/micrometer-commons-1.16.4.jar
2026-04-09 10:37:35,466 [AetherRepositoryConnector-repo.maven.apache.org-0-2] INFO  o.e.m.c.i.e.AbstractTransferListenerAdapter - Downloading https://repo.maven.apache.org/maven2/org/springframework/boot/spring-boot-servlet/4.0.5/spring-boot-servlet-4.0.5.jar
2026-04-09 10:37:36,810 [AetherRepositoryConnector-repo.maven.apache.org-0-1] INFO  o.e.m.c.i.e.AbstractTransferListenerAdapter - Downloaded https://repo.maven.apache.org/maven2/org/springframework/boot/spring-boot-webmvc/4.0.5/spring-boot-webmvc-4.0.5.jar
2026-04-09 10:37:36,939 [AetherRepositoryConnector-repo.maven.apache.org-0-1] INFO  o.e.m.c.i.e.AbstractTransferListenerAdapter - Downloading https://repo.maven.apache.org/maven2/org/springframework/spring-webmvc/7.0.6/spring-webmvc-7.0.6.jar
2026-04-09 10:37:37,971 [AetherRepositoryConnector-repo.maven.apache.org-0-3] INFO  o.e.m.c.i.e.AbstractTransferListenerAdapter - Downloaded https://repo.maven.apache.org/maven2/tools/jackson/core/jackson-databind/3.1.0/jackson-databind-3.1.0.jar
2026-04-09 10:37:38,389 [AetherRepositoryConnector-repo.maven.apache.org-0-3] INFO  o.e.m.c.i.e.AbstractTransferListenerAdapter - Downloading https://repo.maven.apache.org/maven2/org/springframework/spring-expression/7.0.6/spring-expression-7.0.6.jar
2026-04-09 10:37:39,084 [AetherRepositoryConnector-repo.maven.apache.org-0-2] INFO  o.e.m.c.i.e.AbstractTransferListenerAdapter - Downloaded https://repo.maven.apache.org/maven2/org/springframework/boot/spring-boot-servlet/4.0.5/spring-boot-servlet-4.0.5.jar
2026-04-09 10:37:39,317 [AetherRepositoryConnector-repo.maven.apache.org-0-2] INFO  o.e.m.c.i.e.AbstractTransferListenerAdapter - Downloading https://repo.maven.apache.org/maven2/org/springframework/boot/spring-boot-devtools/4.0.5/spring-boot-devtools-4.0.5.jar
2026-04-09 10:37:40,518 [AetherRepositoryConnector-repo.maven.apache.org-0-4] INFO  o.e.m.c.i.e.AbstractTransferListenerAdapter - Downloaded https://repo.maven.apache.org/maven2/org/springframework/spring-web/7.0.6/spring-web-7.0.6.jar
2026-04-09 10:37:40,841 [AetherRepositoryConnector-repo.maven.apache.org-0-4] INFO  o.e.m.c.i.e.AbstractTransferListenerAdapter - Downloading https://repo.maven.apache.org/maven2/org/springframework/boot/spring-boot/4.0.5/spring-boot-4.0.5.jar
2026-04-09 10:37:42,009 [AetherRepositoryConnector-repo.maven.apache.org-0-3] INFO  o.e.m.c.i.e.AbstractTransferListenerAdapter - Downloaded https://repo.maven.apache.org/maven2/org/springframework/spring-expression/7.0.6/spring-expression-7.0.6.jar
2026-04-09 10:37:42,260 [AetherRepositoryConnector-repo.maven.apache.org-0-2] INFO  o.e.m.c.i.e.AbstractTransferListenerAdapter - Downloaded https://repo.maven.apache.org/maven2/org/springframework/boot/spring-boot-devtools/4.0.5/spring-boot-devtools-4.0.5.jar
2026-04-09 10:37:42,294 [AetherRepositoryConnector-repo.maven.apache.org-0-3] INFO  o.e.m.c.i.e.AbstractTransferListenerAdapter - Downloading https://repo.maven.apache.org/maven2/org/springframework/spring-core/7.0.6/spring-core-7.0.6.jar
2026-04-09 10:37:42,578 [AetherRepositoryConnector-repo.maven.apache.org-0-2] INFO  o.e.m.c.i.e.AbstractTransferListenerAdapter - Downloading https://repo.maven.apache.org/maven2/commons-logging/commons-logging/1.3.6/commons-logging-1.3.6.jar
2026-04-09 10:37:43,396 [AetherRepositoryConnector-repo.maven.apache.org-0-1] INFO  o.e.m.c.i.e.AbstractTransferListenerAdapter - Downloaded https://repo.maven.apache.org/maven2/org/springframework/spring-webmvc/7.0.6/spring-webmvc-7.0.6.jar
2026-04-09 10:37:43,492 [AetherRepositoryConnector-repo.maven.apache.org-0-1] INFO  o.e.m.c.i.e.AbstractTransferListenerAdapter - Downloading https://repo.maven.apache.org/maven2/org/jspecify/jspecify/1.0.0/jspecify-1.0.0.jar
2026-04-09 10:37:44,111 [AetherRepositoryConnector-repo.maven.apache.org-0-2] INFO  o.e.m.c.i.e.AbstractTransferListenerAdapter - Downloaded https://repo.maven.apache.org/maven2/commons-logging/commons-logging/1.3.6/commons-logging-1.3.6.jar
2026-04-09 10:37:44,227 [AetherRepositoryConnector-repo.maven.apache.org-0-2] INFO  o.e.m.c.i.e.AbstractTransferListenerAdapter - Downloading https://repo.maven.apache.org/maven2/org/springframework/spring-context/7.0.6/spring-context-7.0.6.jar
2026-04-09 10:37:45,123 [AetherRepositoryConnector-repo.maven.apache.org-0-1] INFO  o.e.m.c.i.e.AbstractTransferListenerAdapter - Downloaded https://repo.maven.apache.org/maven2/org/jspecify/jspecify/1.0.0/jspecify-1.0.0.jar
2026-04-09 10:37:45,286 [AetherRepositoryConnector-repo.maven.apache.org-0-1] INFO  o.e.m.c.i.e.AbstractTransferListenerAdapter - Downloading https://repo.maven.apache.org/maven2/org/springframework/boot/spring-boot-autoconfigure/4.0.5/spring-boot-autoconfigure-4.0.5.jar
2026-04-09 10:37:46,561 [AetherRepositoryConnector-repo.maven.apache.org-0-4] INFO  o.e.m.c.i.e.AbstractTransferListenerAdapter - Downloaded https://repo.maven.apache.org/maven2/org/springframework/boot/spring-boot/4.0.5/spring-boot-4.0.5.jar
2026-04-09 10:37:46,648 [AetherRepositoryConnector-repo.maven.apache.org-0-4] INFO  o.e.m.c.i.e.AbstractTransferListenerAdapter - Downloading https://repo.maven.apache.org/maven2/org/springframework/boot/spring-boot-starter-tomcat/4.0.5/spring-boot-starter-tomcat-4.0.5.jar
2026-04-09 10:37:47,494 [AetherRepositoryConnector-repo.maven.apache.org-0-1] INFO  o.e.m.c.i.e.AbstractTransferListenerAdapter - Downloaded https://repo.maven.apache.org/maven2/org/springframework/boot/spring-boot-autoconfigure/4.0.5/spring-boot-autoconfigure-4.0.5.jar
2026-04-09 10:37:47,645 [AetherRepositoryConnector-repo.maven.apache.org-0-1] INFO  o.e.m.c.i.e.AbstractTransferListenerAdapter - Downloading https://repo.maven.apache.org/maven2/org/springframework/boot/spring-boot-starter-tomcat-runtime/4.0.5/spring-boot-starter-tomcat-runtime-4.0.5.jar
2026-04-09 10:37:47,834 [AetherRepositoryConnector-repo.maven.apache.org-0-4] INFO  o.e.m.c.i.e.AbstractTransferListenerAdapter - Downloaded https://repo.maven.apache.org/maven2/org/springframework/boot/spring-boot-starter-tomcat/4.0.5/spring-boot-starter-tomcat-4.0.5.jar
2026-04-09 10:37:47,953 [AetherRepositoryConnector-repo.maven.apache.org-0-4] INFO  o.e.m.c.i.e.AbstractTransferListenerAdapter - Downloading https://repo.maven.apache.org/maven2/org/springframework/boot/spring-boot-web-server/4.0.5/spring-boot-web-server-4.0.5.jar
2026-04-09 10:37:48,438 [AetherRepositoryConnector-repo.maven.apache.org-0-3] INFO  o.e.m.c.i.e.AbstractTransferListenerAdapter - Downloaded https://repo.maven.apache.org/maven2/org/springframework/spring-core/7.0.6/spring-core-7.0.6.jar
2026-04-09 10:37:48,443 [AetherRepositoryConnector-repo.maven.apache.org-0-1] INFO  o.e.m.c.i.e.AbstractTransferListenerAdapter - Downloaded https://repo.maven.apache.org/maven2/org/springframework/boot/spring-boot-starter-tomcat-runtime/4.0.5/spring-boot-starter-tomcat-runtime-4.0.5.jar
2026-04-09 10:37:48,445 [AetherRepositoryConnector-repo.maven.apache.org-0-2] INFO  o.e.m.c.i.e.AbstractTransferListenerAdapter - Downloaded https://repo.maven.apache.org/maven2/org/springframework/spring-context/7.0.6/spring-context-7.0.6.jar
2026-04-09 10:37:48,617 [AetherRepositoryConnector-repo.maven.apache.org-0-2] INFO  o.e.m.c.i.e.AbstractTransferListenerAdapter - Downloading https://repo.maven.apache.org/maven2/org/apache/tomcat/embed/tomcat-embed-websocket/11.0.20/tomcat-embed-websocket-11.0.20.jar
2026-04-09 10:37:48,617 [AetherRepositoryConnector-repo.maven.apache.org-0-3] INFO  o.e.m.c.i.e.AbstractTransferListenerAdapter - Downloading https://repo.maven.apache.org/maven2/org/apache/tomcat/embed/tomcat-embed-core/11.0.20/tomcat-embed-core-11.0.20.jar
2026-04-09 10:37:48,617 [AetherRepositoryConnector-repo.maven.apache.org-0-1] INFO  o.e.m.c.i.e.AbstractTransferListenerAdapter - Downloading https://repo.maven.apache.org/maven2/org/apache/tomcat/embed/tomcat-embed-el/11.0.20/tomcat-embed-el-11.0.20.jar
2026-04-09 10:37:48,823 [AetherRepositoryConnector-repo.maven.apache.org-0-4] INFO  o.e.m.c.i.e.AbstractTransferListenerAdapter - Downloaded https://repo.maven.apache.org/maven2/org/springframework/boot/spring-boot-web-server/4.0.5/spring-boot-web-server-4.0.5.jar
2026-04-09 10:37:49,025 [AetherRepositoryConnector-repo.maven.apache.org-0-4] INFO  o.e.m.c.i.e.AbstractTransferListenerAdapter - Downloading https://repo.maven.apache.org/maven2/org/springframework/boot/spring-boot-tomcat/4.0.5/spring-boot-tomcat-4.0.5.jar
2026-04-09 10:37:51,005 [AetherRepositoryConnector-repo.maven.apache.org-0-4] INFO  o.e.m.c.i.e.AbstractTransferListenerAdapter - Downloaded https://repo.maven.apache.org/maven2/org/springframework/boot/spring-boot-tomcat/4.0.5/spring-boot-tomcat-4.0.5.jar
2026-04-09 10:37:51,227 [AetherRepositoryConnector-repo.maven.apache.org-0-4] INFO  o.e.m.c.i.e.AbstractTransferListenerAdapter - Downloading https://repo.maven.apache.org/maven2/org/springframework/boot/spring-boot-starter-data-jpa-test/4.0.5/spring-boot-starter-data-jpa-test-4.0.5.jar
2026-04-09 10:37:51,410 [AetherRepositoryConnector-repo.maven.apache.org-0-1] INFO  o.e.m.c.i.e.AbstractTransferListenerAdapter - Downloaded https://repo.maven.apache.org/maven2/org/apache/tomcat/embed/tomcat-embed-el/11.0.20/tomcat-embed-el-11.0.20.jar
2026-04-09 10:37:51,410 [AetherRepositoryConnector-repo.maven.apache.org-0-2] INFO  o.e.m.c.i.e.AbstractTransferListenerAdapter - Downloaded https://repo.maven.apache.org/maven2/org/apache/tomcat/embed/tomcat-embed-websocket/11.0.20/tomcat-embed-websocket-11.0.20.jar
2026-04-09 10:37:51,540 [AetherRepositoryConnector-repo.maven.apache.org-0-1] INFO  o.e.m.c.i.e.AbstractTransferListenerAdapter - Downloading https://repo.maven.apache.org/maven2/org/springframework/boot/spring-boot-starter-test/4.0.5/spring-boot-starter-test-4.0.5.jar
2026-04-09 10:37:51,651 [AetherRepositoryConnector-repo.maven.apache.org-0-2] INFO  o.e.m.c.i.e.AbstractTransferListenerAdapter - Downloading https://repo.maven.apache.org/maven2/org/springframework/boot/spring-boot-test/4.0.5/spring-boot-test-4.0.5.jar
2026-04-09 10:37:52,517 [AetherRepositoryConnector-repo.maven.apache.org-0-4] INFO  o.e.m.c.i.e.AbstractTransferListenerAdapter - Downloaded https://repo.maven.apache.org/maven2/org/springframework/boot/spring-boot-starter-data-jpa-test/4.0.5/spring-boot-starter-data-jpa-test-4.0.5.jar
2026-04-09 10:37:52,702 [AetherRepositoryConnector-repo.maven.apache.org-0-4] INFO  o.e.m.c.i.e.AbstractTransferListenerAdapter - Downloading https://repo.maven.apache.org/maven2/org/springframework/boot/spring-boot-test-autoconfigure/4.0.5/spring-boot-test-autoconfigure-4.0.5.jar
2026-04-09 10:37:52,855 [AetherRepositoryConnector-repo.maven.apache.org-0-1] INFO  o.e.m.c.i.e.AbstractTransferListenerAdapter - Downloaded https://repo.maven.apache.org/maven2/org/springframework/boot/spring-boot-starter-test/4.0.5/spring-boot-starter-test-4.0.5.jar
2026-04-09 10:37:53,002 [AetherRepositoryConnector-repo.maven.apache.org-0-1] INFO  o.e.m.c.i.e.AbstractTransferListenerAdapter - Downloading https://repo.maven.apache.org/maven2/com/jayway/jsonpath/json-path/2.10.0/json-path-2.10.0.jar
2026-04-09 10:37:53,658 [AetherRepositoryConnector-repo.maven.apache.org-0-2] INFO  o.e.m.c.i.e.AbstractTransferListenerAdapter - Downloaded https://repo.maven.apache.org/maven2/org/springframework/boot/spring-boot-test/4.0.5/spring-boot-test-4.0.5.jar
2026-04-09 10:37:53,867 [AetherRepositoryConnector-repo.maven.apache.org-0-2] INFO  o.e.m.c.i.e.AbstractTransferListenerAdapter - Downloading https://repo.maven.apache.org/maven2/net/minidev/json-smart/2.6.0/json-smart-2.6.0.jar
2026-04-09 10:37:54,631 [AetherRepositoryConnector-repo.maven.apache.org-0-4] INFO  o.e.m.c.i.e.AbstractTransferListenerAdapter - Downloaded https://repo.maven.apache.org/maven2/org/springframework/boot/spring-boot-test-autoconfigure/4.0.5/spring-boot-test-autoconfigure-4.0.5.jar
2026-04-09 10:37:54,815 [AetherRepositoryConnector-repo.maven.apache.org-0-4] INFO  o.e.m.c.i.e.AbstractTransferListenerAdapter - Downloading https://repo.maven.apache.org/maven2/net/minidev/accessors-smart/2.6.0/accessors-smart-2.6.0.jar
2026-04-09 10:37:55,190 [AetherRepositoryConnector-repo.maven.apache.org-0-1] INFO  o.e.m.c.i.e.AbstractTransferListenerAdapter - Downloaded https://repo.maven.apache.org/maven2/com/jayway/jsonpath/json-path/2.10.0/json-path-2.10.0.jar
2026-04-09 10:37:55,191 [AetherRepositoryConnector-repo.maven.apache.org-0-2] INFO  o.e.m.c.i.e.AbstractTransferListenerAdapter - Downloaded https://repo.maven.apache.org/maven2/net/minidev/json-smart/2.6.0/json-smart-2.6.0.jar
2026-04-09 10:37:55,567 [AetherRepositoryConnector-repo.maven.apache.org-0-1] INFO  o.e.m.c.i.e.AbstractTransferListenerAdapter - Downloading https://repo.maven.apache.org/maven2/org/awaitility/awaitility/4.3.0/awaitility-4.3.0.jar
2026-04-09 10:37:55,567 [AetherRepositoryConnector-repo.maven.apache.org-0-2] INFO  o.e.m.c.i.e.AbstractTransferListenerAdapter - Downloading https://repo.maven.apache.org/maven2/org/junit/jupiter/junit-jupiter/6.0.3/junit-jupiter-6.0.3.jar
2026-04-09 10:37:57,049 [AetherRepositoryConnector-repo.maven.apache.org-0-4] INFO  o.e.m.c.i.e.AbstractTransferListenerAdapter - Downloaded https://repo.maven.apache.org/maven2/net/minidev/accessors-smart/2.6.0/accessors-smart-2.6.0.jar
2026-04-09 10:37:57,309 [AetherRepositoryConnector-repo.maven.apache.org-0-4] INFO  o.e.m.c.i.e.AbstractTransferListenerAdapter - Downloading https://repo.maven.apache.org/maven2/org/junit/jupiter/junit-jupiter-api/6.0.3/junit-jupiter-api-6.0.3.jar
2026-04-09 10:37:57,448 [AetherRepositoryConnector-repo.maven.apache.org-0-1] INFO  o.e.m.c.i.e.AbstractTransferListenerAdapter - Downloaded https://repo.maven.apache.org/maven2/org/awaitility/awaitility/4.3.0/awaitility-4.3.0.jar
2026-04-09 10:37:57,626 [AetherRepositoryConnector-repo.maven.apache.org-0-1] INFO  o.e.m.c.i.e.AbstractTransferListenerAdapter - Downloading https://repo.maven.apache.org/maven2/org/junit/platform/junit-platform-commons/6.0.3/junit-platform-commons-6.0.3.jar
2026-04-09 10:37:57,635 [AetherRepositoryConnector-repo.maven.apache.org-0-2] INFO  o.e.m.c.i.e.AbstractTransferListenerAdapter - Downloaded https://repo.maven.apache.org/maven2/org/junit/jupiter/junit-jupiter/6.0.3/junit-jupiter-6.0.3.jar
2026-04-09 10:37:57,838 [AetherRepositoryConnector-repo.maven.apache.org-0-2] INFO  o.e.m.c.i.e.AbstractTransferListenerAdapter - Downloading https://repo.maven.apache.org/maven2/org/junit/jupiter/junit-jupiter-params/6.0.3/junit-jupiter-params-6.0.3.jar
2026-04-09 10:38:00,046 [AetherRepositoryConnector-repo.maven.apache.org-0-1] INFO  o.e.m.c.i.e.AbstractTransferListenerAdapter - Downloaded https://repo.maven.apache.org/maven2/org/junit/platform/junit-platform-commons/6.0.3/junit-platform-commons-6.0.3.jar
2026-04-09 10:38:00,049 [AetherRepositoryConnector-repo.maven.apache.org-0-4] INFO  o.e.m.c.i.e.AbstractTransferListenerAdapter - Downloaded https://repo.maven.apache.org/maven2/org/junit/jupiter/junit-jupiter-api/6.0.3/junit-jupiter-api-6.0.3.jar
2026-04-09 10:38:00,112 [AetherRepositoryConnector-repo.maven.apache.org-0-1] INFO  o.e.m.c.i.e.AbstractTransferListenerAdapter - Downloading https://repo.maven.apache.org/maven2/org/junit/jupiter/junit-jupiter-engine/6.0.3/junit-jupiter-engine-6.0.3.jar
2026-04-09 10:38:00,503 [AetherRepositoryConnector-repo.maven.apache.org-0-4] INFO  o.e.m.c.i.e.AbstractTransferListenerAdapter - Downloading https://repo.maven.apache.org/maven2/org/junit/platform/junit-platform-engine/6.0.3/junit-platform-engine-6.0.3.jar
2026-04-09 10:38:01,158 [AetherRepositoryConnector-repo.maven.apache.org-0-2] INFO  o.e.m.c.i.e.AbstractTransferListenerAdapter - Downloaded https://repo.maven.apache.org/maven2/org/junit/jupiter/junit-jupiter-params/6.0.3/junit-jupiter-params-6.0.3.jar
2026-04-09 10:38:01,158 [AetherRepositoryConnector-repo.maven.apache.org-0-3] INFO  o.e.m.c.i.e.AbstractTransferListenerAdapter - Downloaded https://repo.maven.apache.org/maven2/org/apache/tomcat/embed/tomcat-embed-core/11.0.20/tomcat-embed-core-11.0.20.jar
2026-04-09 10:38:01,347 [AetherRepositoryConnector-repo.maven.apache.org-0-2] INFO  o.e.m.c.i.e.AbstractTransferListenerAdapter - Downloading https://repo.maven.apache.org/maven2/org/mockito/mockito-junit-jupiter/5.20.0/mockito-junit-jupiter-5.20.0.jar
2026-04-09 10:38:01,351 [AetherRepositoryConnector-repo.maven.apache.org-0-0] INFO  o.e.m.c.i.e.AbstractTransferListenerAdapter - Downloaded https://repo.maven.apache.org/maven2/org/hibernate/orm/hibernate-core/7.2.7.Final/hibernate-core-7.2.7.Final.jar
2026-04-09 10:38:01,366 [AetherRepositoryConnector-repo.maven.apache.org-0-3] INFO  o.e.m.c.i.e.AbstractTransferListenerAdapter - Downloading https://repo.maven.apache.org/maven2/org/mockito/mockito-core/5.20.0/mockito-core-5.20.0.jar
2026-04-09 10:38:01,539 [AetherRepositoryConnector-repo.maven.apache.org-0-0] INFO  o.e.m.c.i.e.AbstractTransferListenerAdapter - Downloading https://repo.maven.apache.org/maven2/org/springframework/spring-test/7.0.6/spring-test-7.0.6.jar
2026-04-09 10:38:02,377 [AetherRepositoryConnector-repo.maven.apache.org-0-1] INFO  o.e.m.c.i.e.AbstractTransferListenerAdapter - Downloaded https://repo.maven.apache.org/maven2/org/junit/jupiter/junit-jupiter-engine/6.0.3/junit-jupiter-engine-6.0.3.jar
2026-04-09 10:38:02,380 [AetherRepositoryConnector-repo.maven.apache.org-0-4] INFO  o.e.m.c.i.e.AbstractTransferListenerAdapter - Downloaded https://repo.maven.apache.org/maven2/org/junit/platform/junit-platform-engine/6.0.3/junit-platform-engine-6.0.3.jar
2026-04-09 10:38:02,519 [AetherRepositoryConnector-repo.maven.apache.org-0-2] INFO  o.e.m.c.i.e.AbstractTransferListenerAdapter - Downloaded https://repo.maven.apache.org/maven2/org/mockito/mockito-junit-jupiter/5.20.0/mockito-junit-jupiter-5.20.0.jar
2026-04-09 10:38:02,705 [AetherRepositoryConnector-repo.maven.apache.org-0-1] INFO  o.e.m.c.i.e.AbstractTransferListenerAdapter - Downloading https://repo.maven.apache.org/maven2/org/springframework/boot/spring-boot-starter-jdbc-test/4.0.5/spring-boot-starter-jdbc-test-4.0.5.jar
2026-04-09 10:38:02,705 [AetherRepositoryConnector-repo.maven.apache.org-0-4] INFO  o.e.m.c.i.e.AbstractTransferListenerAdapter - Downloading https://repo.maven.apache.org/maven2/org/springframework/boot/spring-boot-jdbc-test/4.0.5/spring-boot-jdbc-test-4.0.5.jar
2026-04-09 10:38:02,927 [AetherRepositoryConnector-repo.maven.apache.org-0-2] INFO  o.e.m.c.i.e.AbstractTransferListenerAdapter - Downloading https://repo.maven.apache.org/maven2/org/springframework/boot/spring-boot-data-jpa-test/4.0.5/spring-boot-data-jpa-test-4.0.5.jar
2026-04-09 10:38:03,869 [AetherRepositoryConnector-repo.maven.apache.org-0-1] INFO  o.e.m.c.i.e.AbstractTransferListenerAdapter - Downloaded https://repo.maven.apache.org/maven2/org/springframework/boot/spring-boot-starter-jdbc-test/4.0.5/spring-boot-starter-jdbc-test-4.0.5.jar
2026-04-09 10:38:04,000 [AetherRepositoryConnector-repo.maven.apache.org-0-4] INFO  o.e.m.c.i.e.AbstractTransferListenerAdapter - Downloaded https://repo.maven.apache.org/maven2/org/springframework/boot/spring-boot-jdbc-test/4.0.5/spring-boot-jdbc-test-4.0.5.jar
2026-04-09 10:38:04,000 [AetherRepositoryConnector-repo.maven.apache.org-0-2] INFO  o.e.m.c.i.e.AbstractTransferListenerAdapter - Downloaded https://repo.maven.apache.org/maven2/org/springframework/boot/spring-boot-data-jpa-test/4.0.5/spring-boot-data-jpa-test-4.0.5.jar
2026-04-09 10:38:04,295 [AetherRepositoryConnector-repo.maven.apache.org-0-1] INFO  o.e.m.c.i.e.AbstractTransferListenerAdapter - Downloading https://repo.maven.apache.org/maven2/org/springframework/boot/spring-boot-jpa-test/4.0.5/spring-boot-jpa-test-4.0.5.jar
2026-04-09 10:38:04,296 [AetherRepositoryConnector-repo.maven.apache.org-0-4] INFO  o.e.m.c.i.e.AbstractTransferListenerAdapter - Downloading https://repo.maven.apache.org/maven2/org/springframework/boot/spring-boot-starter-webmvc-test/4.0.5/spring-boot-starter-webmvc-test-4.0.5.jar
2026-04-09 10:38:04,296 [AetherRepositoryConnector-repo.maven.apache.org-0-2] INFO  o.e.m.c.i.e.AbstractTransferListenerAdapter - Downloading https://repo.maven.apache.org/maven2/org/springframework/boot/spring-boot-starter-jackson-test/4.0.5/spring-boot-starter-jackson-test-4.0.5.jar
2026-04-09 10:38:04,411 [AetherRepositoryConnector-repo.maven.apache.org-0-3] INFO  o.e.m.c.i.e.AbstractTransferListenerAdapter - Downloaded https://repo.maven.apache.org/maven2/org/mockito/mockito-core/5.20.0/mockito-core-5.20.0.jar
2026-04-09 10:38:04,473 [AetherRepositoryConnector-repo.maven.apache.org-0-3] INFO  o.e.m.c.i.e.AbstractTransferListenerAdapter - Downloading https://repo.maven.apache.org/maven2/org/springframework/boot/spring-boot-webmvc-test/4.0.5/spring-boot-webmvc-test-4.0.5.jar
2026-04-09 10:38:04,541 [AetherRepositoryConnector-repo.maven.apache.org-0-0] INFO  o.e.m.c.i.e.AbstractTransferListenerAdapter - Downloaded https://repo.maven.apache.org/maven2/org/springframework/spring-test/7.0.6/spring-test-7.0.6.jar
2026-04-09 10:38:04,542 [AetherRepositoryConnector-repo.maven.apache.org-0-4] INFO  o.e.m.c.i.e.AbstractTransferListenerAdapter - Downloaded https://repo.maven.apache.org/maven2/org/springframework/boot/spring-boot-starter-webmvc-test/4.0.5/spring-boot-starter-webmvc-test-4.0.5.jar
2026-04-09 10:38:04,597 [AetherRepositoryConnector-repo.maven.apache.org-0-2] INFO  o.e.m.c.i.e.AbstractTransferListenerAdapter - Downloaded https://repo.maven.apache.org/maven2/org/springframework/boot/spring-boot-starter-jackson-test/4.0.5/spring-boot-starter-jackson-test-4.0.5.jar
2026-04-09 10:38:04,618 [AetherRepositoryConnector-repo.maven.apache.org-0-1] INFO  o.e.m.c.i.e.AbstractTransferListenerAdapter - Downloaded https://repo.maven.apache.org/maven2/org/springframework/boot/spring-boot-jpa-test/4.0.5/spring-boot-jpa-test-4.0.5.jar
2026-04-09 10:38:04,629 [AetherRepositoryConnector-repo.maven.apache.org-0-0] INFO  o.e.m.c.i.e.AbstractTransferListenerAdapter - Downloading https://repo.maven.apache.org/maven2/org/springframework/boot/spring-boot-resttestclient/4.0.5/spring-boot-resttestclient-4.0.5.jar
2026-04-09 10:38:05,046 [AetherRepositoryConnector-repo.maven.apache.org-0-3] INFO  o.e.m.c.i.e.AbstractTransferListenerAdapter - Downloaded https://repo.maven.apache.org/maven2/org/springframework/boot/spring-boot-webmvc-test/4.0.5/spring-boot-webmvc-test-4.0.5.jar
2026-04-09 10:38:05,085 [AetherRepositoryConnector-repo.maven.apache.org-0-0] INFO  o.e.m.c.i.e.AbstractTransferListenerAdapter - Downloaded https://repo.maven.apache.org/maven2/org/springframework/boot/spring-boot-resttestclient/4.0.5/spring-boot-resttestclient-4.0.5.jar
2026-04-09 10:38:22,394 [Worker-6: Importing Maven projects] INFO  o.e.m.c.i.l.LifecycleMappingFactory - Using org.maven.ide.eclipse.wtp.WarLifecycleMapping lifecycle mapping for MavenProject: com.employee:EMPLOYEE:0.0.1-SNAPSHOT @ C:\Users\Rishabh patil\Desktop\Microservices\EMPLOYEE\pom.xml.
2026-04-09 10:38:24,652 [Worker-6: Importing Maven projects] INFO  o.e.m.c.i.l.LifecycleMappingFactory - Using org.maven.ide.eclipse.wtp.WarLifecycleMapping lifecycle mapping for MavenProject: com.example:Address:0.0.1-SNAPSHOT @ C:\Users\Rishabh patil\Desktop\Microservices\Address\pom.xml.
2026-04-09 10:38:33,515 [Worker-6: Importing Maven projects] INFO  o.e.m.j.i.AbstractJavaProjectConfigurator - Adding source folder /Address/src/main/java
2026-04-09 10:38:33,516 [Worker-6: Importing Maven projects] INFO  o.e.m.j.i.AbstractJavaProjectConfigurator - Adding resource folder /Address/src/main/resources
2026-04-09 10:38:33,547 [Worker-6: Importing Maven projects] INFO  o.e.m.j.i.AbstractJavaProjectConfigurator - Adding resource folder /Address/src/main/resources
2026-04-09 10:38:33,624 [Worker-6: Importing Maven projects] INFO  o.e.m.j.i.AbstractJavaProjectConfigurator - Adding source folder /Address/src/test/java
2026-04-09 10:38:35,750 [Worker-11: Download sources and javadoc] INFO  o.e.m.c.i.e.AbstractTransferListenerAdapter - Downloading https://repo.maven.apache.org/maven2/org/springframework/boot/spring-boot-starter-data-jpa/4.0.5/spring-boot-starter-data-jpa-4.0.5-sources.jar
2026-04-09 10:38:35,855 [Worker-11: Download sources and javadoc] INFO  o.e.m.c.i.e.AbstractTransferListenerAdapter - Downloaded https://repo.maven.apache.org/maven2/org/springframework/boot/spring-boot-starter-data-jpa/4.0.5/spring-boot-starter-data-jpa-4.0.5-sources.jar
2026-04-09 10:38:36,171 [Worker-11: Download sources and javadoc] INFO  o.e.m.j.internal.DownloadSourcesJob - Downloaded sources for org.springframework.boot:spring-boot-starter-data-jpa:4.0.5
2026-04-09 10:38:36,431 [Worker-11: Download sources and javadoc] INFO  o.e.m.c.i.e.AbstractTransferListenerAdapter - Downloading https://repo.maven.apache.org/maven2/org/springframework/boot/spring-boot-starter/4.0.5/spring-boot-starter-4.0.5-sources.jar
2026-04-09 10:38:36,679 [Worker-11: Download sources and javadoc] INFO  o.e.m.c.i.e.AbstractTransferListenerAdapter - Downloaded https://repo.maven.apache.org/maven2/org/springframework/boot/spring-boot-starter/4.0.5/spring-boot-starter-4.0.5-sources.jar
2026-04-09 10:38:37,881 [Worker-11: Download sources and javadoc] INFO  o.e.m.j.internal.DownloadSourcesJob - Downloaded sources for org.springframework.boot:spring-boot-starter:4.0.5
2026-04-09 10:38:38,960 [Worker-11: Download sources and javadoc] INFO  o.e.m.c.i.e.AbstractTransferListenerAdapter - Downloading https://repo.maven.apache.org/maven2/org/springframework/boot/spring-boot-starter-logging/4.0.5/spring-boot-starter-logging-4.0.5-sources.jar
2026-04-09 10:38:39,397 [Worker-11: Download sources and javadoc] INFO  o.e.m.c.i.e.AbstractTransferListenerAdapter - Downloaded https://repo.maven.apache.org/maven2/org/springframework/boot/spring-boot-starter-logging/4.0.5/spring-boot-starter-logging-4.0.5-sources.jar
2026-04-09 10:38:39,409 [Worker-6: Importing Maven projects] INFO  o.e.m.c.i.e.AbstractTransferListenerAdapter - Downloaded https://repo.maven.apache.org/maven2/org/apache/maven/plugins/maven-clean-plugin/3.5.0/maven-clean-plugin-3.5.0.pom
2026-04-09 10:38:39,718 [Worker-11: Download sources and javadoc] INFO  o.e.m.j.internal.DownloadSourcesJob - Downloaded sources for org.springframework.boot:spring-boot-starter-logging:4.0.5
2026-04-09 10:38:40,030 [Worker-6: Importing Maven projects] INFO  o.e.m.c.i.e.AbstractTransferListenerAdapter - Downloaded https://repo.maven.apache.org/maven2/org/apache/maven/plugins/maven-plugins/44/maven-plugins-44.pom
2026-04-09 10:38:40,340 [Worker-6: Importing Maven projects] INFO  o.e.m.c.i.e.AbstractTransferListenerAdapter - Downloaded https://repo.maven.apache.org/maven2/org/apache/maven/maven-parent/44/maven-parent-44.pom
2026-04-09 10:38:40,345 [Worker-11: Download sources and javadoc] INFO  o.e.m.c.i.e.AbstractTransferListenerAdapter - Downloading https://repo.maven.apache.org/maven2/org/apache/logging/log4j/log4j-to-slf4j/2.25.3/log4j-to-slf4j-2.25.3-sources.jar
2026-04-09 10:38:40,512 [Worker-6: Importing Maven projects] INFO  o.e.m.c.i.e.AbstractTransferListenerAdapter - Downloaded https://repo.maven.apache.org/maven2/org/apache/apache/34/apache-34.pom
2026-04-09 10:38:40,680 [Worker-6: Importing Maven projects] INFO  o.e.m.c.i.e.AbstractTransferListenerAdapter - Downloaded https://repo.maven.apache.org/maven2/org/junit/junit-bom/5.12.1/junit-bom-5.12.1.pom
2026-04-09 10:38:40,749 [Worker-11: Download sources and javadoc] INFO  o.e.m.c.i.e.AbstractTransferListenerAdapter - Downloaded https://repo.maven.apache.org/maven2/org/apache/logging/log4j/log4j-to-slf4j/2.25.3/log4j-to-slf4j-2.25.3-sources.jar
2026-04-09 10:38:41,243 [Worker-6: Importing Maven projects] INFO  o.e.m.c.i.p.ProjectConfigurationManager - Imported and configured 1 project(s) in 137 sec
2026-04-09 10:38:41,889 [Worker-11: Download sources and javadoc] INFO  o.e.m.j.internal.DownloadSourcesJob - Downloaded sources for org.apache.logging.log4j:log4j-to-slf4j:2.25.3
2026-04-09 10:38:42,366 [Worker-11: Download sources and javadoc] INFO  o.e.m.c.i.e.AbstractTransferListenerAdapter - Downloading https://repo.maven.apache.org/maven2/org/apache/logging/log4j/log4j-api/2.25.3/log4j-api-2.25.3-sources.jar
2026-04-09 10:38:43,123 [Worker-11: Download sources and javadoc] INFO  o.e.m.c.i.e.AbstractTransferListenerAdapter - Downloaded https://repo.maven.apache.org/maven2/org/apache/logging/log4j/log4j-api/2.25.3/log4j-api-2.25.3-sources.jar
2026-04-09 10:38:43,576 [Worker-11: Download sources and javadoc] INFO  o.e.m.j.internal.DownloadSourcesJob - Downloaded sources for org.apache.logging.log4j:log4j-api:2.25.3
2026-04-09 10:38:43,757 [Worker-11: Download sources and javadoc] INFO  o.e.m.c.i.e.AbstractTransferListenerAdapter - Downloading https://repo.maven.apache.org/maven2/jakarta/annotation/jakarta.annotation-api/3.0.0/jakarta.annotation-api-3.0.0-sources.jar
2026-04-09 10:38:44,182 [Worker-11: Download sources and javadoc] INFO  o.e.m.c.i.e.AbstractTransferListenerAdapter - Downloaded https://repo.maven.apache.org/maven2/jakarta/annotation/jakarta.annotation-api/3.0.0/jakarta.annotation-api-3.0.0-sources.jar
2026-04-09 10:38:45,024 [Worker-11: Download sources and javadoc] INFO  o.e.m.j.internal.DownloadSourcesJob - Downloaded sources for jakarta.annotation:jakarta.annotation-api:3.0.0
2026-04-09 10:38:45,300 [Worker-11: Download sources and javadoc] INFO  o.e.m.c.i.e.AbstractTransferListenerAdapter - Downloading https://repo.maven.apache.org/maven2/org/yaml/snakeyaml/2.5/snakeyaml-2.5-sources.jar
2026-04-09 10:38:45,658 [Worker-13: Building] INFO  o.a.m.s.f.DefaultMavenResourcesFiltering - Copying 1 resource from src\main\resources to target\classes
2026-04-09 10:38:45,705 [Worker-11: Download sources and javadoc] INFO  o.e.m.c.i.e.AbstractTransferListenerAdapter - Downloaded https://repo.maven.apache.org/maven2/org/yaml/snakeyaml/2.5/snakeyaml-2.5-sources.jar
2026-04-09 10:38:45,732 [Worker-13: Building] INFO  o.a.m.s.f.DefaultMavenResourcesFiltering - Copying 0 resource from src\main\resources to target\classes
2026-04-09 10:38:45,737 [Worker-13: Building] INFO  o.a.m.s.f.DefaultMavenResourcesFiltering - skip non existing resourceDirectory C:\Users\Rishabh patil\Desktop\Microservices\Address\src\test\resources
2026-04-09 10:38:46,599 [Worker-11: Download sources and javadoc] INFO  o.e.m.j.internal.DownloadSourcesJob - Downloaded sources for org.yaml:snakeyaml:2.5
2026-04-09 10:38:47,263 [Worker-13: Building] INFO  o.a.m.s.f.DefaultMavenResourcesFiltering - Copying 1 resource from src\main\resources to target\classes
2026-04-09 10:38:47,420 [Worker-13: Building] INFO  o.a.m.s.f.DefaultMavenResourcesFiltering - Copying 0 resource from src\main\resources to target\classes
2026-04-09 10:38:47,424 [Worker-13: Building] INFO  o.a.m.s.f.DefaultMavenResourcesFiltering - skip non existing resourceDirectory C:\Users\Rishabh patil\Desktop\Microservices\EMPLOYEE\src\test\resources
2026-04-09 10:38:47,499 [Worker-11: Download sources and javadoc] INFO  o.e.m.c.i.e.AbstractTransferListenerAdapter - Downloading https://repo.maven.apache.org/maven2/org/springframework/boot/spring-boot-starter-jdbc/4.0.5/spring-boot-starter-jdbc-4.0.5-sources.jar
2026-04-09 10:38:47,607 [Worker-11: Download sources and javadoc] INFO  o.e.m.c.i.e.AbstractTransferListenerAdapter - Downloaded https://repo.maven.apache.org/maven2/org/springframework/boot/spring-boot-starter-jdbc/4.0.5/spring-boot-starter-jdbc-4.0.5-sources.jar
2026-04-09 10:38:47,823 [Worker-11: Download sources and javadoc] INFO  o.e.m.j.internal.DownloadSourcesJob - Downloaded sources for org.springframework.boot:spring-boot-starter-jdbc:4.0.5
2026-04-09 10:38:48,021 [Worker-11: Download sources and javadoc] INFO  o.e.m.c.i.e.AbstractTransferListenerAdapter - Downloading https://repo.maven.apache.org/maven2/com/zaxxer/HikariCP/7.0.2/HikariCP-7.0.2-sources.jar
2026-04-09 10:38:48,265 [Worker-11: Download sources and javadoc] INFO  o.e.m.c.i.e.AbstractTransferListenerAdapter - Downloaded https://repo.maven.apache.org/maven2/com/zaxxer/HikariCP/7.0.2/HikariCP-7.0.2-sources.jar
2026-04-09 10:38:49,112 [Worker-11: Download sources and javadoc] INFO  o.e.m.j.internal.DownloadSourcesJob - Downloaded sources for com.zaxxer:HikariCP:7.0.2
2026-04-09 10:38:49,650 [Worker-11: Download sources and javadoc] INFO  o.e.m.c.i.e.AbstractTransferListenerAdapter - Downloading https://repo.maven.apache.org/maven2/org/springframework/boot/spring-boot-data-jpa/4.0.5/spring-boot-data-jpa-4.0.5-sources.jar
2026-04-09 10:38:49,941 [Worker-11: Download sources and javadoc] INFO  o.e.m.c.i.e.AbstractTransferListenerAdapter - Downloaded https://repo.maven.apache.org/maven2/org/springframework/boot/spring-boot-data-jpa/4.0.5/spring-boot-data-jpa-4.0.5-sources.jar
2026-04-09 10:38:50,240 [Worker-11: Download sources and javadoc] INFO  o.e.m.j.internal.DownloadSourcesJob - Downloaded sources for org.springframework.boot:spring-boot-data-jpa:4.0.5
2026-04-09 10:38:50,397 [Worker-11: Download sources and javadoc] INFO  o.e.m.c.i.e.AbstractTransferListenerAdapter - Downloading https://repo.maven.apache.org/maven2/org/springframework/boot/spring-boot-data-commons/4.0.5/spring-boot-data-commons-4.0.5-sources.jar
2026-04-09 10:38:50,779 [Worker-11: Download sources and javadoc] INFO  o.e.m.c.i.e.AbstractTransferListenerAdapter - Downloaded https://repo.maven.apache.org/maven2/org/springframework/boot/spring-boot-data-commons/4.0.5/spring-boot-data-commons-4.0.5-sources.jar
2026-04-09 10:38:51,156 [Worker-11: Download sources and javadoc] INFO  o.e.m.j.internal.DownloadSourcesJob - Downloaded sources for org.springframework.boot:spring-boot-data-commons:4.0.5
2026-04-09 10:38:51,303 [Worker-11: Download sources and javadoc] INFO  o.e.m.c.i.e.AbstractTransferListenerAdapter - Downloading https://repo.maven.apache.org/maven2/org/springframework/boot/spring-boot-persistence/4.0.5/spring-boot-persistence-4.0.5-sources.jar
2026-04-09 10:38:51,611 [Worker-11: Download sources and javadoc] INFO  o.e.m.c.i.e.AbstractTransferListenerAdapter - Downloaded https://repo.maven.apache.org/maven2/org/springframework/boot/spring-boot-persistence/4.0.5/spring-boot-persistence-4.0.5-sources.jar
2026-04-09 10:38:52,007 [Worker-11: Download sources and javadoc] INFO  o.e.m.j.internal.DownloadSourcesJob - Downloaded sources for org.springframework.boot:spring-boot-persistence:4.0.5
2026-04-09 10:38:52,203 [Worker-11: Download sources and javadoc] INFO  o.e.m.c.i.e.AbstractTransferListenerAdapter - Downloading https://repo.maven.apache.org/maven2/org/springframework/data/spring-data-commons/4.0.4/spring-data-commons-4.0.4-sources.jar
2026-04-09 10:38:54,167 [Worker-11: Download sources and javadoc] INFO  o.e.m.c.i.e.AbstractTransferListenerAdapter - Downloaded https://repo.maven.apache.org/maven2/org/springframework/data/spring-data-commons/4.0.4/spring-data-commons-4.0.4-sources.jar
2026-04-09 10:38:54,639 [Worker-11: Download sources and javadoc] INFO  o.e.m.j.internal.DownloadSourcesJob - Downloaded sources for org.springframework.data:spring-data-commons:4.0.4
2026-04-09 10:38:54,929 [Worker-11: Download sources and javadoc] INFO  o.e.m.c.i.e.AbstractTransferListenerAdapter - Downloading https://repo.maven.apache.org/maven2/org/springframework/boot/spring-boot-hibernate/4.0.5/spring-boot-hibernate-4.0.5-sources.jar
2026-04-09 10:38:56,063 [Worker-11: Download sources and javadoc] INFO  o.e.m.c.i.e.AbstractTransferListenerAdapter - Downloaded https://repo.maven.apache.org/maven2/org/springframework/boot/spring-boot-hibernate/4.0.5/spring-boot-hibernate-4.0.5-sources.jar
2026-04-09 10:38:56,443 [Worker-11: Download sources and javadoc] INFO  o.e.m.j.internal.DownloadSourcesJob - Downloaded sources for org.springframework.boot:spring-boot-hibernate:4.0.5
2026-04-09 10:38:56,736 [Worker-11: Download sources and javadoc] INFO  o.e.m.c.i.e.AbstractTransferListenerAdapter - Downloading https://repo.maven.apache.org/maven2/org/springframework/boot/spring-boot-jpa/4.0.5/spring-boot-jpa-4.0.5-sources.jar
2026-04-09 10:38:57,482 [Worker-11: Download sources and javadoc] INFO  o.e.m.c.i.e.AbstractTransferListenerAdapter - Downloaded https://repo.maven.apache.org/maven2/org/springframework/boot/spring-boot-jpa/4.0.5/spring-boot-jpa-4.0.5-sources.jar
2026-04-09 10:38:58,742 [Worker-11: Download sources and javadoc] INFO  o.e.m.j.internal.DownloadSourcesJob - Downloaded sources for org.springframework.boot:spring-boot-jpa:4.0.5
2026-04-09 10:38:58,931 [Worker-11: Download sources and javadoc] INFO  o.e.m.c.i.e.AbstractTransferListenerAdapter - Downloading https://repo.maven.apache.org/maven2/jakarta/persistence/jakarta.persistence-api/3.2.0/jakarta.persistence-api-3.2.0-sources.jar
2026-04-09 10:39:03,204 [Worker-11: Download sources and javadoc] INFO  o.e.m.c.i.e.AbstractTransferListenerAdapter - Downloaded https://repo.maven.apache.org/maven2/jakarta/persistence/jakarta.persistence-api/3.2.0/jakarta.persistence-api-3.2.0-sources.jar
2026-04-09 10:39:03,302 [Worker-11: Download sources and javadoc] INFO  o.e.m.j.internal.DownloadSourcesJob - Downloaded sources for jakarta.persistence:jakarta.persistence-api:3.2.0
2026-04-09 10:39:03,583 [Worker-11: Download sources and javadoc] INFO  o.e.m.c.i.e.AbstractTransferListenerAdapter - Downloading https://repo.maven.apache.org/maven2/org/hibernate/orm/hibernate-core/7.2.7.Final/hibernate-core-7.2.7.Final-sources.jar
2026-04-09 10:39:52,792 [Worker-11: Download sources and javadoc] INFO  o.e.m.c.i.e.AbstractTransferListenerAdapter - Downloaded https://repo.maven.apache.org/maven2/org/hibernate/orm/hibernate-core/7.2.7.Final/hibernate-core-7.2.7.Final-sources.jar
2026-04-09 10:39:52,885 [Worker-11: Download sources and javadoc] INFO  o.e.m.j.internal.DownloadSourcesJob - Downloaded sources for org.hibernate.orm:hibernate-core:7.2.7.Final
2026-04-09 10:39:53,258 [Worker-11: Download sources and javadoc] INFO  o.e.m.c.i.e.AbstractTransferListenerAdapter - Downloading https://repo.maven.apache.org/maven2/org/hibernate/models/hibernate-models/1.0.1/hibernate-models-1.0.1-sources.jar
2026-04-09 10:39:53,790 [Worker-11: Download sources and javadoc] INFO  o.e.m.c.i.e.AbstractTransferListenerAdapter - Downloaded https://repo.maven.apache.org/maven2/org/hibernate/models/hibernate-models/1.0.1/hibernate-models-1.0.1-sources.jar
2026-04-09 10:39:54,197 [Worker-11: Download sources and javadoc] INFO  o.e.m.j.internal.DownloadSourcesJob - Downloaded sources for org.hibernate.models:hibernate-models:1.0.1
2026-04-09 10:39:54,547 [Worker-11: Download sources and javadoc] INFO  o.e.m.c.i.e.AbstractTransferListenerAdapter - Downloading https://repo.maven.apache.org/maven2/org/springframework/spring-orm/7.0.6/spring-orm-7.0.6-sources.jar
2026-04-09 10:39:55,270 [Worker-11: Download sources and javadoc] INFO  o.e.m.c.i.e.AbstractTransferListenerAdapter - Downloaded https://repo.maven.apache.org/maven2/org/springframework/spring-orm/7.0.6/spring-orm-7.0.6-sources.jar
2026-04-09 10:39:55,368 [Worker-11: Download sources and javadoc] INFO  o.e.m.j.internal.DownloadSourcesJob - Downloaded sources for org.springframework:spring-orm:7.0.6
2026-04-09 10:39:55,536 [Worker-11: Download sources and javadoc] INFO  o.e.m.c.i.e.AbstractTransferListenerAdapter - Downloading https://repo.maven.apache.org/maven2/org/springframework/data/spring-data-jpa/4.0.4/spring-data-jpa-4.0.4-sources.jar
2026-04-09 10:39:58,390 [Worker-11: Download sources and javadoc] INFO  o.e.m.c.i.e.AbstractTransferListenerAdapter - Downloaded https://repo.maven.apache.org/maven2/org/springframework/data/spring-data-jpa/4.0.4/spring-data-jpa-4.0.4-sources.jar
2026-04-09 10:39:58,518 [Worker-11: Download sources and javadoc] INFO  o.e.m.j.internal.DownloadSourcesJob - Downloaded sources for org.springframework.data:spring-data-jpa:4.0.4
2026-04-09 10:39:58,661 [Worker-11: Download sources and javadoc] INFO  o.e.m.c.i.e.AbstractTransferListenerAdapter - Downloading https://repo.maven.apache.org/maven2/org/springframework/spring-aop/7.0.6/spring-aop-7.0.6-sources.jar
2026-04-09 10:40:00,536 [Worker-11: Download sources and javadoc] INFO  o.e.m.c.i.e.AbstractTransferListenerAdapter - Downloaded https://repo.maven.apache.org/maven2/org/springframework/spring-aop/7.0.6/spring-aop-7.0.6-sources.jar
2026-04-09 10:40:00,661 [Worker-11: Download sources and javadoc] INFO  o.e.m.j.internal.DownloadSourcesJob - Downloaded sources for org.springframework:spring-aop:7.0.6
2026-04-09 10:40:00,860 [Worker-11: Download sources and javadoc] INFO  o.e.m.c.i.e.AbstractTransferListenerAdapter - Downloading https://repo.maven.apache.org/maven2/org/springframework/spring-tx/7.0.6/spring-tx-7.0.6-sources.jar
2026-04-09 10:40:01,760 [Worker-11: Download sources and javadoc] INFO  o.e.m.c.i.e.AbstractTransferListenerAdapter - Downloaded https://repo.maven.apache.org/maven2/org/springframework/spring-tx/7.0.6/spring-tx-7.0.6-sources.jar
2026-04-09 10:40:01,925 [Worker-11: Download sources and javadoc] INFO  o.e.m.j.internal.DownloadSourcesJob - Downloaded sources for org.springframework:spring-tx:7.0.6
2026-04-09 10:40:02,073 [Worker-11: Download sources and javadoc] INFO  o.e.m.c.i.e.AbstractTransferListenerAdapter - Downloading https://repo.maven.apache.org/maven2/org/springframework/spring-beans/7.0.6/spring-beans-7.0.6-sources.jar
2026-04-09 10:40:03,227 [Worker-11: Download sources and javadoc] INFO  o.e.m.c.i.e.AbstractTransferListenerAdapter - Downloaded https://repo.maven.apache.org/maven2/org/springframework/spring-beans/7.0.6/spring-beans-7.0.6-sources.jar
2026-04-09 10:40:03,374 [Worker-11: Download sources and javadoc] INFO  o.e.m.j.internal.DownloadSourcesJob - Downloaded sources for org.springframework:spring-beans:7.0.6
2026-04-09 10:40:03,541 [Worker-11: Download sources and javadoc] INFO  o.e.m.c.i.e.AbstractTransferListenerAdapter - Downloading https://repo.maven.apache.org/maven2/org/antlr/antlr4-runtime/4.13.2/antlr4-runtime-4.13.2-sources.jar
2026-04-09 10:40:04,190 [Worker-11: Download sources and javadoc] INFO  o.e.m.c.i.e.AbstractTransferListenerAdapter - Downloaded https://repo.maven.apache.org/maven2/org/antlr/antlr4-runtime/4.13.2/antlr4-runtime-4.13.2-sources.jar
2026-04-09 10:40:04,325 [Worker-11: Download sources and javadoc] INFO  o.e.m.j.internal.DownloadSourcesJob - Downloaded sources for org.antlr:antlr4-runtime:4.13.2
2026-04-09 10:40:04,495 [Worker-11: Download sources and javadoc] INFO  o.e.m.c.i.e.AbstractTransferListenerAdapter - Downloading https://repo.maven.apache.org/maven2/org/springframework/spring-aspects/7.0.6/spring-aspects-7.0.6-sources.jar
2026-04-09 10:40:05,104 [Worker-11: Download sources and javadoc] INFO  o.e.m.c.i.e.AbstractTransferListenerAdapter - Downloaded https://repo.maven.apache.org/maven2/org/springframework/spring-aspects/7.0.6/spring-aspects-7.0.6-sources.jar
2026-04-09 10:40:05,968 [Worker-11: Download sources and javadoc] INFO  o.e.m.j.internal.DownloadSourcesJob - Downloaded sources for org.springframework:spring-aspects:7.0.6
2026-04-09 10:40:06,186 [Worker-11: Download sources and javadoc] INFO  o.e.m.c.i.e.AbstractTransferListenerAdapter - Downloading https://repo.maven.apache.org/maven2/org/springframework/boot/spring-boot-jdbc/4.0.5/spring-boot-jdbc-4.0.5-sources.jar
2026-04-09 10:40:06,574 [Worker-11: Download sources and javadoc] INFO  o.e.m.c.i.e.AbstractTransferListenerAdapter - Downloaded https://repo.maven.apache.org/maven2/org/springframework/boot/spring-boot-jdbc/4.0.5/spring-boot-jdbc-4.0.5-sources.jar
2026-04-09 10:40:06,670 [Worker-11: Download sources and javadoc] INFO  o.e.m.j.internal.DownloadSourcesJob - Downloaded sources for org.springframework.boot:spring-boot-jdbc:4.0.5
2026-04-09 10:40:06,851 [Worker-11: Download sources and javadoc] INFO  o.e.m.c.i.e.AbstractTransferListenerAdapter - Downloading https://repo.maven.apache.org/maven2/org/springframework/boot/spring-boot-sql/4.0.5/spring-boot-sql-4.0.5-sources.jar
2026-04-09 10:40:07,235 [Worker-11: Download sources and javadoc] INFO  o.e.m.c.i.e.AbstractTransferListenerAdapter - Downloaded https://repo.maven.apache.org/maven2/org/springframework/boot/spring-boot-sql/4.0.5/spring-boot-sql-4.0.5-sources.jar
2026-04-09 10:40:07,699 [Worker-11: Download sources and javadoc] INFO  o.e.m.j.internal.DownloadSourcesJob - Downloaded sources for org.springframework.boot:spring-boot-sql:4.0.5
2026-04-09 10:40:07,929 [Worker-11: Download sources and javadoc] INFO  o.e.m.c.i.e.AbstractTransferListenerAdapter - Downloading https://repo.maven.apache.org/maven2/org/springframework/boot/spring-boot-transaction/4.0.5/spring-boot-transaction-4.0.5-sources.jar
2026-04-09 10:40:08,356 [Worker-11: Download sources and javadoc] INFO  o.e.m.c.i.e.AbstractTransferListenerAdapter - Downloaded https://repo.maven.apache.org/maven2/org/springframework/boot/spring-boot-transaction/4.0.5/spring-boot-transaction-4.0.5-sources.jar
2026-04-09 10:40:08,661 [Worker-11: Download sources and javadoc] INFO  o.e.m.j.internal.DownloadSourcesJob - Downloaded sources for org.springframework.boot:spring-boot-transaction:4.0.5
2026-04-09 10:40:08,847 [Worker-11: Download sources and javadoc] INFO  o.e.m.c.i.e.AbstractTransferListenerAdapter - Downloading https://repo.maven.apache.org/maven2/org/springframework/spring-jdbc/7.0.6/spring-jdbc-7.0.6-sources.jar
2026-04-09 10:40:09,315 [Worker-11: Download sources and javadoc] INFO  o.e.m.c.i.e.AbstractTransferListenerAdapter - Downloaded https://repo.maven.apache.org/maven2/org/springframework/spring-jdbc/7.0.6/spring-jdbc-7.0.6-sources.jar
2026-04-09 10:40:09,459 [Worker-11: Download sources and javadoc] INFO  o.e.m.j.internal.DownloadSourcesJob - Downloaded sources for org.springframework:spring-jdbc:7.0.6
2026-04-09 10:40:09,635 [Worker-11: Download sources and javadoc] INFO  o.e.m.c.i.e.AbstractTransferListenerAdapter - Downloading https://repo.maven.apache.org/maven2/org/springframework/boot/spring-boot-starter-webmvc/4.0.5/spring-boot-starter-webmvc-4.0.5-sources.jar
2026-04-09 10:40:09,736 [Worker-11: Download sources and javadoc] INFO  o.e.m.c.i.e.AbstractTransferListenerAdapter - Downloaded https://repo.maven.apache.org/maven2/org/springframework/boot/spring-boot-starter-webmvc/4.0.5/spring-boot-starter-webmvc-4.0.5-sources.jar
2026-04-09 10:40:09,849 [Worker-11: Download sources and javadoc] INFO  o.e.m.j.internal.DownloadSourcesJob - Downloaded sources for org.springframework.boot:spring-boot-starter-webmvc:4.0.5
2026-04-09 10:40:10,033 [Worker-11: Download sources and javadoc] INFO  o.e.m.c.i.e.AbstractTransferListenerAdapter - Downloading https://repo.maven.apache.org/maven2/org/springframework/boot/spring-boot-starter-jackson/4.0.5/spring-boot-starter-jackson-4.0.5-sources.jar
2026-04-09 10:40:10,142 [Worker-11: Download sources and javadoc] INFO  o.e.m.c.i.e.AbstractTransferListenerAdapter - Downloaded https://repo.maven.apache.org/maven2/org/springframework/boot/spring-boot-starter-jackson/4.0.5/spring-boot-starter-jackson-4.0.5-sources.jar
2026-04-09 10:40:10,267 [Worker-11: Download sources and javadoc] INFO  o.e.m.j.internal.DownloadSourcesJob - Downloaded sources for org.springframework.boot:spring-boot-starter-jackson:4.0.5
2026-04-09 10:40:10,453 [Worker-11: Download sources and javadoc] INFO  o.e.m.c.i.e.AbstractTransferListenerAdapter - Downloading https://repo.maven.apache.org/maven2/org/springframework/boot/spring-boot-jackson/4.0.5/spring-boot-jackson-4.0.5-sources.jar
2026-04-09 10:40:11,052 [Worker-11: Download sources and javadoc] INFO  o.e.m.c.i.e.AbstractTransferListenerAdapter - Downloaded https://repo.maven.apache.org/maven2/org/springframework/boot/spring-boot-jackson/4.0.5/spring-boot-jackson-4.0.5-sources.jar
2026-04-09 10:40:11,490 [Worker-11: Download sources and javadoc] INFO  o.e.m.j.internal.DownloadSourcesJob - Downloaded sources for org.springframework.boot:spring-boot-jackson:4.0.5
2026-04-09 10:40:11,690 [Worker-11: Download sources and javadoc] INFO  o.e.m.c.i.e.AbstractTransferListenerAdapter - Downloading https://repo.maven.apache.org/maven2/tools/jackson/core/jackson-databind/3.1.0/jackson-databind-3.1.0-sources.jar
2026-04-09 10:40:13,821 [ForkJoinPool.commonPool-worker-4] ERROR o.e.m.e.l.MavenRuntimeClasspathProvider - Illegal character in path at index 22: file:/C:/Users/Rishabh patil/Downloads/softwares/Spring boot installation/sts-4.14.1.RELEASE/plugins/org.eclipse.m2e.maven.runtime_1.18.3.20220227-1319/jars/
java.net.URISyntaxException: Illegal character in path at index 22: file:/C:/Users/Rishabh patil/Downloads/softwares/Spring boot installation/sts-4.14.1.RELEASE/plugins/org.eclipse.m2e.maven.runtime_1.18.3.20220227-1319/jars/
	at java.base/java.net.URI$Parser.fail(URI.java:2974)
	at java.base/java.net.URI$Parser.checkChars(URI.java:3145)
	at java.base/java.net.URI$Parser.parseHierarchical(URI.java:3227)
	at java.base/java.net.URI$Parser.parse(URI.java:3175)
	at java.base/java.net.URI.<init>(URI.java:623)
	at java.base/java.net.URL.toURI(URL.java:1056)
	at org.eclipse.m2e.editor.lemminx.MavenRuntimeClasspathProvider.addJarsFromBundle(MavenRuntimeClasspathProvider.java:81)
	at org.eclipse.m2e.editor.lemminx.MavenRuntimeClasspathProvider.get(MavenRuntimeClasspathProvider.java:66)
	at org.eclipse.m2e.editor.lemminx.MavenRuntimeClasspathProvider.get(MavenRuntimeClasspathProvider.java:1)
	at java.base/java.util.stream.ReferencePipeline$3$1.accept(ReferencePipeline.java:197)
	at java.base/java.util.stream.ReferencePipeline$3$1.accept(ReferencePipeline.java:197)
	at java.base/java.util.HashMap$EntrySpliterator.forEachRemaining(HashMap.java:1850)
	at java.base/java.util.stream.AbstractPipeline.copyInto(AbstractPipeline.java:509)
	at java.base/java.util.stream.AbstractPipeline.wrapAndCopyInto(AbstractPipeline.java:499)
	at java.base/java.util.stream.ForEachOps$ForEachOp.evaluateSequential(ForEachOps.java:150)
	at java.base/java.util.stream.ForEachOps$ForEachOp$OfRef.evaluateSequential(ForEachOps.java:173)
	at java.base/java.util.stream.AbstractPipeline.evaluate(AbstractPipeline.java:234)
	at java.base/java.util.stream.ReferencePipeline.forEach(ReferencePipeline.java:596)
	at org.eclipse.wildwebdeveloper.xml.internal.XMLExtensionRegistry.getXMLLSClassPathExtensions(XMLExtensionRegistry.java:81)
	at org.eclipse.wildwebdeveloper.xml.internal.XMLLanguageServer.getExtensionJarPaths(XMLLanguageServer.java:148)
	at org.eclipse.wildwebdeveloper.xml.internal.XMLLanguageServer.<init>(XMLLanguageServer.java:83)
	at java.base/jdk.internal.reflect.NativeConstructorAccessorImpl.newInstance0(Native Method)
	at java.base/jdk.internal.reflect.NativeConstructorAccessorImpl.newInstance(NativeConstructorAccessorImpl.java:77)
	at java.base/jdk.internal.reflect.DelegatingConstructorAccessorImpl.newInstance(DelegatingConstructorAccessorImpl.java:45)
	at java.base/java.lang.reflect.Constructor.newInstanceWithCaller(Constructor.java:499)
	at java.base/java.lang.reflect.Constructor.newInstance(Constructor.java:480)
	at org.eclipse.core.internal.registry.osgi.RegistryStrategyOSGI.createExecutableExtension(RegistryStrategyOSGI.java:204)
	at org.eclipse.core.internal.registry.ExtensionRegistry.createExecutableExtension(ExtensionRegistry.java:920)
	at org.eclipse.core.internal.registry.ConfigurationElement.createExecutableExtension(ConfigurationElement.java:246)
	at org.eclipse.core.internal.registry.ConfigurationElementHandle.createExecutableExtension(ConfigurationElementHandle.java:63)
	at org.eclipse.lsp4e.LanguageServersRegistry$ExtensionLanguageServerDefinition.createConnectionProvider(LanguageServersRegistry.java:147)
	at org.eclipse.lsp4e.LanguageServerWrapper.lambda$1(LanguageServerWrapper.java:222)
	at java.base/java.util.concurrent.CompletableFuture$AsyncSupply.run(CompletableFuture.java:1768)
	at java.base/java.util.concurrent.CompletableFuture$AsyncSupply.exec(CompletableFuture.java:1760)
	at java.base/java.util.concurrent.ForkJoinTask.doExec(ForkJoinTask.java:373)
	at java.base/java.util.concurrent.ForkJoinPool$WorkQueue.topLevelExec(ForkJoinPool.java:1182)
	at java.base/java.util.concurrent.ForkJoinPool.scan(ForkJoinPool.java:1655)
	at java.base/java.util.concurrent.ForkJoinPool.runWorker(ForkJoinPool.java:1622)
	at java.base/java.util.concurrent.ForkJoinWorkerThread.run(ForkJoinWorkerThread.java:165)
2026-04-09 10:40:14,658 [Worker-11: Download sources and javadoc] INFO  o.e.m.c.i.e.AbstractTransferListenerAdapter - Downloaded https://repo.maven.apache.org/maven2/tools/jackson/core/jackson-databind/3.1.0/jackson-databind-3.1.0-sources.jar
2026-04-09 10:40:15,042 [Worker-11: Download sources and javadoc] INFO  o.e.m.j.internal.DownloadSourcesJob - Downloaded sources for tools.jackson.core:jackson-databind:3.1.0
2026-04-09 10:40:15,309 [Worker-11: Download sources and javadoc] INFO  o.e.m.c.i.e.AbstractTransferListenerAdapter - Downloading https://repo.maven.apache.org/maven2/tools/jackson/core/jackson-core/3.1.0/jackson-core-3.1.0-sources.jar
2026-04-09 10:40:16,464 [Worker-11: Download sources and javadoc] INFO  o.e.m.c.i.e.AbstractTransferListenerAdapter - Downloaded https://repo.maven.apache.org/maven2/tools/jackson/core/jackson-core/3.1.0/jackson-core-3.1.0-sources.jar
2026-04-09 10:40:16,645 [Worker-11: Download sources and javadoc] INFO  o.e.m.j.internal.DownloadSourcesJob - Downloaded sources for tools.jackson.core:jackson-core:3.1.0
2026-04-09 10:40:16,794 [Worker-11: Download sources and javadoc] INFO  o.e.m.c.i.e.AbstractTransferListenerAdapter - Downloading https://repo.maven.apache.org/maven2/org/springframework/boot/spring-boot-http-converter/4.0.5/spring-boot-http-converter-4.0.5-sources.jar
2026-04-09 10:40:17,283 [Worker-11: Download sources and javadoc] INFO  o.e.m.c.i.e.AbstractTransferListenerAdapter - Downloaded https://repo.maven.apache.org/maven2/org/springframework/boot/spring-boot-http-converter/4.0.5/spring-boot-http-converter-4.0.5-sources.jar
2026-04-09 10:40:17,820 [Worker-11: Download sources and javadoc] INFO  o.e.m.j.internal.DownloadSourcesJob - Downloaded sources for org.springframework.boot:spring-boot-http-converter:4.0.5
2026-04-09 10:40:18,022 [Worker-11: Download sources and javadoc] INFO  o.e.m.c.i.e.AbstractTransferListenerAdapter - Downloading https://repo.maven.apache.org/maven2/org/springframework/spring-web/7.0.6/spring-web-7.0.6-sources.jar
2026-04-09 10:40:20,151 [Worker-11: Download sources and javadoc] INFO  o.e.m.c.i.e.AbstractTransferListenerAdapter - Downloaded https://repo.maven.apache.org/maven2/org/springframework/spring-web/7.0.6/spring-web-7.0.6-sources.jar
2026-04-09 10:40:20,550 [Worker-11: Download sources and javadoc] INFO  o.e.m.j.internal.DownloadSourcesJob - Downloaded sources for org.springframework:spring-web:7.0.6
2026-04-09 10:40:20,770 [Worker-11: Download sources and javadoc] INFO  o.e.m.c.i.e.AbstractTransferListenerAdapter - Downloading https://repo.maven.apache.org/maven2/io/micrometer/micrometer-observation/1.16.4/micrometer-observation-1.16.4-sources.jar
2026-04-09 10:40:20,970 [Worker-11: Download sources and javadoc] INFO  o.e.m.c.i.e.AbstractTransferListenerAdapter - Downloaded https://repo.maven.apache.org/maven2/io/micrometer/micrometer-observation/1.16.4/micrometer-observation-1.16.4-sources.jar
2026-04-09 10:40:21,965 [Worker-11: Download sources and javadoc] INFO  o.e.m.j.internal.DownloadSourcesJob - Downloaded sources for io.micrometer:micrometer-observation:1.16.4
2026-04-09 10:40:22,371 [Worker-11: Download sources and javadoc] INFO  o.e.m.c.i.e.AbstractTransferListenerAdapter - Downloading https://repo.maven.apache.org/maven2/io/micrometer/micrometer-commons/1.16.4/micrometer-commons-1.16.4-sources.jar
2026-04-09 10:40:23,340 [Worker-11: Download sources and javadoc] INFO  o.e.m.c.i.e.AbstractTransferListenerAdapter - Downloaded https://repo.maven.apache.org/maven2/io/micrometer/micrometer-commons/1.16.4/micrometer-commons-1.16.4-sources.jar
2026-04-09 10:40:23,846 [Worker-11: Download sources and javadoc] INFO  o.e.m.j.internal.DownloadSourcesJob - Downloaded sources for io.micrometer:micrometer-commons:1.16.4
2026-04-09 10:40:24,055 [Worker-11: Download sources and javadoc] INFO  o.e.m.c.i.e.AbstractTransferListenerAdapter - Downloading https://repo.maven.apache.org/maven2/org/springframework/boot/spring-boot-webmvc/4.0.5/spring-boot-webmvc-4.0.5-sources.jar
2026-04-09 10:40:24,287 [Worker-11: Download sources and javadoc] INFO  o.e.m.c.i.e.AbstractTransferListenerAdapter - Downloaded https://repo.maven.apache.org/maven2/org/springframework/boot/spring-boot-webmvc/4.0.5/spring-boot-webmvc-4.0.5-sources.jar
2026-04-09 10:40:24,793 [Worker-11: Download sources and javadoc] INFO  o.e.m.j.internal.DownloadSourcesJob - Downloaded sources for org.springframework.boot:spring-boot-webmvc:4.0.5
2026-04-09 10:40:25,016 [Worker-11: Download sources and javadoc] INFO  o.e.m.c.i.e.AbstractTransferListenerAdapter - Downloading https://repo.maven.apache.org/maven2/org/springframework/boot/spring-boot-servlet/4.0.5/spring-boot-servlet-4.0.5-sources.jar
2026-04-09 10:40:26,431 [Worker-11: Download sources and javadoc] INFO  o.e.m.c.i.e.AbstractTransferListenerAdapter - Downloaded https://repo.maven.apache.org/maven2/org/springframework/boot/spring-boot-servlet/4.0.5/spring-boot-servlet-4.0.5-sources.jar
2026-04-09 10:40:27,832 [Worker-11: Download sources and javadoc] INFO  o.e.m.j.internal.DownloadSourcesJob - Downloaded sources for org.springframework.boot:spring-boot-servlet:4.0.5
2026-04-09 10:40:28,001 [Worker-11: Download sources and javadoc] INFO  o.e.m.c.i.e.AbstractTransferListenerAdapter - Downloading https://repo.maven.apache.org/maven2/org/springframework/spring-webmvc/7.0.6/spring-webmvc-7.0.6-sources.jar
2026-04-09 10:40:29,066 [Worker-11: Download sources and javadoc] INFO  o.e.m.c.i.e.AbstractTransferListenerAdapter - Downloaded https://repo.maven.apache.org/maven2/org/springframework/spring-webmvc/7.0.6/spring-webmvc-7.0.6-sources.jar
2026-04-09 10:40:29,184 [Worker-11: Download sources and javadoc] INFO  o.e.m.j.internal.DownloadSourcesJob - Downloaded sources for org.springframework:spring-webmvc:7.0.6
2026-04-09 10:40:29,357 [Worker-11: Download sources and javadoc] INFO  o.e.m.c.i.e.AbstractTransferListenerAdapter - Downloading https://repo.maven.apache.org/maven2/org/springframework/spring-expression/7.0.6/spring-expression-7.0.6-sources.jar
2026-04-09 10:40:30,130 [Worker-11: Download sources and javadoc] INFO  o.e.m.c.i.e.AbstractTransferListenerAdapter - Downloaded https://repo.maven.apache.org/maven2/org/springframework/spring-expression/7.0.6/spring-expression-7.0.6-sources.jar
2026-04-09 10:40:30,749 [Worker-11: Download sources and javadoc] INFO  o.e.m.j.internal.DownloadSourcesJob - Downloaded sources for org.springframework:spring-expression:7.0.6
2026-04-09 10:40:30,920 [Worker-11: Download sources and javadoc] INFO  o.e.m.c.i.e.AbstractTransferListenerAdapter - Downloading https://repo.maven.apache.org/maven2/org/springframework/boot/spring-boot-devtools/4.0.5/spring-boot-devtools-4.0.5-sources.jar
2026-04-09 10:40:31,118 [Worker-11: Download sources and javadoc] INFO  o.e.m.c.i.e.AbstractTransferListenerAdapter - Downloaded https://repo.maven.apache.org/maven2/org/springframework/boot/spring-boot-devtools/4.0.5/spring-boot-devtools-4.0.5-sources.jar
2026-04-09 10:40:31,236 [Worker-11: Download sources and javadoc] INFO  o.e.m.j.internal.DownloadSourcesJob - Downloaded sources for org.springframework.boot:spring-boot-devtools:4.0.5
2026-04-09 10:40:31,432 [Worker-11: Download sources and javadoc] INFO  o.e.m.c.i.e.AbstractTransferListenerAdapter - Downloading https://repo.maven.apache.org/maven2/org/springframework/boot/spring-boot/4.0.5/spring-boot-4.0.5-sources.jar
2026-04-09 10:40:33,261 [Worker-11: Download sources and javadoc] INFO  o.e.m.c.i.e.AbstractTransferListenerAdapter - Downloaded https://repo.maven.apache.org/maven2/org/springframework/boot/spring-boot/4.0.5/spring-boot-4.0.5-sources.jar
2026-04-09 10:40:33,401 [Worker-11: Download sources and javadoc] INFO  o.e.m.j.internal.DownloadSourcesJob - Downloaded sources for org.springframework.boot:spring-boot:4.0.5
2026-04-09 10:40:33,576 [Worker-11: Download sources and javadoc] INFO  o.e.m.c.i.e.AbstractTransferListenerAdapter - Downloading https://repo.maven.apache.org/maven2/org/springframework/spring-core/7.0.6/spring-core-7.0.6-sources.jar
2026-04-09 10:40:36,376 [Worker-11: Download sources and javadoc] INFO  o.e.m.c.i.e.AbstractTransferListenerAdapter - Downloaded https://repo.maven.apache.org/maven2/org/springframework/spring-core/7.0.6/spring-core-7.0.6-sources.jar
2026-04-09 10:40:36,578 [Worker-11: Download sources and javadoc] INFO  o.e.m.j.internal.DownloadSourcesJob - Downloaded sources for org.springframework:spring-core:7.0.6
2026-04-09 10:40:36,769 [Worker-11: Download sources and javadoc] INFO  o.e.m.c.i.e.AbstractTransferListenerAdapter - Downloading https://repo.maven.apache.org/maven2/commons-logging/commons-logging/1.3.6/commons-logging-1.3.6-sources.jar
2026-04-09 10:40:36,916 [Worker-11: Download sources and javadoc] INFO  o.e.m.c.i.e.AbstractTransferListenerAdapter - Downloaded https://repo.maven.apache.org/maven2/commons-logging/commons-logging/1.3.6/commons-logging-1.3.6-sources.jar
2026-04-09 10:40:37,273 [Worker-11: Download sources and javadoc] INFO  o.e.m.j.internal.DownloadSourcesJob - Downloaded sources for commons-logging:commons-logging:1.3.6
2026-04-09 10:40:37,522 [Worker-11: Download sources and javadoc] INFO  o.e.m.c.i.e.AbstractTransferListenerAdapter - Downloading https://repo.maven.apache.org/maven2/org/jspecify/jspecify/1.0.0/jspecify-1.0.0-sources.jar
2026-04-09 10:40:38,199 [Worker-11: Download sources and javadoc] INFO  o.e.m.c.i.e.AbstractTransferListenerAdapter - Downloaded https://repo.maven.apache.org/maven2/org/jspecify/jspecify/1.0.0/jspecify-1.0.0-sources.jar
2026-04-09 10:40:38,490 [Worker-11: Download sources and javadoc] INFO  o.e.m.j.internal.DownloadSourcesJob - Downloaded sources for org.jspecify:jspecify:1.0.0
2026-04-09 10:40:38,623 [Worker-11: Download sources and javadoc] INFO  o.e.m.c.i.e.AbstractTransferListenerAdapter - Downloading https://repo.maven.apache.org/maven2/org/springframework/spring-context/7.0.6/spring-context-7.0.6-sources.jar
2026-04-09 10:40:40,150 [Worker-11: Download sources and javadoc] INFO  o.e.m.c.i.e.AbstractTransferListenerAdapter - Downloaded https://repo.maven.apache.org/maven2/org/springframework/spring-context/7.0.6/spring-context-7.0.6-sources.jar
2026-04-09 10:40:40,433 [Worker-11: Download sources and javadoc] INFO  o.e.m.j.internal.DownloadSourcesJob - Downloaded sources for org.springframework:spring-context:7.0.6
2026-04-09 10:40:40,569 [Worker-11: Download sources and javadoc] INFO  o.e.m.c.i.e.AbstractTransferListenerAdapter - Downloading https://repo.maven.apache.org/maven2/org/springframework/boot/spring-boot-autoconfigure/4.0.5/spring-boot-autoconfigure-4.0.5-sources.jar
2026-04-09 10:40:40,984 [Worker-11: Download sources and javadoc] INFO  o.e.m.c.i.e.AbstractTransferListenerAdapter - Downloaded https://repo.maven.apache.org/maven2/org/springframework/boot/spring-boot-autoconfigure/4.0.5/spring-boot-autoconfigure-4.0.5-sources.jar
2026-04-09 10:40:41,862 [Worker-11: Download sources and javadoc] INFO  o.e.m.j.internal.DownloadSourcesJob - Downloaded sources for org.springframework.boot:spring-boot-autoconfigure:4.0.5
2026-04-09 10:40:42,288 [Worker-11: Download sources and javadoc] INFO  o.e.m.c.i.e.AbstractTransferListenerAdapter - Downloading https://repo.maven.apache.org/maven2/org/springframework/boot/spring-boot-starter-tomcat/4.0.5/spring-boot-starter-tomcat-4.0.5-sources.jar
2026-04-09 10:40:42,410 [Worker-11: Download sources and javadoc] INFO  o.e.m.c.i.e.AbstractTransferListenerAdapter - Downloaded https://repo.maven.apache.org/maven2/org/springframework/boot/spring-boot-starter-tomcat/4.0.5/spring-boot-starter-tomcat-4.0.5-sources.jar
2026-04-09 10:40:42,557 [Worker-11: Download sources and javadoc] INFO  o.e.m.j.internal.DownloadSourcesJob - Downloaded sources for org.springframework.boot:spring-boot-starter-tomcat:4.0.5
2026-04-09 10:40:42,701 [Worker-11: Download sources and javadoc] INFO  o.e.m.c.i.e.AbstractTransferListenerAdapter - Downloading https://repo.maven.apache.org/maven2/org/springframework/boot/spring-boot-starter-tomcat-runtime/4.0.5/spring-boot-starter-tomcat-runtime-4.0.5-sources.jar
2026-04-09 10:40:42,806 [Worker-11: Download sources and javadoc] INFO  o.e.m.c.i.e.AbstractTransferListenerAdapter - Downloaded https://repo.maven.apache.org/maven2/org/springframework/boot/spring-boot-starter-tomcat-runtime/4.0.5/spring-boot-starter-tomcat-runtime-4.0.5-sources.jar
2026-04-09 10:40:42,930 [Worker-11: Download sources and javadoc] INFO  o.e.m.j.internal.DownloadSourcesJob - Downloaded sources for org.springframework.boot:spring-boot-starter-tomcat-runtime:4.0.5
2026-04-09 10:40:43,139 [Worker-11: Download sources and javadoc] INFO  o.e.m.c.i.e.AbstractTransferListenerAdapter - Downloading https://repo.maven.apache.org/maven2/org/springframework/boot/spring-boot-web-server/4.0.5/spring-boot-web-server-4.0.5-sources.jar
2026-04-09 10:40:43,315 [Worker-11: Download sources and javadoc] INFO  o.e.m.c.i.e.AbstractTransferListenerAdapter - Downloaded https://repo.maven.apache.org/maven2/org/springframework/boot/spring-boot-web-server/4.0.5/spring-boot-web-server-4.0.5-sources.jar
2026-04-09 10:40:43,444 [Worker-11: Download sources and javadoc] INFO  o.e.m.j.internal.DownloadSourcesJob - Downloaded sources for org.springframework.boot:spring-boot-web-server:4.0.5
2026-04-09 10:40:43,586 [Worker-11: Download sources and javadoc] INFO  o.e.m.c.i.e.AbstractTransferListenerAdapter - Downloading https://repo.maven.apache.org/maven2/org/apache/tomcat/embed/tomcat-embed-core/11.0.20/tomcat-embed-core-11.0.20-sources.jar
2026-04-09 10:40:48,238 [Worker-11: Download sources and javadoc] INFO  o.e.m.c.i.e.AbstractTransferListenerAdapter - Downloaded https://repo.maven.apache.org/maven2/org/apache/tomcat/embed/tomcat-embed-core/11.0.20/tomcat-embed-core-11.0.20-sources.jar
2026-04-09 10:40:48,506 [Worker-11: Download sources and javadoc] INFO  o.e.m.j.internal.DownloadSourcesJob - Downloaded sources for org.apache.tomcat.embed:tomcat-embed-core:11.0.20
2026-04-09 10:40:48,666 [Worker-11: Download sources and javadoc] INFO  o.e.m.c.i.e.AbstractTransferListenerAdapter - Downloading https://repo.maven.apache.org/maven2/org/apache/tomcat/embed/tomcat-embed-el/11.0.20/tomcat-embed-el-11.0.20-sources.jar
2026-04-09 10:40:48,915 [Worker-11: Download sources and javadoc] INFO  o.e.m.c.i.e.AbstractTransferListenerAdapter - Downloaded https://repo.maven.apache.org/maven2/org/apache/tomcat/embed/tomcat-embed-el/11.0.20/tomcat-embed-el-11.0.20-sources.jar
2026-04-09 10:40:49,080 [Worker-11: Download sources and javadoc] INFO  o.e.m.j.internal.DownloadSourcesJob - Downloaded sources for org.apache.tomcat.embed:tomcat-embed-el:11.0.20
2026-04-09 10:40:49,235 [Worker-11: Download sources and javadoc] INFO  o.e.m.c.i.e.AbstractTransferListenerAdapter - Downloading https://repo.maven.apache.org/maven2/org/apache/tomcat/embed/tomcat-embed-websocket/11.0.20/tomcat-embed-websocket-11.0.20-sources.jar
2026-04-09 10:40:49,665 [Worker-11: Download sources and javadoc] INFO  o.e.m.c.i.e.AbstractTransferListenerAdapter - Downloaded https://repo.maven.apache.org/maven2/org/apache/tomcat/embed/tomcat-embed-websocket/11.0.20/tomcat-embed-websocket-11.0.20-sources.jar
2026-04-09 10:40:49,825 [Worker-11: Download sources and javadoc] INFO  o.e.m.j.internal.DownloadSourcesJob - Downloaded sources for org.apache.tomcat.embed:tomcat-embed-websocket:11.0.20
2026-04-09 10:40:50,019 [Worker-11: Download sources and javadoc] INFO  o.e.m.c.i.e.AbstractTransferListenerAdapter - Downloading https://repo.maven.apache.org/maven2/org/springframework/boot/spring-boot-tomcat/4.0.5/spring-boot-tomcat-4.0.5-sources.jar
2026-04-09 10:40:50,218 [Worker-11: Download sources and javadoc] INFO  o.e.m.c.i.e.AbstractTransferListenerAdapter - Downloaded https://repo.maven.apache.org/maven2/org/springframework/boot/spring-boot-tomcat/4.0.5/spring-boot-tomcat-4.0.5-sources.jar
2026-04-09 10:40:50,461 [Worker-11: Download sources and javadoc] INFO  o.e.m.j.internal.DownloadSourcesJob - Downloaded sources for org.springframework.boot:spring-boot-tomcat:4.0.5
2026-04-09 10:40:50,619 [Worker-11: Download sources and javadoc] INFO  o.e.m.c.i.e.AbstractTransferListenerAdapter - Downloading https://repo.maven.apache.org/maven2/org/springframework/boot/spring-boot-starter-data-jpa-test/4.0.5/spring-boot-starter-data-jpa-test-4.0.5-sources.jar
2026-04-09 10:40:50,733 [Worker-11: Download sources and javadoc] INFO  o.e.m.c.i.e.AbstractTransferListenerAdapter - Downloaded https://repo.maven.apache.org/maven2/org/springframework/boot/spring-boot-starter-data-jpa-test/4.0.5/spring-boot-starter-data-jpa-test-4.0.5-sources.jar
2026-04-09 10:40:50,931 [Worker-11: Download sources and javadoc] INFO  o.e.m.j.internal.DownloadSourcesJob - Downloaded sources for org.springframework.boot:spring-boot-starter-data-jpa-test:4.0.5
2026-04-09 10:40:51,125 [Worker-11: Download sources and javadoc] INFO  o.e.m.c.i.e.AbstractTransferListenerAdapter - Downloading https://repo.maven.apache.org/maven2/org/springframework/boot/spring-boot-starter-test/4.0.5/spring-boot-starter-test-4.0.5-sources.jar
2026-04-09 10:40:51,227 [Worker-11: Download sources and javadoc] INFO  o.e.m.c.i.e.AbstractTransferListenerAdapter - Downloaded https://repo.maven.apache.org/maven2/org/springframework/boot/spring-boot-starter-test/4.0.5/spring-boot-starter-test-4.0.5-sources.jar
2026-04-09 10:40:51,367 [Worker-11: Download sources and javadoc] INFO  o.e.m.j.internal.DownloadSourcesJob - Downloaded sources for org.springframework.boot:spring-boot-starter-test:4.0.5
2026-04-09 10:40:51,504 [Worker-11: Download sources and javadoc] INFO  o.e.m.c.i.e.AbstractTransferListenerAdapter - Downloading https://repo.maven.apache.org/maven2/org/springframework/boot/spring-boot-test/4.0.5/spring-boot-test-4.0.5-sources.jar
2026-04-09 10:40:51,883 [Worker-11: Download sources and javadoc] INFO  o.e.m.c.i.e.AbstractTransferListenerAdapter - Downloaded https://repo.maven.apache.org/maven2/org/springframework/boot/spring-boot-test/4.0.5/spring-boot-test-4.0.5-sources.jar
2026-04-09 10:40:52,778 [Worker-11: Download sources and javadoc] INFO  o.e.m.j.internal.DownloadSourcesJob - Downloaded sources for org.springframework.boot:spring-boot-test:4.0.5
2026-04-09 10:40:53,060 [Worker-11: Download sources and javadoc] INFO  o.e.m.c.i.e.AbstractTransferListenerAdapter - Downloading https://repo.maven.apache.org/maven2/org/springframework/boot/spring-boot-test-autoconfigure/4.0.5/spring-boot-test-autoconfigure-4.0.5-sources.jar
2026-04-09 10:40:53,916 [Worker-11: Download sources and javadoc] INFO  o.e.m.c.i.e.AbstractTransferListenerAdapter - Downloaded https://repo.maven.apache.org/maven2/org/springframework/boot/spring-boot-test-autoconfigure/4.0.5/spring-boot-test-autoconfigure-4.0.5-sources.jar
2026-04-09 10:40:54,326 [Worker-11: Download sources and javadoc] INFO  o.e.m.j.internal.DownloadSourcesJob - Downloaded sources for org.springframework.boot:spring-boot-test-autoconfigure:4.0.5
2026-04-09 10:40:54,575 [Worker-11: Download sources and javadoc] INFO  o.e.m.c.i.e.AbstractTransferListenerAdapter - Downloading https://repo.maven.apache.org/maven2/com/jayway/jsonpath/json-path/2.10.0/json-path-2.10.0-sources.jar
2026-04-09 10:40:54,841 [Worker-11: Download sources and javadoc] INFO  o.e.m.c.i.e.AbstractTransferListenerAdapter - Downloaded https://repo.maven.apache.org/maven2/com/jayway/jsonpath/json-path/2.10.0/json-path-2.10.0-sources.jar
2026-04-09 10:40:55,398 [Worker-11: Download sources and javadoc] INFO  o.e.m.j.internal.DownloadSourcesJob - Downloaded sources for com.jayway.jsonpath:json-path:2.10.0
2026-04-09 10:40:55,693 [Worker-11: Download sources and javadoc] INFO  o.e.m.c.i.e.AbstractTransferListenerAdapter - Downloading https://repo.maven.apache.org/maven2/net/minidev/json-smart/2.6.0/json-smart-2.6.0-sources.jar
2026-04-09 10:40:56,156 [Worker-11: Download sources and javadoc] INFO  o.e.m.c.i.e.AbstractTransferListenerAdapter - Downloaded https://repo.maven.apache.org/maven2/net/minidev/json-smart/2.6.0/json-smart-2.6.0-sources.jar
2026-04-09 10:40:56,790 [Worker-11: Download sources and javadoc] INFO  o.e.m.j.internal.DownloadSourcesJob - Downloaded sources for net.minidev:json-smart:2.6.0
2026-04-09 10:40:57,029 [Worker-11: Download sources and javadoc] INFO  o.e.m.c.i.e.AbstractTransferListenerAdapter - Downloading https://repo.maven.apache.org/maven2/net/minidev/accessors-smart/2.6.0/accessors-smart-2.6.0-sources.jar
2026-04-09 10:40:57,397 [Worker-11: Download sources and javadoc] INFO  o.e.m.c.i.e.AbstractTransferListenerAdapter - Downloaded https://repo.maven.apache.org/maven2/net/minidev/accessors-smart/2.6.0/accessors-smart-2.6.0-sources.jar
2026-04-09 10:40:57,782 [Worker-11: Download sources and javadoc] INFO  o.e.m.j.internal.DownloadSourcesJob - Downloaded sources for net.minidev:accessors-smart:2.6.0
2026-04-09 10:40:58,016 [Worker-11: Download sources and javadoc] INFO  o.e.m.c.i.e.AbstractTransferListenerAdapter - Downloading https://repo.maven.apache.org/maven2/org/awaitility/awaitility/4.3.0/awaitility-4.3.0-sources.jar
2026-04-09 10:40:58,306 [Worker-11: Download sources and javadoc] INFO  o.e.m.c.i.e.AbstractTransferListenerAdapter - Downloaded https://repo.maven.apache.org/maven2/org/awaitility/awaitility/4.3.0/awaitility-4.3.0-sources.jar
2026-04-09 10:40:59,229 [Worker-11: Download sources and javadoc] INFO  o.e.m.j.internal.DownloadSourcesJob - Downloaded sources for org.awaitility:awaitility:4.3.0
2026-04-09 10:40:59,736 [Worker-11: Download sources and javadoc] INFO  o.e.m.c.i.e.AbstractTransferListenerAdapter - Downloading https://repo.maven.apache.org/maven2/org/junit/jupiter/junit-jupiter/6.0.3/junit-jupiter-6.0.3-sources.jar
2026-04-09 10:40:59,958 [Worker-11: Download sources and javadoc] INFO  o.e.m.c.i.e.AbstractTransferListenerAdapter - Downloaded https://repo.maven.apache.org/maven2/org/junit/jupiter/junit-jupiter/6.0.3/junit-jupiter-6.0.3-sources.jar
2026-04-09 10:41:00,167 [Worker-11: Download sources and javadoc] INFO  o.e.m.j.internal.DownloadSourcesJob - Downloaded sources for org.junit.jupiter:junit-jupiter:6.0.3
2026-04-09 10:41:00,335 [Worker-11: Download sources and javadoc] INFO  o.e.m.c.i.e.AbstractTransferListenerAdapter - Downloading https://repo.maven.apache.org/maven2/org/junit/jupiter/junit-jupiter-api/6.0.3/junit-jupiter-api-6.0.3-sources.jar
2026-04-09 10:41:00,685 [Worker-11: Download sources and javadoc] INFO  o.e.m.c.i.e.AbstractTransferListenerAdapter - Downloaded https://repo.maven.apache.org/maven2/org/junit/jupiter/junit-jupiter-api/6.0.3/junit-jupiter-api-6.0.3-sources.jar
2026-04-09 10:41:00,840 [Worker-11: Download sources and javadoc] INFO  o.e.m.j.internal.DownloadSourcesJob - Downloaded sources for org.junit.jupiter:junit-jupiter-api:6.0.3
2026-04-09 10:41:00,991 [Worker-11: Download sources and javadoc] INFO  o.e.m.c.i.e.AbstractTransferListenerAdapter - Downloading https://repo.maven.apache.org/maven2/org/junit/platform/junit-platform-commons/6.0.3/junit-platform-commons-6.0.3-sources.jar
2026-04-09 10:41:01,159 [Worker-11: Download sources and javadoc] INFO  o.e.m.c.i.e.AbstractTransferListenerAdapter - Downloaded https://repo.maven.apache.org/maven2/org/junit/platform/junit-platform-commons/6.0.3/junit-platform-commons-6.0.3-sources.jar
2026-04-09 10:41:01,249 [Worker-11: Download sources and javadoc] INFO  o.e.m.j.internal.DownloadSourcesJob - Downloaded sources for org.junit.platform:junit-platform-commons:6.0.3
2026-04-09 10:41:01,385 [Worker-11: Download sources and javadoc] INFO  o.e.m.c.i.e.AbstractTransferListenerAdapter - Downloading https://repo.maven.apache.org/maven2/org/junit/jupiter/junit-jupiter-params/6.0.3/junit-jupiter-params-6.0.3-sources.jar
2026-04-09 10:41:01,867 [Worker-11: Download sources and javadoc] INFO  o.e.m.c.i.e.AbstractTransferListenerAdapter - Downloaded https://repo.maven.apache.org/maven2/org/junit/jupiter/junit-jupiter-params/6.0.3/junit-jupiter-params-6.0.3-sources.jar
2026-04-09 10:41:02,539 [Worker-11: Download sources and javadoc] INFO  o.e.m.j.internal.DownloadSourcesJob - Downloaded sources for org.junit.jupiter:junit-jupiter-params:6.0.3
2026-04-09 10:41:02,819 [Worker-11: Download sources and javadoc] INFO  o.e.m.c.i.e.AbstractTransferListenerAdapter - Downloading https://repo.maven.apache.org/maven2/org/junit/jupiter/junit-jupiter-engine/6.0.3/junit-jupiter-engine-6.0.3-sources.jar
2026-04-09 10:41:03,156 [Worker-11: Download sources and javadoc] INFO  o.e.m.c.i.e.AbstractTransferListenerAdapter - Downloaded https://repo.maven.apache.org/maven2/org/junit/jupiter/junit-jupiter-engine/6.0.3/junit-jupiter-engine-6.0.3-sources.jar
2026-04-09 10:41:03,331 [Worker-11: Download sources and javadoc] INFO  o.e.m.j.internal.DownloadSourcesJob - Downloaded sources for org.junit.jupiter:junit-jupiter-engine:6.0.3
2026-04-09 10:41:03,475 [Worker-11: Download sources and javadoc] INFO  o.e.m.c.i.e.AbstractTransferListenerAdapter - Downloading https://repo.maven.apache.org/maven2/org/junit/platform/junit-platform-engine/6.0.3/junit-platform-engine-6.0.3-sources.jar
2026-04-09 10:41:03,667 [Worker-11: Download sources and javadoc] INFO  o.e.m.c.i.e.AbstractTransferListenerAdapter - Downloaded https://repo.maven.apache.org/maven2/org/junit/platform/junit-platform-engine/6.0.3/junit-platform-engine-6.0.3-sources.jar
2026-04-09 10:41:03,762 [Worker-11: Download sources and javadoc] INFO  o.e.m.j.internal.DownloadSourcesJob - Downloaded sources for org.junit.platform:junit-platform-engine:6.0.3
2026-04-09 10:41:03,914 [Worker-11: Download sources and javadoc] INFO  o.e.m.c.i.e.AbstractTransferListenerAdapter - Downloading https://repo.maven.apache.org/maven2/org/mockito/mockito-core/5.20.0/mockito-core-5.20.0-sources.jar
2026-04-09 10:41:04,565 [Worker-11: Download sources and javadoc] INFO  o.e.m.c.i.e.AbstractTransferListenerAdapter - Downloaded https://repo.maven.apache.org/maven2/org/mockito/mockito-core/5.20.0/mockito-core-5.20.0-sources.jar
2026-04-09 10:41:04,692 [Worker-11: Download sources and javadoc] INFO  o.e.m.j.internal.DownloadSourcesJob - Downloaded sources for org.mockito:mockito-core:5.20.0
2026-04-09 10:41:05,063 [Worker-11: Download sources and javadoc] INFO  o.e.m.c.i.e.AbstractTransferListenerAdapter - Downloading https://repo.maven.apache.org/maven2/org/mockito/mockito-junit-jupiter/5.20.0/mockito-junit-jupiter-5.20.0-sources.jar
2026-04-09 10:41:05,256 [Worker-11: Download sources and javadoc] INFO  o.e.m.c.i.e.AbstractTransferListenerAdapter - Downloaded https://repo.maven.apache.org/maven2/org/mockito/mockito-junit-jupiter/5.20.0/mockito-junit-jupiter-5.20.0-sources.jar
2026-04-09 10:41:05,645 [Worker-11: Download sources and javadoc] INFO  o.e.m.j.internal.DownloadSourcesJob - Downloaded sources for org.mockito:mockito-junit-jupiter:5.20.0
2026-04-09 10:41:05,885 [Worker-11: Download sources and javadoc] INFO  o.e.m.c.i.e.AbstractTransferListenerAdapter - Downloading https://repo.maven.apache.org/maven2/org/springframework/spring-test/7.0.6/spring-test-7.0.6-sources.jar
2026-04-09 10:41:07,118 [Worker-11: Download sources and javadoc] INFO  o.e.m.c.i.e.AbstractTransferListenerAdapter - Downloaded https://repo.maven.apache.org/maven2/org/springframework/spring-test/7.0.6/spring-test-7.0.6-sources.jar
2026-04-09 10:41:07,237 [Worker-11: Download sources and javadoc] INFO  o.e.m.j.internal.DownloadSourcesJob - Downloaded sources for org.springframework:spring-test:7.0.6
2026-04-09 10:41:07,388 [Worker-11: Download sources and javadoc] INFO  o.e.m.c.i.e.AbstractTransferListenerAdapter - Downloading https://repo.maven.apache.org/maven2/org/springframework/boot/spring-boot-starter-jdbc-test/4.0.5/spring-boot-starter-jdbc-test-4.0.5-sources.jar
2026-04-09 10:41:07,537 [Worker-11: Download sources and javadoc] INFO  o.e.m.c.i.e.AbstractTransferListenerAdapter - Downloaded https://repo.maven.apache.org/maven2/org/springframework/boot/spring-boot-starter-jdbc-test/4.0.5/spring-boot-starter-jdbc-test-4.0.5-sources.jar
2026-04-09 10:41:07,697 [Worker-11: Download sources and javadoc] INFO  o.e.m.j.internal.DownloadSourcesJob - Downloaded sources for org.springframework.boot:spring-boot-starter-jdbc-test:4.0.5
2026-04-09 10:41:07,911 [Worker-11: Download sources and javadoc] INFO  o.e.m.c.i.e.AbstractTransferListenerAdapter - Downloading https://repo.maven.apache.org/maven2/org/springframework/boot/spring-boot-jdbc-test/4.0.5/spring-boot-jdbc-test-4.0.5-sources.jar
2026-04-09 10:41:08,165 [Worker-11: Download sources and javadoc] INFO  o.e.m.c.i.e.AbstractTransferListenerAdapter - Downloaded https://repo.maven.apache.org/maven2/org/springframework/boot/spring-boot-jdbc-test/4.0.5/spring-boot-jdbc-test-4.0.5-sources.jar
2026-04-09 10:41:09,478 [Worker-11: Download sources and javadoc] INFO  o.e.m.j.internal.DownloadSourcesJob - Downloaded sources for org.springframework.boot:spring-boot-jdbc-test:4.0.5
2026-04-09 10:41:09,713 [Worker-11: Download sources and javadoc] INFO  o.e.m.c.i.e.AbstractTransferListenerAdapter - Downloading https://repo.maven.apache.org/maven2/org/springframework/boot/spring-boot-data-jpa-test/4.0.5/spring-boot-data-jpa-test-4.0.5-sources.jar
2026-04-09 10:41:09,992 [Worker-11: Download sources and javadoc] INFO  o.e.m.c.i.e.AbstractTransferListenerAdapter - Downloaded https://repo.maven.apache.org/maven2/org/springframework/boot/spring-boot-data-jpa-test/4.0.5/spring-boot-data-jpa-test-4.0.5-sources.jar
2026-04-09 10:41:10,204 [Worker-11: Download sources and javadoc] INFO  o.e.m.j.internal.DownloadSourcesJob - Downloaded sources for org.springframework.boot:spring-boot-data-jpa-test:4.0.5
2026-04-09 10:41:10,374 [Worker-11: Download sources and javadoc] INFO  o.e.m.c.i.e.AbstractTransferListenerAdapter - Downloading https://repo.maven.apache.org/maven2/org/springframework/boot/spring-boot-jpa-test/4.0.5/spring-boot-jpa-test-4.0.5-sources.jar
2026-04-09 10:41:10,668 [Worker-11: Download sources and javadoc] INFO  o.e.m.c.i.e.AbstractTransferListenerAdapter - Downloaded https://repo.maven.apache.org/maven2/org/springframework/boot/spring-boot-jpa-test/4.0.5/spring-boot-jpa-test-4.0.5-sources.jar
2026-04-09 10:41:12,624 [Worker-11: Download sources and javadoc] WARN  o.e.a.i.i.DefaultRepositoryEventDispatcher - Failed to dispatch repository event to org.eclipse.m2e.core.internal.embedder.EclipseRepositoryListener
java.util.ConcurrentModificationException: null
	at java.base/java.util.ArrayList$Itr.checkForComodification(ArrayList.java:1013)
	at java.base/java.util.ArrayList$Itr.next(ArrayList.java:967)
	at org.eclipse.m2e.core.internal.embedder.EclipseRepositoryListener.notifyListeners(EclipseRepositoryListener.java:57)
	at org.eclipse.m2e.core.internal.embedder.EclipseRepositoryListener.artifactDownloaded(EclipseRepositoryListener.java:44)
	at org.eclipse.aether.internal.impl.DefaultRepositoryEventDispatcher.dispatch(DefaultRepositoryEventDispatcher.java:121)
	at org.eclipse.aether.internal.impl.DefaultRepositoryEventDispatcher.dispatch(DefaultRepositoryEventDispatcher.java:90)
	at org.eclipse.aether.internal.impl.DefaultArtifactResolver.artifactDownloaded(DefaultArtifactResolver.java:694)
	at org.eclipse.aether.internal.impl.DefaultArtifactResolver.evaluateDownloads(DefaultArtifactResolver.java:637)
	at org.eclipse.aether.internal.impl.DefaultArtifactResolver.performDownloads(DefaultArtifactResolver.java:525)
	at org.eclipse.aether.internal.impl.DefaultArtifactResolver.resolve(DefaultArtifactResolver.java:402)
	at org.eclipse.aether.internal.impl.DefaultArtifactResolver.resolveArtifacts(DefaultArtifactResolver.java:229)
	at org.eclipse.aether.internal.impl.DefaultArtifactResolver.resolveArtifact(DefaultArtifactResolver.java:207)
	at org.eclipse.aether.internal.impl.DefaultRepositorySystem.resolveArtifact(DefaultRepositorySystem.java:262)
	at org.eclipse.m2e.core.internal.embedder.MavenImpl.lambda$4(MavenImpl.java:805)
	at org.eclipse.m2e.core.internal.embedder.MavenExecutionContext.executeBare(MavenExecutionContext.java:182)
	at org.eclipse.m2e.core.internal.embedder.MavenExecutionContext.execute(MavenExecutionContext.java:117)
	at org.eclipse.m2e.core.internal.embedder.MavenExecutionContext.execute(MavenExecutionContext.java:103)
	at org.eclipse.m2e.core.internal.embedder.MavenImpl.resolve(MavenImpl.java:796)
	at org.eclipse.m2e.core.internal.embedder.MavenImpl.resolve(MavenImpl.java:773)
	at org.eclipse.m2e.jdt.internal.DownloadSourcesJob.download(DownloadSourcesJob.java:311)
	at org.eclipse.m2e.jdt.internal.DownloadSourcesJob.downloadAttachments(DownloadSourcesJob.java:285)
	at org.eclipse.m2e.jdt.internal.DownloadSourcesJob.downloadMaven(DownloadSourcesJob.java:255)
	at org.eclipse.m2e.jdt.internal.DownloadSourcesJob.downloadFilesAndPopulateToUpdate(DownloadSourcesJob.java:223)
	at org.eclipse.m2e.jdt.internal.DownloadSourcesJob.lambda$0(DownloadSourcesJob.java:152)
	at org.eclipse.m2e.core.internal.embedder.MavenExecutionContext.executeBare(MavenExecutionContext.java:182)
	at org.eclipse.m2e.core.internal.embedder.MavenExecutionContext.execute(MavenExecutionContext.java:156)
	at org.eclipse.m2e.core.internal.embedder.MavenExecutionContext.execute(MavenExecutionContext.java:103)
	at org.eclipse.m2e.core.internal.embedder.MavenImpl.execute(MavenImpl.java:1416)
	at org.eclipse.m2e.jdt.internal.DownloadSourcesJob.run(DownloadSourcesJob.java:152)
	at org.eclipse.core.internal.jobs.Worker.run(Worker.java:63)
2026-04-09 10:41:12,641 [Worker-11: Download sources and javadoc] INFO  o.e.m.j.internal.DownloadSourcesJob - Downloaded sources for org.springframework.boot:spring-boot-jpa-test:4.0.5
2026-04-09 10:41:14,733 [Worker-10: Building] INFO  o.e.m.c.i.l.LifecycleMappingFactory - Using org.maven.ide.eclipse.wtp.WarLifecycleMapping lifecycle mapping for MavenProject: com.example:Address:0.0.1-SNAPSHOT @ C:\Users\Rishabh patil\Desktop\Microservices\Address\pom.xml.
2026-04-09 10:41:14,846 [Worker-11: Download sources and javadoc] INFO  o.e.m.c.i.e.AbstractTransferListenerAdapter - Downloading https://repo.maven.apache.org/maven2/org/springframework/boot/spring-boot-starter-webmvc-test/4.0.5/spring-boot-starter-webmvc-test-4.0.5-sources.jar
2026-04-09 10:41:14,991 [Worker-11: Download sources and javadoc] INFO  o.e.m.c.i.e.AbstractTransferListenerAdapter - Downloaded https://repo.maven.apache.org/maven2/org/springframework/boot/spring-boot-starter-webmvc-test/4.0.5/spring-boot-starter-webmvc-test-4.0.5-sources.jar
2026-04-09 10:41:15,171 [Worker-11: Download sources and javadoc] INFO  o.e.m.j.internal.DownloadSourcesJob - Downloaded sources for org.springframework.boot:spring-boot-starter-webmvc-test:4.0.5
2026-04-09 10:41:15,482 [Worker-11: Download sources and javadoc] INFO  o.e.m.c.i.e.AbstractTransferListenerAdapter - Downloading https://repo.maven.apache.org/maven2/org/springframework/boot/spring-boot-starter-jackson-test/4.0.5/spring-boot-starter-jackson-test-4.0.5-sources.jar
2026-04-09 10:41:15,577 [Worker-11: Download sources and javadoc] INFO  o.e.m.c.i.e.AbstractTransferListenerAdapter - Downloaded https://repo.maven.apache.org/maven2/org/springframework/boot/spring-boot-starter-jackson-test/4.0.5/spring-boot-starter-jackson-test-4.0.5-sources.jar
2026-04-09 10:41:15,822 [Worker-11: Download sources and javadoc] INFO  o.e.m.j.internal.DownloadSourcesJob - Downloaded sources for org.springframework.boot:spring-boot-starter-jackson-test:4.0.5
2026-04-09 10:41:16,661 [Worker-10: Building] INFO  o.a.m.s.f.DefaultMavenResourcesFiltering - Copying 0 resource from src\main\resources to target\classes
2026-04-09 10:41:16,661 [Worker-10: Building] INFO  o.a.m.s.f.DefaultMavenResourcesFiltering - Copying 0 resource from src\main\resources to target\classes
2026-04-09 10:41:16,664 [Worker-10: Building] INFO  o.a.m.s.f.DefaultMavenResourcesFiltering - skip non existing resourceDirectory C:\Users\Rishabh patil\Desktop\Microservices\Address\src\test\resources
2026-04-09 10:41:16,667 [Worker-10: Building] INFO  o.e.m.w.i.f.ResourceFilteringBuildParticipant - Changed resources require a complete clean of filtered resources of Address
2026-04-09 10:41:16,668 [Worker-10: Building] INFO  o.e.m.w.i.f.ResourceFilteringBuildParticipant - Executing resource filtering for Address
2026-04-09 10:41:16,846 [Worker-11: Download sources and javadoc] INFO  o.e.m.c.i.e.AbstractTransferListenerAdapter - Downloading https://repo.maven.apache.org/maven2/org/springframework/boot/spring-boot-webmvc-test/4.0.5/spring-boot-webmvc-test-4.0.5-sources.jar
2026-04-09 10:41:17,716 [Worker-11: Download sources and javadoc] INFO  o.e.m.c.i.e.AbstractTransferListenerAdapter - Downloaded https://repo.maven.apache.org/maven2/org/springframework/boot/spring-boot-webmvc-test/4.0.5/spring-boot-webmvc-test-4.0.5-sources.jar
2026-04-09 10:41:21,854 [Worker-11: Download sources and javadoc] INFO  o.e.m.j.internal.DownloadSourcesJob - Downloaded sources for org.springframework.boot:spring-boot-webmvc-test:4.0.5
2026-04-09 10:41:22,140 [Worker-11: Download sources and javadoc] INFO  o.e.m.c.i.e.AbstractTransferListenerAdapter - Downloading https://repo.maven.apache.org/maven2/org/springframework/boot/spring-boot-resttestclient/4.0.5/spring-boot-resttestclient-4.0.5-sources.jar
2026-04-09 10:41:22,159 [Worker-6: Building] INFO  o.a.m.s.f.DefaultMavenResourcesFiltering - Copying 1 resource from src\main\resources to target\classes
2026-04-09 10:41:22,163 [Worker-6: Building] INFO  o.a.m.s.f.DefaultMavenResourcesFiltering - Copying 0 resource from src\main\resources to target\classes
2026-04-09 10:41:22,175 [Worker-6: Building] INFO  o.a.m.s.f.DefaultMavenResourcesFiltering - skip non existing resourceDirectory C:\Users\Rishabh patil\Desktop\Microservices\Address\src\test\resources
2026-04-09 10:41:22,448 [Worker-11: Download sources and javadoc] INFO  o.e.m.c.i.e.AbstractTransferListenerAdapter - Downloaded https://repo.maven.apache.org/maven2/org/springframework/boot/spring-boot-resttestclient/4.0.5/spring-boot-resttestclient-4.0.5-sources.jar
2026-04-09 10:41:22,983 [Worker-11: Download sources and javadoc] INFO  o.e.m.j.internal.DownloadSourcesJob - Downloaded sources for org.springframework.boot:spring-boot-resttestclient:4.0.5
2026-04-09 10:41:23,582 [Worker-12: Building] INFO  o.a.m.s.f.DefaultMavenResourcesFiltering - Copying 0 resource from src\main\resources to target\classes
2026-04-09 10:41:23,583 [Worker-12: Building] INFO  o.a.m.s.f.DefaultMavenResourcesFiltering - Copying 0 resource from src\main\resources to target\classes
2026-04-09 10:41:23,585 [Worker-12: Building] INFO  o.a.m.s.f.DefaultMavenResourcesFiltering - skip non existing resourceDirectory C:\Users\Rishabh patil\Desktop\Microservices\Address\src\test\resources
2026-04-09 10:45:34,580 [Worker-10: Building] INFO  o.a.m.s.f.DefaultMavenResourcesFiltering - Copying 1 resource from src\main\resources to target\classes
2026-04-09 10:45:34,597 [Worker-10: Building] INFO  o.a.m.s.f.DefaultMavenResourcesFiltering - Copying 0 resource from src\main\resources to target\classes
2026-04-09 10:45:34,601 [Worker-10: Building] INFO  o.a.m.s.f.DefaultMavenResourcesFiltering - skip non existing resourceDirectory C:\Users\Rishabh patil\Desktop\Microservices\Address\src\test\resources
2026-04-09 10:46:03,972 [Worker-14: Building] INFO  o.a.m.s.f.DefaultMavenResourcesFiltering - Copying 1 resource from src\main\resources to target\classes
2026-04-09 10:46:03,980 [Worker-14: Building] INFO  o.a.m.s.f.DefaultMavenResourcesFiltering - Copying 0 resource from src\main\resources to target\classes
2026-04-09 10:46:03,983 [Worker-14: Building] INFO  o.a.m.s.f.DefaultMavenResourcesFiltering - skip non existing resourceDirectory C:\Users\Rishabh patil\Desktop\Microservices\Address\src\test\resources
2026-04-09 10:46:24,425 [Worker-20: Building] INFO  o.a.m.s.f.DefaultMavenResourcesFiltering - Copying 1 resource from src\main\resources to target\classes
2026-04-09 10:46:24,443 [Worker-20: Building] INFO  o.a.m.s.f.DefaultMavenResourcesFiltering - Copying 0 resource from src\main\resources to target\classes
2026-04-09 10:46:24,453 [Worker-20: Building] INFO  o.a.m.s.f.DefaultMavenResourcesFiltering - skip non existing resourceDirectory C:\Users\Rishabh patil\Desktop\Microservices\Address\src\test\resources
2026-04-09 10:46:30,743 [Worker-18: Building] INFO  o.a.m.s.f.DefaultMavenResourcesFiltering - Copying 1 resource from src\main\resources to target\classes
2026-04-09 10:46:30,754 [Worker-18: Building] INFO  o.a.m.s.f.DefaultMavenResourcesFiltering - Copying 0 resource from src\main\resources to target\classes
2026-04-09 10:46:30,759 [Worker-18: Building] INFO  o.a.m.s.f.DefaultMavenResourcesFiltering - skip non existing resourceDirectory C:\Users\Rishabh patil\Desktop\Microservices\Address\src\test\resources
2026-04-09 10:46:34,577 [Worker-14: Building] INFO  o.a.m.s.f.DefaultMavenResourcesFiltering - Copying 1 resource from src\main\resources to target\classes
2026-04-09 10:46:34,648 [Worker-14: Building] INFO  o.a.m.s.f.DefaultMavenResourcesFiltering - Copying 0 resource from src\main\resources to target\classes
2026-04-09 10:46:34,652 [Worker-14: Building] INFO  o.a.m.s.f.DefaultMavenResourcesFiltering - skip non existing resourceDirectory C:\Users\Rishabh patil\Desktop\Microservices\Address\src\test\resources
2026-04-09 10:47:21,111 [Worker-20: Building] INFO  o.a.m.s.f.DefaultMavenResourcesFiltering - Copying 1 resource from src\main\resources to target\classes
2026-04-09 10:47:21,119 [Worker-20: Building] INFO  o.a.m.s.f.DefaultMavenResourcesFiltering - Copying 0 resource from src\main\resources to target\classes
2026-04-09 10:47:21,122 [Worker-20: Building] INFO  o.a.m.s.f.DefaultMavenResourcesFiltering - skip non existing resourceDirectory C:\Users\Rishabh patil\Desktop\Microservices\Address\src\test\resources
2026-04-09 10:48:03,228 [Worker-20: Building] INFO  o.a.m.s.f.DefaultMavenResourcesFiltering - Copying 1 resource from src\main\resources to target\classes
2026-04-09 10:48:03,279 [Worker-20: Building] INFO  o.a.m.s.f.DefaultMavenResourcesFiltering - Copying 0 resource from src\main\resources to target\classes
2026-04-09 10:48:03,283 [Worker-20: Building] INFO  o.a.m.s.f.DefaultMavenResourcesFiltering - skip non existing resourceDirectory C:\Users\Rishabh patil\Desktop\Microservices\Address\src\test\resources
2026-04-09 10:48:17,468 [Worker-18: Building] INFO  o.a.m.s.f.DefaultMavenResourcesFiltering - Copying 1 resource from src\main\resources to target\classes
2026-04-09 10:48:17,478 [Worker-18: Building] INFO  o.a.m.s.f.DefaultMavenResourcesFiltering - Copying 0 resource from src\main\resources to target\classes
2026-04-09 10:48:17,483 [Worker-18: Building] INFO  o.a.m.s.f.DefaultMavenResourcesFiltering - skip non existing resourceDirectory C:\Users\Rishabh patil\Desktop\Microservices\Address\src\test\resources
2026-04-09 10:50:11,618 [Worker-18: Building] INFO  o.a.m.s.f.DefaultMavenResourcesFiltering - Copying 1 resource from src\main\resources to target\classes
2026-04-09 10:50:11,635 [Worker-18: Building] INFO  o.a.m.s.f.DefaultMavenResourcesFiltering - Copying 0 resource from src\main\resources to target\classes
2026-04-09 10:50:11,641 [Worker-18: Building] INFO  o.a.m.s.f.DefaultMavenResourcesFiltering - skip non existing resourceDirectory C:\Users\Rishabh patil\Desktop\Microservices\Address\src\test\resources
2026-04-09 10:50:52,588 [Worker-19: Building] INFO  o.a.m.s.f.DefaultMavenResourcesFiltering - Copying 1 resource from src\main\resources to target\classes
2026-04-09 10:50:52,599 [Worker-19: Building] INFO  o.a.m.s.f.DefaultMavenResourcesFiltering - Copying 0 resource from src\main\resources to target\classes
2026-04-09 10:50:52,602 [Worker-19: Building] INFO  o.a.m.s.f.DefaultMavenResourcesFiltering - skip non existing resourceDirectory C:\Users\Rishabh patil\Desktop\Microservices\Address\src\test\resources
2026-04-09 10:51:11,456 [Worker-14: Building] INFO  o.a.m.s.f.DefaultMavenResourcesFiltering - Copying 1 resource from src\main\resources to target\classes
2026-04-09 10:51:11,500 [Worker-14: Building] INFO  o.a.m.s.f.DefaultMavenResourcesFiltering - Copying 0 resource from src\main\resources to target\classes
2026-04-09 10:51:11,504 [Worker-14: Building] INFO  o.a.m.s.f.DefaultMavenResourcesFiltering - skip non existing resourceDirectory C:\Users\Rishabh patil\Desktop\Microservices\Address\src\test\resources
2026-04-09 10:51:33,013 [Worker-21: Building] INFO  o.a.m.s.f.DefaultMavenResourcesFiltering - Copying 1 resource from src\main\resources to target\classes
2026-04-09 10:51:33,021 [Worker-21: Building] INFO  o.a.m.s.f.DefaultMavenResourcesFiltering - Copying 0 resource from src\main\resources to target\classes
2026-04-09 10:51:33,023 [Worker-21: Building] INFO  o.a.m.s.f.DefaultMavenResourcesFiltering - skip non existing resourceDirectory C:\Users\Rishabh patil\Desktop\Microservices\Address\src\test\resources
2026-04-09 10:51:55,393 [Worker-14: Building] INFO  o.a.m.s.f.DefaultMavenResourcesFiltering - Copying 1 resource from src\main\resources to target\classes
2026-04-09 10:51:55,401 [Worker-14: Building] INFO  o.a.m.s.f.DefaultMavenResourcesFiltering - Copying 0 resource from src\main\resources to target\classes
2026-04-09 10:51:55,404 [Worker-14: Building] INFO  o.a.m.s.f.DefaultMavenResourcesFiltering - skip non existing resourceDirectory C:\Users\Rishabh patil\Desktop\Microservices\Address\src\test\resources
2026-04-09 10:52:21,452 [Worker-19: Building] INFO  o.a.m.s.f.DefaultMavenResourcesFiltering - Copying 1 resource from src\main\resources to target\classes
2026-04-09 10:52:21,466 [Worker-19: Building] INFO  o.a.m.s.f.DefaultMavenResourcesFiltering - Copying 0 resource from src\main\resources to target\classes
2026-04-09 10:52:21,471 [Worker-19: Building] INFO  o.a.m.s.f.DefaultMavenResourcesFiltering - skip non existing resourceDirectory C:\Users\Rishabh patil\Desktop\Microservices\Address\src\test\resources
2026-04-09 10:53:01,862 [Worker-14: Building] INFO  o.a.m.s.f.DefaultMavenResourcesFiltering - Copying 1 resource from src\main\resources to target\classes
2026-04-09 10:53:01,870 [Worker-14: Building] INFO  o.a.m.s.f.DefaultMavenResourcesFiltering - Copying 0 resource from src\main\resources to target\classes
2026-04-09 10:53:01,872 [Worker-14: Building] INFO  o.a.m.s.f.DefaultMavenResourcesFiltering - skip non existing resourceDirectory C:\Users\Rishabh patil\Desktop\Microservices\Address\src\test\resources
2026-04-09 10:53:12,972 [Worker-21: Building] INFO  o.a.m.s.f.DefaultMavenResourcesFiltering - Copying 1 resource from src\main\resources to target\classes
2026-04-09 10:53:12,980 [Worker-21: Building] INFO  o.a.m.s.f.DefaultMavenResourcesFiltering - Copying 0 resource from src\main\resources to target\classes
2026-04-09 10:53:12,983 [Worker-21: Building] INFO  o.a.m.s.f.DefaultMavenResourcesFiltering - skip non existing resourceDirectory C:\Users\Rishabh patil\Desktop\Microservices\Address\src\test\resources
2026-04-09 10:53:59,950 [Worker-19: Building] INFO  o.a.m.s.f.DefaultMavenResourcesFiltering - Copying 1 resource from src\main\resources to target\classes
2026-04-09 10:53:59,960 [Worker-19: Building] INFO  o.a.m.s.f.DefaultMavenResourcesFiltering - Copying 0 resource from src\main\resources to target\classes
2026-04-09 10:53:59,962 [Worker-19: Building] INFO  o.a.m.s.f.DefaultMavenResourcesFiltering - skip non existing resourceDirectory C:\Users\Rishabh patil\Desktop\Microservices\Address\src\test\resources
2026-04-09 11:00:54,694 [Worker-21: Building] INFO  o.a.m.s.f.DefaultMavenResourcesFiltering - Copying 1 resource from src\main\resources to target\classes
2026-04-09 11:00:54,709 [Worker-21: Building] INFO  o.a.m.s.f.DefaultMavenResourcesFiltering - Copying 0 resource from src\main\resources to target\classes
2026-04-09 11:00:54,712 [Worker-21: Building] INFO  o.a.m.s.f.DefaultMavenResourcesFiltering - skip non existing resourceDirectory C:\Users\Rishabh patil\Desktop\Microservices\Address\src\test\resources
2026-04-09 11:01:26,045 [Worker-25: Building] INFO  o.a.m.s.f.DefaultMavenResourcesFiltering - Copying 1 resource from src\main\resources to target\classes
2026-04-09 11:01:26,062 [Worker-25: Building] INFO  o.a.m.s.f.DefaultMavenResourcesFiltering - Copying 0 resource from src\main\resources to target\classes
2026-04-09 11:01:26,064 [Worker-25: Building] INFO  o.a.m.s.f.DefaultMavenResourcesFiltering - skip non existing resourceDirectory C:\Users\Rishabh patil\Desktop\Microservices\Address\src\test\resources
2026-04-09 11:01:54,888 [Worker-25: Building] INFO  o.a.m.s.f.DefaultMavenResourcesFiltering - Copying 1 resource from src\main\resources to target\classes
2026-04-09 11:01:54,897 [Worker-25: Building] INFO  o.a.m.s.f.DefaultMavenResourcesFiltering - Copying 0 resource from src\main\resources to target\classes
2026-04-09 11:01:54,900 [Worker-25: Building] INFO  o.a.m.s.f.DefaultMavenResourcesFiltering - skip non existing resourceDirectory C:\Users\Rishabh patil\Desktop\Microservices\Address\src\test\resources
2026-04-09 11:02:21,020 [Worker-18: Building] INFO  o.a.m.s.f.DefaultMavenResourcesFiltering - Copying 1 resource from src\main\resources to target\classes
2026-04-09 11:02:21,031 [Worker-18: Building] INFO  o.a.m.s.f.DefaultMavenResourcesFiltering - Copying 0 resource from src\main\resources to target\classes
2026-04-09 11:02:21,034 [Worker-18: Building] INFO  o.a.m.s.f.DefaultMavenResourcesFiltering - skip non existing resourceDirectory C:\Users\Rishabh patil\Desktop\Microservices\Address\src\test\resources
2026-04-09 11:02:58,842 [Worker-23: Building] INFO  o.a.m.s.f.DefaultMavenResourcesFiltering - Copying 1 resource from src\main\resources to target\classes
2026-04-09 11:02:58,876 [Worker-23: Building] INFO  o.a.m.s.f.DefaultMavenResourcesFiltering - Copying 0 resource from src\main\resources to target\classes
2026-04-09 11:02:58,888 [Worker-23: Building] INFO  o.a.m.s.f.DefaultMavenResourcesFiltering - skip non existing resourceDirectory C:\Users\Rishabh patil\Desktop\Microservices\Address\src\test\resources
2026-04-09 11:04:20,762 [Worker-25: Building] INFO  o.a.m.s.f.DefaultMavenResourcesFiltering - Copying 1 resource from src\main\resources to target\classes
2026-04-09 11:04:20,769 [Worker-25: Building] INFO  o.a.m.s.f.DefaultMavenResourcesFiltering - Copying 0 resource from src\main\resources to target\classes
2026-04-09 11:04:20,771 [Worker-25: Building] INFO  o.a.m.s.f.DefaultMavenResourcesFiltering - skip non existing resourceDirectory C:\Users\Rishabh patil\Desktop\Microservices\Address\src\test\resources
2026-04-09 11:05:27,852 [Worker-26: Building] INFO  o.a.m.s.f.DefaultMavenResourcesFiltering - Copying 1 resource from src\main\resources to target\classes
2026-04-09 11:05:27,885 [Worker-26: Building] INFO  o.a.m.s.f.DefaultMavenResourcesFiltering - Copying 0 resource from src\main\resources to target\classes
2026-04-09 11:05:27,897 [Worker-26: Building] INFO  o.a.m.s.f.DefaultMavenResourcesFiltering - skip non existing resourceDirectory C:\Users\Rishabh patil\Desktop\Microservices\Address\src\test\resources
2026-04-09 11:06:46,857 [Worker-24: Building] INFO  o.a.m.s.f.DefaultMavenResourcesFiltering - Copying 1 resource from src\main\resources to target\classes
2026-04-09 11:06:46,872 [Worker-24: Building] INFO  o.a.m.s.f.DefaultMavenResourcesFiltering - Copying 0 resource from src\main\resources to target\classes
2026-04-09 11:06:46,876 [Worker-24: Building] INFO  o.a.m.s.f.DefaultMavenResourcesFiltering - skip non existing resourceDirectory C:\Users\Rishabh patil\Desktop\Microservices\Address\src\test\resources
2026-04-09 11:08:49,333 [Worker-18: Building] INFO  o.a.m.s.f.DefaultMavenResourcesFiltering - Copying 1 resource from src\main\resources to target\classes
2026-04-09 11:08:49,343 [Worker-18: Building] INFO  o.a.m.s.f.DefaultMavenResourcesFiltering - Copying 0 resource from src\main\resources to target\classes
2026-04-09 11:08:49,345 [Worker-18: Building] INFO  o.a.m.s.f.DefaultMavenResourcesFiltering - skip non existing resourceDirectory C:\Users\Rishabh patil\Desktop\Microservices\Address\src\test\resources
2026-04-09 11:10:03,434 [Worker-25: Building] INFO  o.a.m.s.f.DefaultMavenResourcesFiltering - Copying 1 resource from src\main\resources to target\classes
2026-04-09 11:10:03,442 [Worker-25: Building] INFO  o.a.m.s.f.DefaultMavenResourcesFiltering - Copying 0 resource from src\main\resources to target\classes
2026-04-09 11:10:03,444 [Worker-25: Building] INFO  o.a.m.s.f.DefaultMavenResourcesFiltering - skip non existing resourceDirectory C:\Users\Rishabh patil\Desktop\Microservices\Address\src\test\resources
2026-04-09 11:12:39,868 [Worker-30: Building] INFO  o.a.m.s.f.DefaultMavenResourcesFiltering - Copying 1 resource from src\main\resources to target\classes
2026-04-09 11:12:39,877 [Worker-30: Building] INFO  o.a.m.s.f.DefaultMavenResourcesFiltering - Copying 0 resource from src\main\resources to target\classes
2026-04-09 11:12:39,880 [Worker-30: Building] INFO  o.a.m.s.f.DefaultMavenResourcesFiltering - skip non existing resourceDirectory C:\Users\Rishabh patil\Desktop\Microservices\Address\src\test\resources
2026-04-09 11:14:47,908 [Worker-25: Building] INFO  o.a.m.s.f.DefaultMavenResourcesFiltering - Copying 1 resource from src\main\resources to target\classes
2026-04-09 11:14:47,917 [Worker-25: Building] INFO  o.a.m.s.f.DefaultMavenResourcesFiltering - Copying 0 resource from src\main\resources to target\classes
2026-04-09 11:14:47,919 [Worker-25: Building] INFO  o.a.m.s.f.DefaultMavenResourcesFiltering - skip non existing resourceDirectory C:\Users\Rishabh patil\Desktop\Microservices\Address\src\test\resources
2026-04-09 11:15:06,133 [Worker-30: Building] INFO  o.a.m.s.f.DefaultMavenResourcesFiltering - Copying 1 resource from src\main\resources to target\classes
2026-04-09 11:15:06,143 [Worker-30: Building] INFO  o.a.m.s.f.DefaultMavenResourcesFiltering - Copying 0 resource from src\main\resources to target\classes
2026-04-09 11:15:06,146 [Worker-30: Building] INFO  o.a.m.s.f.DefaultMavenResourcesFiltering - skip non existing resourceDirectory C:\Users\Rishabh patil\Desktop\Microservices\Address\src\test\resources
2026-04-09 11:16:40,726 [Worker-31: Building] INFO  o.a.m.s.f.DefaultMavenResourcesFiltering - Copying 1 resource from src\main\resources to target\classes
2026-04-09 11:16:40,735 [Worker-31: Building] INFO  o.a.m.s.f.DefaultMavenResourcesFiltering - Copying 0 resource from src\main\resources to target\classes
2026-04-09 11:16:40,737 [Worker-31: Building] INFO  o.a.m.s.f.DefaultMavenResourcesFiltering - skip non existing resourceDirectory C:\Users\Rishabh patil\Desktop\Microservices\Address\src\test\resources
2026-04-09 11:42:05,714 [Worker-1: Loading available Gradle versions] INFO  o.e.b.c.i.u.g.PublishedGradleVersions - Gradle version information cache is up-to-date. Trying to read.
2026-04-09 11:42:17,608 [Worker-5: Building] INFO  o.a.m.s.f.DefaultMavenResourcesFiltering - Copying 1 resource from src\main\resources to target\classes
2026-04-09 11:42:17,637 [Worker-5: Building] INFO  o.a.m.s.f.DefaultMavenResourcesFiltering - Copying 0 resource from src\main\resources to target\classes
2026-04-09 11:42:17,643 [Worker-5: Building] INFO  o.a.m.s.f.DefaultMavenResourcesFiltering - skip non existing resourceDirectory C:\Users\Rishabh patil\Desktop\Microservices\Address\src\test\resources
2026-04-09 14:01:24,010 [Worker-10: Building] INFO  o.a.m.s.f.DefaultMavenResourcesFiltering - Copying 1 resource from src\main\resources to target\classes
2026-04-09 14:01:24,137 [Worker-10: Building] INFO  o.a.m.s.f.DefaultMavenResourcesFiltering - Copying 0 resource from src\main\resources to target\classes
2026-04-09 14:01:24,142 [Worker-10: Building] INFO  o.a.m.s.f.DefaultMavenResourcesFiltering - skip non existing resourceDirectory C:\Users\Rishabh patil\Desktop\Microservices\Address\src\test\resources
2026-04-09 14:01:37,416 [Worker-7: Building] INFO  o.a.m.s.f.DefaultMavenResourcesFiltering - Copying 1 resource from src\main\resources to target\classes
2026-04-09 14:01:37,539 [Worker-7: Building] INFO  o.a.m.s.f.DefaultMavenResourcesFiltering - Copying 0 resource from src\main\resources to target\classes
2026-04-09 14:01:37,541 [Worker-7: Building] INFO  o.a.m.s.f.DefaultMavenResourcesFiltering - skip non existing resourceDirectory C:\Users\Rishabh patil\Desktop\Microservices\Address\src\test\resources
2026-04-09 14:01:51,294 [Worker-12: Building] INFO  o.a.m.s.f.DefaultMavenResourcesFiltering - Copying 1 resource from src\main\resources to target\classes
2026-04-09 14:01:51,308 [Worker-12: Building] INFO  o.a.m.s.f.DefaultMavenResourcesFiltering - Copying 0 resource from src\main\resources to target\classes
2026-04-09 14:01:51,311 [Worker-12: Building] INFO  o.a.m.s.f.DefaultMavenResourcesFiltering - skip non existing resourceDirectory C:\Users\Rishabh patil\Desktop\Microservices\Address\src\test\resources
2026-04-09 14:01:58,295 [Worker-10: Building] INFO  o.a.m.s.f.DefaultMavenResourcesFiltering - Copying 1 resource from src\main\resources to target\classes
2026-04-09 14:01:58,377 [Worker-10: Building] INFO  o.a.m.s.f.DefaultMavenResourcesFiltering - Copying 0 resource from src\main\resources to target\classes
2026-04-09 14:01:58,380 [Worker-10: Building] INFO  o.a.m.s.f.DefaultMavenResourcesFiltering - skip non existing resourceDirectory C:\Users\Rishabh patil\Desktop\Microservices\Address\src\test\resources
2026-04-09 14:02:17,722 [Worker-7: Building] INFO  o.a.m.s.f.DefaultMavenResourcesFiltering - Copying 1 resource from src\main\resources to target\classes
2026-04-09 14:02:17,732 [Worker-7: Building] INFO  o.a.m.s.f.DefaultMavenResourcesFiltering - Copying 0 resource from src\main\resources to target\classes
2026-04-09 14:02:17,735 [Worker-7: Building] INFO  o.a.m.s.f.DefaultMavenResourcesFiltering - skip non existing resourceDirectory C:\Users\Rishabh patil\Desktop\Microservices\Address\src\test\resources
2026-04-09 14:02:44,512 [Worker-12: Building] INFO  o.a.m.s.f.DefaultMavenResourcesFiltering - Copying 1 resource from src\main\resources to target\classes
2026-04-09 14:02:44,523 [Worker-12: Building] INFO  o.a.m.s.f.DefaultMavenResourcesFiltering - Copying 0 resource from src\main\resources to target\classes
2026-04-09 14:02:44,526 [Worker-12: Building] INFO  o.a.m.s.f.DefaultMavenResourcesFiltering - skip non existing resourceDirectory C:\Users\Rishabh patil\Desktop\Microservices\Address\src\test\resources
2026-04-09 14:03:18,280 [Worker-10: Building] INFO  o.a.m.s.f.DefaultMavenResourcesFiltering - Copying 1 resource from src\main\resources to target\classes
2026-04-09 14:03:18,305 [Worker-10: Building] INFO  o.a.m.s.f.DefaultMavenResourcesFiltering - Copying 0 resource from src\main\resources to target\classes
2026-04-09 14:03:18,310 [Worker-10: Building] INFO  o.a.m.s.f.DefaultMavenResourcesFiltering - skip non existing resourceDirectory C:\Users\Rishabh patil\Desktop\Microservices\Address\src\test\resources
2026-04-09 14:03:45,797 [Worker-12: Building] INFO  o.a.m.s.f.DefaultMavenResourcesFiltering - Copying 1 resource from src\main\resources to target\classes
2026-04-09 14:03:45,817 [Worker-12: Building] INFO  o.a.m.s.f.DefaultMavenResourcesFiltering - Copying 0 resource from src\main\resources to target\classes
2026-04-09 14:03:45,820 [Worker-12: Building] INFO  o.a.m.s.f.DefaultMavenResourcesFiltering - skip non existing resourceDirectory C:\Users\Rishabh patil\Desktop\Microservices\Address\src\test\resources
2026-04-09 14:04:08,628 [Worker-14: Building] INFO  o.a.m.s.f.DefaultMavenResourcesFiltering - Copying 1 resource from src\main\resources to target\classes
2026-04-09 14:04:08,642 [Worker-14: Building] INFO  o.a.m.s.f.DefaultMavenResourcesFiltering - Copying 0 resource from src\main\resources to target\classes
2026-04-09 14:04:08,646 [Worker-14: Building] INFO  o.a.m.s.f.DefaultMavenResourcesFiltering - skip non existing resourceDirectory C:\Users\Rishabh patil\Desktop\Microservices\Address\src\test\resources
2026-04-09 14:04:24,216 [Worker-7: Building] INFO  o.a.m.s.f.DefaultMavenResourcesFiltering - Copying 1 resource from src\main\resources to target\classes
2026-04-09 14:04:24,244 [Worker-7: Building] INFO  o.a.m.s.f.DefaultMavenResourcesFiltering - Copying 0 resource from src\main\resources to target\classes
2026-04-09 14:04:24,250 [Worker-7: Building] INFO  o.a.m.s.f.DefaultMavenResourcesFiltering - skip non existing resourceDirectory C:\Users\Rishabh patil\Desktop\Microservices\Address\src\test\resources
2026-04-09 14:07:26,374 [Worker-10: Building] INFO  o.a.m.s.f.DefaultMavenResourcesFiltering - Copying 1 resource from src\main\resources to target\classes
2026-04-09 14:07:26,384 [Worker-10: Building] INFO  o.a.m.s.f.DefaultMavenResourcesFiltering - Copying 0 resource from src\main\resources to target\classes
2026-04-09 14:07:26,386 [Worker-10: Building] INFO  o.a.m.s.f.DefaultMavenResourcesFiltering - skip non existing resourceDirectory C:\Users\Rishabh patil\Desktop\Microservices\Address\src\test\resources
2026-04-09 14:08:05,713 [Worker-13: Building] INFO  o.a.m.s.f.DefaultMavenResourcesFiltering - Copying 1 resource from src\main\resources to target\classes
2026-04-09 14:08:05,722 [Worker-13: Building] INFO  o.a.m.s.f.DefaultMavenResourcesFiltering - Copying 0 resource from src\main\resources to target\classes
2026-04-09 14:08:05,724 [Worker-13: Building] INFO  o.a.m.s.f.DefaultMavenResourcesFiltering - skip non existing resourceDirectory C:\Users\Rishabh patil\Desktop\Microservices\Address\src\test\resources
2026-04-09 14:14:43,063 [Worker-10: Building] INFO  o.a.m.s.f.DefaultMavenResourcesFiltering - Copying 1 resource from src\main\resources to target\classes
2026-04-09 14:14:43,079 [Worker-10: Building] INFO  o.a.m.s.f.DefaultMavenResourcesFiltering - Copying 0 resource from src\main\resources to target\classes
2026-04-09 14:14:43,082 [Worker-10: Building] INFO  o.a.m.s.f.DefaultMavenResourcesFiltering - skip non existing resourceDirectory C:\Users\Rishabh patil\Desktop\Microservices\Address\src\test\resources
2026-04-09 14:15:10,781 [Worker-12: Building] INFO  o.a.m.s.f.DefaultMavenResourcesFiltering - Copying 1 resource from src\main\resources to target\classes
2026-04-09 14:15:10,790 [Worker-12: Building] INFO  o.a.m.s.f.DefaultMavenResourcesFiltering - Copying 0 resource from src\main\resources to target\classes
2026-04-09 14:15:10,796 [Worker-12: Building] INFO  o.a.m.s.f.DefaultMavenResourcesFiltering - skip non existing resourceDirectory C:\Users\Rishabh patil\Desktop\Microservices\Address\src\test\resources
2026-04-09 14:16:05,236 [Worker-12: Building] INFO  o.a.m.s.f.DefaultMavenResourcesFiltering - Copying 1 resource from src\main\resources to target\classes
2026-04-09 14:16:05,249 [Worker-12: Building] INFO  o.a.m.s.f.DefaultMavenResourcesFiltering - Copying 0 resource from src\main\resources to target\classes
2026-04-09 14:16:05,254 [Worker-12: Building] INFO  o.a.m.s.f.DefaultMavenResourcesFiltering - skip non existing resourceDirectory C:\Users\Rishabh patil\Desktop\Microservices\Address\src\test\resources
2026-04-09 14:17:11,842 [Worker-12: Building] INFO  o.a.m.s.f.DefaultMavenResourcesFiltering - Copying 1 resource from src\main\resources to target\classes
2026-04-09 14:17:11,853 [Worker-12: Building] INFO  o.a.m.s.f.DefaultMavenResourcesFiltering - Copying 0 resource from src\main\resources to target\classes
2026-04-09 14:17:11,856 [Worker-12: Building] INFO  o.a.m.s.f.DefaultMavenResourcesFiltering - skip non existing resourceDirectory C:\Users\Rishabh patil\Desktop\Microservices\Address\src\test\resources
2026-04-09 14:18:04,411 [Worker-18: Building] INFO  o.a.m.s.f.DefaultMavenResourcesFiltering - Copying 1 resource from src\main\resources to target\classes
2026-04-09 14:18:04,427 [Worker-18: Building] INFO  o.a.m.s.f.DefaultMavenResourcesFiltering - Copying 0 resource from src\main\resources to target\classes
2026-04-09 14:18:04,433 [Worker-18: Building] INFO  o.a.m.s.f.DefaultMavenResourcesFiltering - skip non existing resourceDirectory C:\Users\Rishabh patil\Desktop\Microservices\Address\src\test\resources
2026-04-09 14:20:09,231 [Worker-21: Building] INFO  o.a.m.s.f.DefaultMavenResourcesFiltering - Copying 1 resource from src\main\resources to target\classes
2026-04-09 14:20:09,240 [Worker-21: Building] INFO  o.a.m.s.f.DefaultMavenResourcesFiltering - Copying 0 resource from src\main\resources to target\classes
2026-04-09 14:20:09,244 [Worker-21: Building] INFO  o.a.m.s.f.DefaultMavenResourcesFiltering - skip non existing resourceDirectory C:\Users\Rishabh patil\Desktop\Microservices\Address\src\test\resources
2026-04-09 15:33:12,652 [Worker-1: Loading available Gradle versions] INFO  o.e.b.c.i.u.g.PublishedGradleVersions - Gradle version information cache is up-to-date. Trying to read.
2026-04-09 15:35:07,814 [Worker-0: Building] INFO  o.a.m.s.f.DefaultMavenResourcesFiltering - Copying 1 resource from src\main\resources to target\classes
2026-04-09 15:35:07,855 [Worker-0: Building] INFO  o.a.m.s.f.DefaultMavenResourcesFiltering - Copying 0 resource from src\main\resources to target\classes
2026-04-09 15:35:07,866 [Worker-0: Building] INFO  o.a.m.s.f.DefaultMavenResourcesFiltering - skip non existing resourceDirectory C:\Users\Rishabh patil\Desktop\Microservices\Address\src\test\resources
2026-04-09 15:44:29,178 [Worker-4: Building] INFO  o.a.m.s.f.DefaultMavenResourcesFiltering - Copying 1 resource from src\main\resources to target\classes
2026-04-09 15:44:29,189 [Worker-4: Building] INFO  o.a.m.s.f.DefaultMavenResourcesFiltering - Copying 0 resource from src\main\resources to target\classes
2026-04-09 15:44:29,192 [Worker-4: Building] INFO  o.a.m.s.f.DefaultMavenResourcesFiltering - skip non existing resourceDirectory C:\Users\Rishabh patil\Desktop\Microservices\Address\src\test\resources
2026-04-09 15:44:46,041 [Worker-10: Building] INFO  o.a.m.s.f.DefaultMavenResourcesFiltering - Copying 1 resource from src\main\resources to target\classes
2026-04-09 15:44:46,059 [Worker-10: Building] INFO  o.a.m.s.f.DefaultMavenResourcesFiltering - Copying 0 resource from src\main\resources to target\classes
2026-04-09 15:44:46,063 [Worker-10: Building] INFO  o.a.m.s.f.DefaultMavenResourcesFiltering - skip non existing resourceDirectory C:\Users\Rishabh patil\Desktop\Microservices\Address\src\test\resources
2026-04-09 15:46:46,643 [Worker-9: Building] INFO  o.a.m.s.f.DefaultMavenResourcesFiltering - Copying 1 resource from src\main\resources to target\classes
2026-04-09 15:46:46,653 [Worker-9: Building] INFO  o.a.m.s.f.DefaultMavenResourcesFiltering - Copying 0 resource from src\main\resources to target\classes
2026-04-09 15:46:46,656 [Worker-9: Building] INFO  o.a.m.s.f.DefaultMavenResourcesFiltering - skip non existing resourceDirectory C:\Users\Rishabh patil\Desktop\Microservices\Address\src\test\resources
2026-04-09 15:47:21,726 [Worker-9: Building] INFO  o.a.m.s.f.DefaultMavenResourcesFiltering - Copying 1 resource from src\main\resources to target\classes
2026-04-09 15:47:21,735 [Worker-9: Building] INFO  o.a.m.s.f.DefaultMavenResourcesFiltering - Copying 0 resource from src\main\resources to target\classes
2026-04-09 15:47:21,738 [Worker-9: Building] INFO  o.a.m.s.f.DefaultMavenResourcesFiltering - skip non existing resourceDirectory C:\Users\Rishabh patil\Desktop\Microservices\Address\src\test\resources
2026-04-09 15:52:28,644 [Worker-12: Building] INFO  o.a.m.s.f.DefaultMavenResourcesFiltering - Copying 1 resource from src\main\resources to target\classes
2026-04-09 15:52:28,653 [Worker-12: Building] INFO  o.a.m.s.f.DefaultMavenResourcesFiltering - Copying 0 resource from src\main\resources to target\classes
2026-04-09 15:52:28,657 [Worker-12: Building] INFO  o.a.m.s.f.DefaultMavenResourcesFiltering - skip non existing resourceDirectory C:\Users\Rishabh patil\Desktop\Microservices\Address\src\test\resources
2026-04-09 15:59:07,720 [Worker-13: Building] INFO  o.a.m.s.f.DefaultMavenResourcesFiltering - Copying 1 resource from src\main\resources to target\classes
2026-04-09 15:59:07,733 [Worker-13: Building] INFO  o.a.m.s.f.DefaultMavenResourcesFiltering - Copying 0 resource from src\main\resources to target\classes
2026-04-09 15:59:07,736 [Worker-13: Building] INFO  o.a.m.s.f.DefaultMavenResourcesFiltering - skip non existing resourceDirectory C:\Users\Rishabh patil\Desktop\Microservices\Address\src\test\resources
2026-04-09 15:59:31,497 [Worker-9: Building] INFO  o.a.m.s.f.DefaultMavenResourcesFiltering - Copying 1 resource from src\main\resources to target\classes
2026-04-09 15:59:31,581 [Worker-9: Building] INFO  o.a.m.s.f.DefaultMavenResourcesFiltering - Copying 0 resource from src\main\resources to target\classes
2026-04-09 15:59:31,619 [Worker-9: Building] INFO  o.a.m.s.f.DefaultMavenResourcesFiltering - skip non existing resourceDirectory C:\Users\Rishabh patil\Desktop\Microservices\Address\src\test\resources
2026-04-09 15:59:39,478 [Worker-9: Building] INFO  o.a.m.s.f.DefaultMavenResourcesFiltering - Copying 1 resource from src\main\resources to target\classes
2026-04-09 15:59:39,490 [Worker-9: Building] INFO  o.a.m.s.f.DefaultMavenResourcesFiltering - Copying 0 resource from src\main\resources to target\classes
2026-04-09 15:59:39,494 [Worker-9: Building] INFO  o.a.m.s.f.DefaultMavenResourcesFiltering - skip non existing resourceDirectory C:\Users\Rishabh patil\Desktop\Microservices\Address\src\test\resources
2026-04-09 16:00:20,936 [Worker-11: Building] INFO  o.a.m.s.f.DefaultMavenResourcesFiltering - Copying 1 resource from src\main\resources to target\classes
2026-04-09 16:00:20,949 [Worker-11: Building] INFO  o.a.m.s.f.DefaultMavenResourcesFiltering - Copying 0 resource from src\main\resources to target\classes
2026-04-09 16:00:20,953 [Worker-11: Building] INFO  o.a.m.s.f.DefaultMavenResourcesFiltering - skip non existing resourceDirectory C:\Users\Rishabh patil\Desktop\Microservices\Address\src\test\resources
2026-04-09 16:00:53,744 [Worker-14: Building] INFO  o.a.m.s.f.DefaultMavenResourcesFiltering - Copying 1 resource from src\main\resources to target\classes
2026-04-09 16:00:53,753 [Worker-14: Building] INFO  o.a.m.s.f.DefaultMavenResourcesFiltering - Copying 0 resource from src\main\resources to target\classes
2026-04-09 16:00:53,756 [Worker-14: Building] INFO  o.a.m.s.f.DefaultMavenResourcesFiltering - skip non existing resourceDirectory C:\Users\Rishabh patil\Desktop\Microservices\Address\src\test\resources
2026-04-09 16:09:10,863 [Worker-11: Building] INFO  o.a.m.s.f.DefaultMavenResourcesFiltering - Copying 1 resource from src\main\resources to target\classes
2026-04-09 16:09:10,873 [Worker-11: Building] INFO  o.a.m.s.f.DefaultMavenResourcesFiltering - Copying 0 resource from src\main\resources to target\classes
2026-04-09 16:09:10,876 [Worker-11: Building] INFO  o.a.m.s.f.DefaultMavenResourcesFiltering - skip non existing resourceDirectory C:\Users\Rishabh patil\Desktop\Microservices\Address\src\test\resources
2026-04-09 16:09:16,694 [Worker-9: Building] INFO  o.a.m.s.f.DefaultMavenResourcesFiltering - Copying 1 resource from src\main\resources to target\classes
2026-04-09 16:09:16,703 [Worker-9: Building] INFO  o.a.m.s.f.DefaultMavenResourcesFiltering - Copying 0 resource from src\main\resources to target\classes
2026-04-09 16:09:16,706 [Worker-9: Building] INFO  o.a.m.s.f.DefaultMavenResourcesFiltering - skip non existing resourceDirectory C:\Users\Rishabh patil\Desktop\Microservices\Address\src\test\resources
2026-04-09 16:10:38,535 [Worker-14: Building] INFO  o.a.m.s.f.DefaultMavenResourcesFiltering - Copying 1 resource from src\main\resources to target\classes
2026-04-09 16:10:38,563 [Worker-14: Building] INFO  o.a.m.s.f.DefaultMavenResourcesFiltering - Copying 0 resource from src\main\resources to target\classes
2026-04-09 16:10:38,567 [Worker-14: Building] INFO  o.a.m.s.f.DefaultMavenResourcesFiltering - skip non existing resourceDirectory C:\Users\Rishabh patil\Desktop\Microservices\Address\src\test\resources
2026-04-09 16:10:42,914 [Worker-11: Building] INFO  o.a.m.s.f.DefaultMavenResourcesFiltering - Copying 1 resource from src\main\resources to target\classes
2026-04-09 16:10:42,935 [Worker-11: Building] INFO  o.a.m.s.f.DefaultMavenResourcesFiltering - Copying 0 resource from src\main\resources to target\classes
2026-04-09 16:10:42,944 [Worker-11: Building] INFO  o.a.m.s.f.DefaultMavenResourcesFiltering - skip non existing resourceDirectory C:\Users\Rishabh patil\Desktop\Microservices\Address\src\test\resources
2026-04-09 16:13:02,871 [Worker-12: Building] INFO  o.a.m.s.f.DefaultMavenResourcesFiltering - Copying 1 resource from src\main\resources to target\classes
2026-04-09 16:13:02,880 [Worker-12: Building] INFO  o.a.m.s.f.DefaultMavenResourcesFiltering - Copying 0 resource from src\main\resources to target\classes
2026-04-09 16:13:02,889 [Worker-12: Building] INFO  o.a.m.s.f.DefaultMavenResourcesFiltering - skip non existing resourceDirectory C:\Users\Rishabh patil\Desktop\Microservices\Address\src\test\resources
2026-04-09 16:13:11,682 [Worker-13: Building] INFO  o.a.m.s.f.DefaultMavenResourcesFiltering - Copying 1 resource from src\main\resources to target\classes
2026-04-09 16:13:11,691 [Worker-13: Building] INFO  o.a.m.s.f.DefaultMavenResourcesFiltering - Copying 0 resource from src\main\resources to target\classes
2026-04-09 16:13:11,693 [Worker-13: Building] INFO  o.a.m.s.f.DefaultMavenResourcesFiltering - skip non existing resourceDirectory C:\Users\Rishabh patil\Desktop\Microservices\Address\src\test\resources
2026-04-09 16:16:08,912 [Worker-17: Building] INFO  o.a.m.s.f.DefaultMavenResourcesFiltering - Copying 1 resource from src\main\resources to target\classes
2026-04-09 16:16:08,944 [Worker-17: Building] INFO  o.a.m.s.f.DefaultMavenResourcesFiltering - Copying 0 resource from src\main\resources to target\classes
2026-04-09 16:16:08,948 [Worker-17: Building] INFO  o.a.m.s.f.DefaultMavenResourcesFiltering - skip non existing resourceDirectory C:\Users\Rishabh patil\Desktop\Microservices\Address\src\test\resources
2026-04-09 16:16:19,385 [Worker-18: Building] INFO  o.a.m.s.f.DefaultMavenResourcesFiltering - Copying 1 resource from src\main\resources to target\classes
2026-04-09 16:16:19,421 [Worker-18: Building] INFO  o.a.m.s.f.DefaultMavenResourcesFiltering - Copying 0 resource from src\main\resources to target\classes
2026-04-09 16:16:19,426 [Worker-18: Building] INFO  o.a.m.s.f.DefaultMavenResourcesFiltering - skip non existing resourceDirectory C:\Users\Rishabh patil\Desktop\Microservices\Address\src\test\resources
2026-04-09 16:16:58,704 [Worker-19: Building] INFO  o.a.m.s.f.DefaultMavenResourcesFiltering - Copying 1 resource from src\main\resources to target\classes
2026-04-09 16:16:58,750 [Worker-19: Building] INFO  o.a.m.s.f.DefaultMavenResourcesFiltering - Copying 0 resource from src\main\resources to target\classes
2026-04-09 16:16:58,765 [Worker-19: Building] INFO  o.a.m.s.f.DefaultMavenResourcesFiltering - skip non existing resourceDirectory C:\Users\Rishabh patil\Desktop\Microservices\Address\src\test\resources
2026-04-09 16:17:03,259 [Worker-17: Building] INFO  o.a.m.s.f.DefaultMavenResourcesFiltering - Copying 1 resource from src\main\resources to target\classes
2026-04-09 16:17:03,275 [Worker-17: Building] INFO  o.a.m.s.f.DefaultMavenResourcesFiltering - Copying 0 resource from src\main\resources to target\classes
2026-04-09 16:17:03,305 [Worker-17: Building] INFO  o.a.m.s.f.DefaultMavenResourcesFiltering - skip non existing resourceDirectory C:\Users\Rishabh patil\Desktop\Microservices\Address\src\test\resources
2026-04-09 17:40:47,179 [Worker-0: Loading available Gradle versions] INFO  o.e.b.c.i.u.g.PublishedGradleVersions - Gradle version information cache is up-to-date. Trying to read.
2026-04-09 17:43:07,813 [Worker-6: Building] INFO  o.a.m.s.f.DefaultMavenResourcesFiltering - Copying 1 resource from src\main\resources to target\classes
2026-04-09 17:43:07,876 [Worker-6: Building] INFO  o.a.m.s.f.DefaultMavenResourcesFiltering - Copying 0 resource from src\main\resources to target\classes
2026-04-09 17:43:07,882 [Worker-6: Building] INFO  o.a.m.s.f.DefaultMavenResourcesFiltering - skip non existing resourceDirectory C:\Users\Rishabh patil\Desktop\Microservices\Address\src\test\resources
2026-04-09 17:44:11,343 [Worker-1: Building] INFO  o.a.m.s.f.DefaultMavenResourcesFiltering - Copying 1 resource from src\main\resources to target\classes
2026-04-09 17:44:11,353 [Worker-1: Building] INFO  o.a.m.s.f.DefaultMavenResourcesFiltering - Copying 0 resource from src\main\resources to target\classes
2026-04-09 17:44:11,361 [Worker-1: Building] INFO  o.a.m.s.f.DefaultMavenResourcesFiltering - skip non existing resourceDirectory C:\Users\Rishabh patil\Desktop\Microservices\Address\src\test\resources
2026-04-09 17:46:13,353 [Worker-3: Building] INFO  o.a.m.s.f.DefaultMavenResourcesFiltering - Copying 1 resource from src\main\resources to target\classes
2026-04-09 17:46:13,363 [Worker-3: Building] INFO  o.a.m.s.f.DefaultMavenResourcesFiltering - Copying 0 resource from src\main\resources to target\classes
2026-04-09 17:46:13,366 [Worker-3: Building] INFO  o.a.m.s.f.DefaultMavenResourcesFiltering - skip non existing resourceDirectory C:\Users\Rishabh patil\Desktop\Microservices\Address\src\test\resources
2026-04-09 17:49:12,598 [Worker-1: Building] INFO  o.a.m.s.f.DefaultMavenResourcesFiltering - Copying 1 resource from src\main\resources to target\classes
2026-04-09 17:49:12,632 [Worker-1: Building] INFO  o.a.m.s.f.DefaultMavenResourcesFiltering - Copying 0 resource from src\main\resources to target\classes
2026-04-09 17:49:12,636 [Worker-1: Building] INFO  o.a.m.s.f.DefaultMavenResourcesFiltering - skip non existing resourceDirectory C:\Users\Rishabh patil\Desktop\Microservices\Address\src\test\resources
2026-04-09 17:49:32,448 [Worker-1: Building] INFO  o.a.m.s.f.DefaultMavenResourcesFiltering - Copying 1 resource from src\main\resources to target\classes
2026-04-09 17:49:32,477 [Worker-1: Building] INFO  o.a.m.s.f.DefaultMavenResourcesFiltering - Copying 0 resource from src\main\resources to target\classes
2026-04-09 17:49:32,481 [Worker-1: Building] INFO  o.a.m.s.f.DefaultMavenResourcesFiltering - skip non existing resourceDirectory C:\Users\Rishabh patil\Desktop\Microservices\Address\src\test\resources
2026-04-09 17:52:02,879 [Worker-7: Building] INFO  o.a.m.s.f.DefaultMavenResourcesFiltering - Copying 1 resource from src\main\resources to target\classes
2026-04-09 17:52:02,890 [Worker-7: Building] INFO  o.a.m.s.f.DefaultMavenResourcesFiltering - Copying 0 resource from src\main\resources to target\classes
2026-04-09 17:52:02,893 [Worker-7: Building] INFO  o.a.m.s.f.DefaultMavenResourcesFiltering - skip non existing resourceDirectory C:\Users\Rishabh patil\Desktop\Microservices\Address\src\test\resources
2026-04-09 18:00:34,898 [Worker-16: Building] INFO  o.a.m.s.f.DefaultMavenResourcesFiltering - Copying 1 resource from src\main\resources to target\classes
2026-04-09 18:00:34,911 [Worker-16: Building] INFO  o.a.m.s.f.DefaultMavenResourcesFiltering - Copying 0 resource from src\main\resources to target\classes
2026-04-09 18:00:34,914 [Worker-16: Building] INFO  o.a.m.s.f.DefaultMavenResourcesFiltering - skip non existing resourceDirectory C:\Users\Rishabh patil\Desktop\Microservices\Address\src\test\resources
2026-04-09 18:02:22,893 [Worker-13: Building] INFO  o.a.m.s.f.DefaultMavenResourcesFiltering - Copying 1 resource from src\main\resources to target\classes
2026-04-09 18:02:22,904 [Worker-13: Building] INFO  o.a.m.s.f.DefaultMavenResourcesFiltering - Copying 0 resource from src\main\resources to target\classes
2026-04-09 18:02:22,909 [Worker-13: Building] INFO  o.a.m.s.f.DefaultMavenResourcesFiltering - skip non existing resourceDirectory C:\Users\Rishabh patil\Desktop\Microservices\Address\src\test\resources
2026-04-09 18:03:18,470 [Worker-13: Building] INFO  o.a.m.s.f.DefaultMavenResourcesFiltering - Copying 1 resource from src\main\resources to target\classes
2026-04-09 18:03:18,479 [Worker-13: Building] INFO  o.a.m.s.f.DefaultMavenResourcesFiltering - Copying 0 resource from src\main\resources to target\classes
2026-04-09 18:03:18,483 [Worker-13: Building] INFO  o.a.m.s.f.DefaultMavenResourcesFiltering - skip non existing resourceDirectory C:\Users\Rishabh patil\Desktop\Microservices\Address\src\test\resources
2026-04-09 18:08:23,575 [Worker-14: Building] INFO  o.a.m.s.f.DefaultMavenResourcesFiltering - Copying 1 resource from src\main\resources to target\classes
2026-04-09 18:08:23,589 [Worker-14: Building] INFO  o.a.m.s.f.DefaultMavenResourcesFiltering - Copying 0 resource from src\main\resources to target\classes
2026-04-09 18:08:23,594 [Worker-14: Building] INFO  o.a.m.s.f.DefaultMavenResourcesFiltering - skip non existing resourceDirectory C:\Users\Rishabh patil\Desktop\Microservices\Address\src\test\resources
2026-04-09 18:16:11,662 [Worker-19: Building] INFO  o.a.m.s.f.DefaultMavenResourcesFiltering - Copying 1 resource from src\main\resources to target\classes
2026-04-09 18:16:11,678 [Worker-19: Building] INFO  o.a.m.s.f.DefaultMavenResourcesFiltering - Copying 0 resource from src\main\resources to target\classes
2026-04-09 18:16:11,682 [Worker-19: Building] INFO  o.a.m.s.f.DefaultMavenResourcesFiltering - skip non existing resourceDirectory C:\Users\Rishabh patil\Desktop\Microservices\Address\src\test\resources
2026-04-09 18:16:22,905 [Worker-20: Building] INFO  o.a.m.s.f.DefaultMavenResourcesFiltering - Copying 1 resource from src\main\resources to target\classes
2026-04-09 18:16:22,914 [Worker-20: Building] INFO  o.a.m.s.f.DefaultMavenResourcesFiltering - Copying 0 resource from src\main\resources to target\classes
2026-04-09 18:16:22,916 [Worker-20: Building] INFO  o.a.m.s.f.DefaultMavenResourcesFiltering - skip non existing resourceDirectory C:\Users\Rishabh patil\Desktop\Microservices\Address\src\test\resources
2026-04-09 18:33:30,164 [Worker-23: Building] INFO  o.a.m.s.f.DefaultMavenResourcesFiltering - Copying 1 resource from src\main\resources to target\classes
2026-04-09 18:33:30,190 [Worker-23: Building] INFO  o.a.m.s.f.DefaultMavenResourcesFiltering - Copying 0 resource from src\main\resources to target\classes
2026-04-09 18:33:30,195 [Worker-23: Building] INFO  o.a.m.s.f.DefaultMavenResourcesFiltering - skip non existing resourceDirectory C:\Users\Rishabh patil\Desktop\Microservices\Address\src\test\resources
2026-04-09 18:33:47,920 [Worker-24: Building] INFO  o.a.m.s.f.DefaultMavenResourcesFiltering - Copying 1 resource from src\main\resources to target\classes
2026-04-09 18:33:47,954 [Worker-24: Building] INFO  o.a.m.s.f.DefaultMavenResourcesFiltering - Copying 0 resource from src\main\resources to target\classes
2026-04-09 18:33:47,959 [Worker-24: Building] INFO  o.a.m.s.f.DefaultMavenResourcesFiltering - skip non existing resourceDirectory C:\Users\Rishabh patil\Desktop\Microservices\Address\src\test\resources
2026-04-09 18:34:22,257 [Worker-24: Building] INFO  o.a.m.s.f.DefaultMavenResourcesFiltering - Copying 1 resource from src\main\resources to target\classes
2026-04-09 18:34:22,298 [Worker-24: Building] INFO  o.a.m.s.f.DefaultMavenResourcesFiltering - Copying 0 resource from src\main\resources to target\classes
2026-04-09 18:34:22,305 [Worker-24: Building] INFO  o.a.m.s.f.DefaultMavenResourcesFiltering - skip non existing resourceDirectory C:\Users\Rishabh patil\Desktop\Microservices\Address\src\test\resources
2026-04-09 18:34:26,044 [Worker-14: Building] INFO  o.a.m.s.f.DefaultMavenResourcesFiltering - Copying 1 resource from src\main\resources to target\classes
2026-04-09 18:34:26,085 [Worker-14: Building] INFO  o.a.m.s.f.DefaultMavenResourcesFiltering - Copying 0 resource from src\main\resources to target\classes
2026-04-09 18:34:26,095 [Worker-14: Building] INFO  o.a.m.s.f.DefaultMavenResourcesFiltering - skip non existing resourceDirectory C:\Users\Rishabh patil\Desktop\Microservices\Address\src\test\resources
2026-04-09 18:36:29,184 [Worker-13: Building] INFO  o.a.m.s.f.DefaultMavenResourcesFiltering - Copying 1 resource from src\main\resources to target\classes
2026-04-09 18:36:29,216 [Worker-13: Building] INFO  o.a.m.s.f.DefaultMavenResourcesFiltering - Copying 0 resource from src\main\resources to target\classes
2026-04-09 18:36:29,222 [Worker-13: Building] INFO  o.a.m.s.f.DefaultMavenResourcesFiltering - skip non existing resourceDirectory C:\Users\Rishabh patil\Desktop\Microservices\Address\src\test\resources
2026-04-09 18:37:24,053 [Worker-13: Building] INFO  o.a.m.s.f.DefaultMavenResourcesFiltering - Copying 1 resource from src\main\resources to target\classes
2026-04-09 18:37:24,078 [Worker-13: Building] INFO  o.a.m.s.f.DefaultMavenResourcesFiltering - Copying 0 resource from src\main\resources to target\classes
2026-04-09 18:37:24,084 [Worker-13: Building] INFO  o.a.m.s.f.DefaultMavenResourcesFiltering - skip non existing resourceDirectory C:\Users\Rishabh patil\Desktop\Microservices\Address\src\test\resources
2026-04-09 18:37:38,997 [Worker-24: Building] INFO  o.a.m.s.f.DefaultMavenResourcesFiltering - Copying 1 resource from src\main\resources to target\classes
2026-04-09 18:37:39,011 [Worker-24: Building] INFO  o.a.m.s.f.DefaultMavenResourcesFiltering - Copying 0 resource from src\main\resources to target\classes
2026-04-09 18:37:39,017 [Worker-24: Building] INFO  o.a.m.s.f.DefaultMavenResourcesFiltering - skip non existing resourceDirectory C:\Users\Rishabh patil\Desktop\Microservices\Address\src\test\resources
2026-04-09 18:42:13,337 [Worker-25: Building] INFO  o.a.m.s.f.DefaultMavenResourcesFiltering - Copying 1 resource from src\main\resources to target\classes
2026-04-09 18:42:13,351 [Worker-25: Building] INFO  o.a.m.s.f.DefaultMavenResourcesFiltering - Copying 0 resource from src\main\resources to target\classes
2026-04-09 18:42:13,359 [Worker-25: Building] INFO  o.a.m.s.f.DefaultMavenResourcesFiltering - skip non existing resourceDirectory C:\Users\Rishabh patil\Desktop\Microservices\Address\src\test\resources
2026-04-09 18:42:19,939 [Worker-23: Building] INFO  o.a.m.s.f.DefaultMavenResourcesFiltering - Copying 1 resource from src\main\resources to target\classes
2026-04-09 18:42:19,958 [Worker-23: Building] INFO  o.a.m.s.f.DefaultMavenResourcesFiltering - Copying 0 resource from src\main\resources to target\classes
2026-04-09 18:42:19,963 [Worker-23: Building] INFO  o.a.m.s.f.DefaultMavenResourcesFiltering - skip non existing resourceDirectory C:\Users\Rishabh patil\Desktop\Microservices\Address\src\test\resources
2026-04-09 18:43:47,216 [Worker-23: Building] INFO  o.a.m.s.f.DefaultMavenResourcesFiltering - Copying 1 resource from src\main\resources to target\classes
2026-04-09 18:43:47,275 [Worker-23: Building] INFO  o.a.m.s.f.DefaultMavenResourcesFiltering - Copying 0 resource from src\main\resources to target\classes
2026-04-09 18:43:47,280 [Worker-23: Building] INFO  o.a.m.s.f.DefaultMavenResourcesFiltering - skip non existing resourceDirectory C:\Users\Rishabh patil\Desktop\Microservices\Address\src\test\resources
2026-04-09 18:47:09,229 [Worker-26: Building] INFO  o.a.m.s.f.DefaultMavenResourcesFiltering - Copying 1 resource from src\main\resources to target\classes
2026-04-09 18:47:09,249 [Worker-26: Building] INFO  o.a.m.s.f.DefaultMavenResourcesFiltering - Copying 0 resource from src\main\resources to target\classes
2026-04-09 18:47:09,255 [Worker-26: Building] INFO  o.a.m.s.f.DefaultMavenResourcesFiltering - skip non existing resourceDirectory C:\Users\Rishabh patil\Desktop\Microservices\Address\src\test\resources
2026-04-09 18:47:48,334 [Worker-23: Building] INFO  o.a.m.s.f.DefaultMavenResourcesFiltering - Copying 1 resource from src\main\resources to target\classes
2026-04-09 18:47:48,348 [Worker-23: Building] INFO  o.a.m.s.f.DefaultMavenResourcesFiltering - Copying 0 resource from src\main\resources to target\classes
2026-04-09 18:47:48,370 [Worker-23: Building] INFO  o.a.m.s.f.DefaultMavenResourcesFiltering - skip non existing resourceDirectory C:\Users\Rishabh patil\Desktop\Microservices\Address\src\test\resources
2026-04-09 18:47:53,358 [Worker-14: Building] INFO  o.a.m.s.f.DefaultMavenResourcesFiltering - Copying 1 resource from src\main\resources to target\classes
2026-04-09 18:47:53,374 [Worker-14: Building] INFO  o.a.m.s.f.DefaultMavenResourcesFiltering - Copying 0 resource from src\main\resources to target\classes
2026-04-09 18:47:53,405 [Worker-14: Building] INFO  o.a.m.s.f.DefaultMavenResourcesFiltering - skip non existing resourceDirectory C:\Users\Rishabh patil\Desktop\Microservices\Address\src\test\resources
2026-04-09 18:51:12,460 [Worker-23: Building] INFO  o.a.m.s.f.DefaultMavenResourcesFiltering - Copying 1 resource from src\main\resources to target\classes
2026-04-09 18:51:12,477 [Worker-23: Building] INFO  o.a.m.s.f.DefaultMavenResourcesFiltering - Copying 0 resource from src\main\resources to target\classes
2026-04-09 18:51:12,483 [Worker-23: Building] INFO  o.a.m.s.f.DefaultMavenResourcesFiltering - skip non existing resourceDirectory C:\Users\Rishabh patil\Desktop\Microservices\Address\src\test\resources
2026-04-09 18:55:17,679 [Worker-23: Building] INFO  o.a.m.s.f.DefaultMavenResourcesFiltering - Copying 1 resource from src\main\resources to target\classes
2026-04-09 18:55:17,695 [Worker-23: Building] INFO  o.a.m.s.f.DefaultMavenResourcesFiltering - Copying 0 resource from src\main\resources to target\classes
2026-04-09 18:55:17,702 [Worker-23: Building] INFO  o.a.m.s.f.DefaultMavenResourcesFiltering - skip non existing resourceDirectory C:\Users\Rishabh patil\Desktop\Microservices\Address\src\test\resources
2026-04-09 18:55:30,415 [Worker-29: Building] INFO  o.a.m.s.f.DefaultMavenResourcesFiltering - Copying 1 resource from src\main\resources to target\classes
2026-04-09 18:55:30,432 [Worker-29: Building] INFO  o.a.m.s.f.DefaultMavenResourcesFiltering - Copying 0 resource from src\main\resources to target\classes
2026-04-09 18:55:30,459 [Worker-29: Building] INFO  o.a.m.s.f.DefaultMavenResourcesFiltering - skip non existing resourceDirectory C:\Users\Rishabh patil\Desktop\Microservices\Address\src\test\resources
2026-04-09 18:57:34,497 [Worker-27: Building] INFO  o.a.m.s.f.DefaultMavenResourcesFiltering - Copying 1 resource from src\main\resources to target\classes
2026-04-09 18:57:34,509 [Worker-27: Building] INFO  o.a.m.s.f.DefaultMavenResourcesFiltering - Copying 0 resource from src\main\resources to target\classes
2026-04-09 18:57:34,512 [Worker-27: Building] INFO  o.a.m.s.f.DefaultMavenResourcesFiltering - skip non existing resourceDirectory C:\Users\Rishabh patil\Desktop\Microservices\Address\src\test\resources
2026-04-09 18:59:21,097 [Worker-23: Building] INFO  o.a.m.s.f.DefaultMavenResourcesFiltering - Copying 1 resource from src\main\resources to target\classes
2026-04-09 18:59:21,108 [Worker-23: Building] INFO  o.a.m.s.f.DefaultMavenResourcesFiltering - Copying 0 resource from src\main\resources to target\classes
2026-04-09 18:59:21,111 [Worker-23: Building] INFO  o.a.m.s.f.DefaultMavenResourcesFiltering - skip non existing resourceDirectory C:\Users\Rishabh patil\Desktop\Microservices\Address\src\test\resources
2026-04-09 18:59:34,233 [Worker-23: Building] INFO  o.a.m.s.f.DefaultMavenResourcesFiltering - Copying 1 resource from src\main\resources to target\classes
2026-04-09 18:59:34,247 [Worker-23: Building] INFO  o.a.m.s.f.DefaultMavenResourcesFiltering - Copying 0 resource from src\main\resources to target\classes
2026-04-09 18:59:34,251 [Worker-23: Building] INFO  o.a.m.s.f.DefaultMavenResourcesFiltering - skip non existing resourceDirectory C:\Users\Rishabh patil\Desktop\Microservices\Address\src\test\resources
2026-04-09 18:59:48,451 [Worker-30: Building] INFO  o.a.m.s.f.DefaultMavenResourcesFiltering - Copying 1 resource from src\main\resources to target\classes
2026-04-09 18:59:48,464 [Worker-30: Building] INFO  o.a.m.s.f.DefaultMavenResourcesFiltering - Copying 0 resource from src\main\resources to target\classes
2026-04-09 18:59:48,468 [Worker-30: Building] INFO  o.a.m.s.f.DefaultMavenResourcesFiltering - skip non existing resourceDirectory C:\Users\Rishabh patil\Desktop\Microservices\Address\src\test\resources
2026-04-09 20:43:20,770 [Worker-29: Building] INFO  o.a.m.s.f.DefaultMavenResourcesFiltering - Copying 1 resource from src\main\resources to target\classes
2026-04-09 20:43:20,784 [Worker-29: Building] INFO  o.a.m.s.f.DefaultMavenResourcesFiltering - Copying 0 resource from src\main\resources to target\classes
2026-04-09 20:43:20,789 [Worker-29: Building] INFO  o.a.m.s.f.DefaultMavenResourcesFiltering - skip non existing resourceDirectory C:\Users\Rishabh patil\Desktop\Microservices\Address\src\test\resources
2026-04-09 20:43:23,192 [Worker-29: Building] INFO  o.a.m.s.f.DefaultMavenResourcesFiltering - Copying 1 resource from src\main\resources to target\classes
2026-04-09 20:43:23,207 [Worker-29: Building] INFO  o.a.m.s.f.DefaultMavenResourcesFiltering - Copying 0 resource from src\main\resources to target\classes
2026-04-09 20:43:23,212 [Worker-29: Building] INFO  o.a.m.s.f.DefaultMavenResourcesFiltering - skip non existing resourceDirectory C:\Users\Rishabh patil\Desktop\Microservices\Address\src\test\resources
2026-04-09 20:50:52,796 [Worker-23: Building] INFO  o.a.m.s.f.DefaultMavenResourcesFiltering - Copying 1 resource from src\main\resources to target\classes
2026-04-09 20:50:52,830 [Worker-23: Building] INFO  o.a.m.s.f.DefaultMavenResourcesFiltering - Copying 0 resource from src\main\resources to target\classes
2026-04-09 20:50:52,834 [Worker-23: Building] INFO  o.a.m.s.f.DefaultMavenResourcesFiltering - skip non existing resourceDirectory C:\Users\Rishabh patil\Desktop\Microservices\Address\src\test\resources
2026-04-09 20:51:32,072 [Worker-23: Building] INFO  o.a.m.s.f.DefaultMavenResourcesFiltering - Copying 1 resource from src\main\resources to target\classes
2026-04-09 20:51:32,087 [Worker-23: Building] INFO  o.a.m.s.f.DefaultMavenResourcesFiltering - Copying 0 resource from src\main\resources to target\classes
2026-04-09 20:51:32,092 [Worker-23: Building] INFO  o.a.m.s.f.DefaultMavenResourcesFiltering - skip non existing resourceDirectory C:\Users\Rishabh patil\Desktop\Microservices\Address\src\test\resources
2026-04-09 20:51:56,336 [Worker-34: Building] INFO  o.a.m.s.f.DefaultMavenResourcesFiltering - Copying 1 resource from src\main\resources to target\classes
2026-04-09 20:51:56,349 [Worker-34: Building] INFO  o.a.m.s.f.DefaultMavenResourcesFiltering - Copying 0 resource from src\main\resources to target\classes
2026-04-09 20:51:56,385 [Worker-34: Building] INFO  o.a.m.s.f.DefaultMavenResourcesFiltering - skip non existing resourceDirectory C:\Users\Rishabh patil\Desktop\Microservices\Address\src\test\resources
2026-04-09 20:53:57,631 [Worker-36: Building] INFO  o.a.m.s.f.DefaultMavenResourcesFiltering - Copying 1 resource from src\main\resources to target\classes
2026-04-09 20:53:57,645 [Worker-36: Building] INFO  o.a.m.s.f.DefaultMavenResourcesFiltering - Copying 0 resource from src\main\resources to target\classes
2026-04-09 20:53:57,664 [Worker-36: Building] INFO  o.a.m.s.f.DefaultMavenResourcesFiltering - skip non existing resourceDirectory C:\Users\Rishabh patil\Desktop\Microservices\Address\src\test\resources
2026-04-09 22:32:12,014 [Worker-1: Loading available Gradle versions] INFO  o.e.b.c.i.u.g.PublishedGradleVersions - Gradle version information cache is up-to-date. Trying to read.
2026-04-09 22:32:28,821 [Worker-3: Importing Maven projects] INFO  o.e.m.c.i.e.AbstractTransferListenerAdapter - Downloaded https://repo.maven.apache.org/maven2/org/springframework/cloud/spring-cloud-dependencies/2025.1.1/spring-cloud-dependencies-2025.1.1.pom
2026-04-09 22:32:29,047 [Worker-3: Importing Maven projects] INFO  o.e.m.c.i.e.AbstractTransferListenerAdapter - Downloaded https://repo.maven.apache.org/maven2/org/springframework/cloud/spring-cloud-dependencies-parent/5.0.1/spring-cloud-dependencies-parent-5.0.1.pom
2026-04-09 22:32:29,266 [Worker-3: Importing Maven projects] INFO  o.e.m.c.i.e.AbstractTransferListenerAdapter - Downloaded https://repo.maven.apache.org/maven2/org/springframework/cloud/spring-cloud-commons-dependencies/5.0.1/spring-cloud-commons-dependencies-5.0.1.pom
2026-04-09 22:32:29,515 [Worker-3: Importing Maven projects] INFO  o.e.m.c.i.e.AbstractTransferListenerAdapter - Downloaded https://repo.maven.apache.org/maven2/com/squareup/okhttp3/okhttp-bom/4.12.0/okhttp-bom-4.12.0.pom
2026-04-09 22:32:29,743 [Worker-3: Importing Maven projects] INFO  o.e.m.c.i.e.AbstractTransferListenerAdapter - Downloaded https://repo.maven.apache.org/maven2/org/springframework/cloud/spring-cloud-netflix-dependencies/5.0.1/spring-cloud-netflix-dependencies-5.0.1.pom
2026-04-09 22:32:29,984 [Worker-3: Importing Maven projects] INFO  o.e.m.c.i.e.AbstractTransferListenerAdapter - Downloaded https://repo.maven.apache.org/maven2/org/springframework/cloud/spring-cloud-stream-dependencies/5.0.1/spring-cloud-stream-dependencies-5.0.1.pom
2026-04-09 22:32:30,195 [Worker-3: Importing Maven projects] INFO  o.e.m.c.i.e.AbstractTransferListenerAdapter - Downloaded https://repo.maven.apache.org/maven2/org/springframework/cloud/spring-cloud-task-dependencies/5.0.1/spring-cloud-task-dependencies-5.0.1.pom
2026-04-09 22:32:30,400 [Worker-3: Importing Maven projects] INFO  o.e.m.c.i.e.AbstractTransferListenerAdapter - Downloaded https://repo.maven.apache.org/maven2/org/springframework/cloud/spring-cloud-circuitbreaker-dependencies/5.0.1/spring-cloud-circuitbreaker-dependencies-5.0.1.pom
2026-04-09 22:32:30,639 [Worker-3: Importing Maven projects] INFO  o.e.m.c.i.e.AbstractTransferListenerAdapter - Downloaded https://repo.maven.apache.org/maven2/io/github/resilience4j/resilience4j-bom/2.3.0/resilience4j-bom-2.3.0.pom
2026-04-09 22:32:30,923 [Worker-3: Importing Maven projects] INFO  o.e.m.c.i.e.AbstractTransferListenerAdapter - Downloaded https://repo.maven.apache.org/maven2/org/springframework/cloud/spring-cloud-config-dependencies/5.0.1/spring-cloud-config-dependencies-5.0.1.pom
2026-04-09 22:32:31,121 [Worker-3: Importing Maven projects] INFO  o.e.m.c.i.e.AbstractTransferListenerAdapter - Downloaded https://repo.maven.apache.org/maven2/org/springframework/cloud/spring-cloud-function-dependencies/5.0.1/spring-cloud-function-dependencies-5.0.1.pom
2026-04-09 22:32:31,350 [Worker-3: Importing Maven projects] INFO  o.e.m.c.i.e.AbstractTransferListenerAdapter - Downloaded https://repo.maven.apache.org/maven2/org/springframework/cloud/spring-cloud-gateway-dependencies/5.0.1/spring-cloud-gateway-dependencies-5.0.1.pom
2026-04-09 22:32:31,557 [Worker-3: Importing Maven projects] INFO  o.e.m.c.i.e.AbstractTransferListenerAdapter - Downloaded https://repo.maven.apache.org/maven2/org/springframework/cloud/spring-cloud-consul-dependencies/5.0.1/spring-cloud-consul-dependencies-5.0.1.pom
2026-04-09 22:32:31,775 [Worker-3: Importing Maven projects] INFO  o.e.m.c.i.e.AbstractTransferListenerAdapter - Downloaded https://repo.maven.apache.org/maven2/org/springframework/cloud/spring-cloud-vault-dependencies/5.0.1/spring-cloud-vault-dependencies-5.0.1.pom
2026-04-09 22:32:31,987 [Worker-3: Importing Maven projects] INFO  o.e.m.c.i.e.AbstractTransferListenerAdapter - Downloaded https://repo.maven.apache.org/maven2/org/springframework/cloud/spring-cloud-zookeeper-dependencies/5.0.1/spring-cloud-zookeeper-dependencies-5.0.1.pom
2026-04-09 22:32:32,189 [Worker-3: Importing Maven projects] INFO  o.e.m.c.i.e.AbstractTransferListenerAdapter - Downloaded https://repo.maven.apache.org/maven2/org/springframework/cloud/spring-cloud-bus-dependencies/5.0.1/spring-cloud-bus-dependencies-5.0.1.pom
2026-04-09 22:32:32,410 [Worker-3: Importing Maven projects] INFO  o.e.m.c.i.e.AbstractTransferListenerAdapter - Downloaded https://repo.maven.apache.org/maven2/org/springframework/cloud/spring-cloud-contract-dependencies/5.0.2/spring-cloud-contract-dependencies-5.0.2.pom
2026-04-09 22:32:32,611 [Worker-3: Importing Maven projects] INFO  o.e.m.c.i.e.AbstractTransferListenerAdapter - Downloaded https://repo.maven.apache.org/maven2/org/springframework/cloud/spring-cloud-openfeign-dependencies/5.0.1/spring-cloud-openfeign-dependencies-5.0.1.pom
2026-04-09 22:32:32,832 [Worker-3: Importing Maven projects] INFO  o.e.m.c.i.e.AbstractTransferListenerAdapter - Downloaded https://repo.maven.apache.org/maven2/io/github/openfeign/feign-bom/13.6/feign-bom-13.6.pom
2026-04-09 22:32:33,056 [Worker-3: Importing Maven projects] INFO  o.e.m.c.i.e.AbstractTransferListenerAdapter - Downloaded https://repo.maven.apache.org/maven2/org/springframework/cloud/spring-cloud-kubernetes-dependencies/5.0.1/spring-cloud-kubernetes-dependencies-5.0.1.pom
2026-04-09 22:32:33,296 [Worker-3: Importing Maven projects] INFO  o.e.m.c.i.e.AbstractTransferListenerAdapter - Downloaded https://repo.maven.apache.org/maven2/io/fabric8/kubernetes-client-bom/7.4.0/kubernetes-client-bom-7.4.0.pom
2026-04-09 22:32:35,142 [ForkJoinPool.commonPool-worker-2] ERROR o.e.m.e.l.MavenRuntimeClasspathProvider - Illegal character in path at index 22: file:/C:/Users/Rishabh patil/Downloads/softwares/Spring boot installation/sts-4.14.1.RELEASE/plugins/org.eclipse.m2e.maven.runtime_1.18.3.20220227-1319/jars/
java.net.URISyntaxException: Illegal character in path at index 22: file:/C:/Users/Rishabh patil/Downloads/softwares/Spring boot installation/sts-4.14.1.RELEASE/plugins/org.eclipse.m2e.maven.runtime_1.18.3.20220227-1319/jars/
	at java.base/java.net.URI$Parser.fail(URI.java:2974)
	at java.base/java.net.URI$Parser.checkChars(URI.java:3145)
	at java.base/java.net.URI$Parser.parseHierarchical(URI.java:3227)
	at java.base/java.net.URI$Parser.parse(URI.java:3175)
	at java.base/java.net.URI.<init>(URI.java:623)
	at java.base/java.net.URL.toURI(URL.java:1056)
	at org.eclipse.m2e.editor.lemminx.MavenRuntimeClasspathProvider.addJarsFromBundle(MavenRuntimeClasspathProvider.java:81)
	at org.eclipse.m2e.editor.lemminx.MavenRuntimeClasspathProvider.get(MavenRuntimeClasspathProvider.java:66)
	at org.eclipse.m2e.editor.lemminx.MavenRuntimeClasspathProvider.get(MavenRuntimeClasspathProvider.java:1)
	at java.base/java.util.stream.ReferencePipeline$3$1.accept(ReferencePipeline.java:197)
	at java.base/java.util.stream.ReferencePipeline$3$1.accept(ReferencePipeline.java:197)
	at java.base/java.util.HashMap$EntrySpliterator.forEachRemaining(HashMap.java:1850)
	at java.base/java.util.stream.AbstractPipeline.copyInto(AbstractPipeline.java:509)
	at java.base/java.util.stream.AbstractPipeline.wrapAndCopyInto(AbstractPipeline.java:499)
	at java.base/java.util.stream.ForEachOps$ForEachOp.evaluateSequential(ForEachOps.java:150)
	at java.base/java.util.stream.ForEachOps$ForEachOp$OfRef.evaluateSequential(ForEachOps.java:173)
	at java.base/java.util.stream.AbstractPipeline.evaluate(AbstractPipeline.java:234)
	at java.base/java.util.stream.ReferencePipeline.forEach(ReferencePipeline.java:596)
	at org.eclipse.wildwebdeveloper.xml.internal.XMLExtensionRegistry.getXMLLSClassPathExtensions(XMLExtensionRegistry.java:81)
	at org.eclipse.wildwebdeveloper.xml.internal.XMLLanguageServer.getExtensionJarPaths(XMLLanguageServer.java:148)
	at org.eclipse.wildwebdeveloper.xml.internal.XMLLanguageServer.<init>(XMLLanguageServer.java:83)
	at java.base/jdk.internal.reflect.NativeConstructorAccessorImpl.newInstance0(Native Method)
	at java.base/jdk.internal.reflect.NativeConstructorAccessorImpl.newInstance(NativeConstructorAccessorImpl.java:77)
	at java.base/jdk.internal.reflect.DelegatingConstructorAccessorImpl.newInstance(DelegatingConstructorAccessorImpl.java:45)
	at java.base/java.lang.reflect.Constructor.newInstanceWithCaller(Constructor.java:499)
	at java.base/java.lang.reflect.Constructor.newInstance(Constructor.java:480)
	at org.eclipse.core.internal.registry.osgi.RegistryStrategyOSGI.createExecutableExtension(RegistryStrategyOSGI.java:204)
	at org.eclipse.core.internal.registry.ExtensionRegistry.createExecutableExtension(ExtensionRegistry.java:920)
	at org.eclipse.core.internal.registry.ConfigurationElement.createExecutableExtension(ConfigurationElement.java:246)
	at org.eclipse.core.internal.registry.ConfigurationElementHandle.createExecutableExtension(ConfigurationElementHandle.java:63)
	at org.eclipse.lsp4e.LanguageServersRegistry$ExtensionLanguageServerDefinition.createConnectionProvider(LanguageServersRegistry.java:147)
	at org.eclipse.lsp4e.LanguageServerWrapper.lambda$1(LanguageServerWrapper.java:222)
	at java.base/java.util.concurrent.CompletableFuture$AsyncSupply.run(CompletableFuture.java:1768)
	at java.base/java.util.concurrent.CompletableFuture$AsyncSupply.exec(CompletableFuture.java:1760)
	at java.base/java.util.concurrent.ForkJoinTask.doExec(ForkJoinTask.java:373)
	at java.base/java.util.concurrent.ForkJoinPool$WorkQueue.topLevelExec(ForkJoinPool.java:1182)
	at java.base/java.util.concurrent.ForkJoinPool.scan(ForkJoinPool.java:1655)
	at java.base/java.util.concurrent.ForkJoinPool.runWorker(ForkJoinPool.java:1622)
	at java.base/java.util.concurrent.ForkJoinWorkerThread.run(ForkJoinWorkerThread.java:165)
2026-04-09 22:32:37,166 [Worker-3: Importing Maven projects] INFO  o.e.m.c.i.l.LifecycleMappingFactory - Using org.maven.ide.eclipse.wtp.WarLifecycleMapping lifecycle mapping for MavenProject: com.eureka-server:Eureka-Server:0.0.1-SNAPSHOT @ C:\Users\Rishabh patil\Desktop\Microservices\Eureka-Server\pom.xml.
2026-04-09 22:32:37,429 [Worker-2: reload maven project] INFO  o.e.m.c.i.e.AbstractTransferListenerAdapter - Downloaded https://repo.maven.apache.org/maven2/org/springframework/cloud/spring-cloud-starter-netflix-eureka-server/5.0.1/spring-cloud-starter-netflix-eureka-server-5.0.1.pom
2026-04-09 22:32:37,620 [Worker-2: reload maven project] INFO  o.e.m.c.i.e.AbstractTransferListenerAdapter - Downloaded https://repo.maven.apache.org/maven2/org/springframework/cloud/spring-cloud-netflix/5.0.1/spring-cloud-netflix-5.0.1.pom
2026-04-09 22:32:37,712 [Worker-3: Importing Maven projects] INFO  o.e.m.c.i.e.AbstractTransferListenerAdapter - Downloaded https://repo.maven.apache.org/maven2/org/springframework/cloud/spring-cloud-netflix/5.0.1/spring-cloud-netflix-5.0.1.pom
2026-04-09 22:32:37,802 [Worker-2: reload maven project] INFO  o.e.m.c.i.e.AbstractTransferListenerAdapter - Downloaded https://repo.maven.apache.org/maven2/org/springframework/cloud/spring-cloud-build/5.0.1/spring-cloud-build-5.0.1.pom
2026-04-09 22:32:38,036 [Worker-2: reload maven project] INFO  o.e.m.c.i.e.AbstractTransferListenerAdapter - Downloaded https://repo.maven.apache.org/maven2/org/springframework/cloud/spring-cloud-build-dependencies/5.0.1/spring-cloud-build-dependencies-5.0.1.pom
2026-04-09 22:32:38,061 [Worker-3: Importing Maven projects] INFO  o.e.m.c.i.e.AbstractTransferListenerAdapter - Downloaded https://repo.maven.apache.org/maven2/org/springframework/cloud/spring-cloud-build/5.0.1/spring-cloud-build-5.0.1.pom
2026-04-09 22:32:38,250 [Worker-2: reload maven project] INFO  o.e.m.c.i.e.AbstractTransferListenerAdapter - Downloaded https://repo.maven.apache.org/maven2/org/springframework/boot/spring-boot-dependencies/4.0.2/spring-boot-dependencies-4.0.2.pom
2026-04-09 22:32:38,352 [Worker-3: Importing Maven projects] INFO  o.e.m.c.i.e.AbstractTransferListenerAdapter - Downloaded https://repo.maven.apache.org/maven2/org/springframework/boot/spring-boot-dependencies/4.0.2/spring-boot-dependencies-4.0.2.pom
2026-04-09 22:32:38,563 [Worker-2: reload maven project] INFO  o.e.m.c.i.e.AbstractTransferListenerAdapter - Downloaded https://repo.maven.apache.org/maven2/org/assertj/assertj-bom/3.27.6/assertj-bom-3.27.6.pom
2026-04-09 22:32:38,696 [Worker-3: Importing Maven projects] INFO  o.e.m.c.i.e.AbstractTransferListenerAdapter - Downloaded https://repo.maven.apache.org/maven2/org/assertj/assertj-bom/3.27.6/assertj-bom-3.27.6.pom
2026-04-09 22:32:38,771 [Worker-2: reload maven project] INFO  o.e.m.c.i.e.AbstractTransferListenerAdapter - Downloaded https://repo.maven.apache.org/maven2/io/zipkin/reporter2/zipkin-reporter-bom/3.5.1/zipkin-reporter-bom-3.5.1.pom
2026-04-09 22:32:38,871 [Worker-3: Importing Maven projects] INFO  o.e.m.c.i.e.AbstractTransferListenerAdapter - Downloaded https://repo.maven.apache.org/maven2/io/zipkin/reporter2/zipkin-reporter-bom/3.5.1/zipkin-reporter-bom-3.5.1.pom
2026-04-09 22:32:38,958 [Worker-2: reload maven project] INFO  o.e.m.c.i.e.AbstractTransferListenerAdapter - Downloaded https://repo.maven.apache.org/maven2/io/zipkin/brave/brave-bom/6.3.0/brave-bom-6.3.0.pom
2026-04-09 22:32:39,215 [Worker-2: reload maven project] INFO  o.e.m.c.i.e.AbstractTransferListenerAdapter - Downloaded https://repo.maven.apache.org/maven2/org/apache/groovy/groovy-bom/5.0.3/groovy-bom-5.0.3.pom
2026-04-09 22:32:39,319 [Worker-3: Importing Maven projects] INFO  o.e.m.c.i.e.AbstractTransferListenerAdapter - Downloaded https://repo.maven.apache.org/maven2/org/apache/groovy/groovy-bom/5.0.3/groovy-bom-5.0.3.pom
2026-04-09 22:32:39,547 [Worker-2: reload maven project] INFO  o.e.m.c.i.e.AbstractTransferListenerAdapter - Downloaded https://repo.maven.apache.org/maven2/com/fasterxml/jackson/jackson-bom/2.20.2/jackson-bom-2.20.2.pom
2026-04-09 22:32:39,785 [Worker-2: reload maven project] INFO  o.e.m.c.i.e.AbstractTransferListenerAdapter - Downloaded https://repo.maven.apache.org/maven2/com/fasterxml/jackson/jackson-parent/2.20/jackson-parent-2.20.pom
2026-04-09 22:32:40,079 [Worker-2: reload maven project] INFO  o.e.m.c.i.e.AbstractTransferListenerAdapter - Downloaded https://repo.maven.apache.org/maven2/com/fasterxml/oss-parent/70/oss-parent-70.pom
2026-04-09 22:32:40,246 [Worker-3: Importing Maven projects] INFO  o.e.m.c.i.e.AbstractTransferListenerAdapter - Downloaded https://repo.maven.apache.org/maven2/com/fasterxml/oss-parent/70/oss-parent-70.pom
2026-04-09 22:32:40,315 [Worker-2: reload maven project] INFO  o.e.m.c.i.e.AbstractTransferListenerAdapter - Downloaded https://repo.maven.apache.org/maven2/tools/jackson/jackson-bom/3.0.4/jackson-bom-3.0.4.pom
2026-04-09 22:32:40,491 [Worker-2: reload maven project] INFO  o.e.m.c.i.e.AbstractTransferListenerAdapter - Downloaded https://repo.maven.apache.org/maven2/com/fasterxml/oss-parent/73/oss-parent-73.pom
2026-04-09 22:32:40,804 [Worker-2: reload maven project] INFO  o.e.m.c.i.e.AbstractTransferListenerAdapter - Downloaded https://repo.maven.apache.org/maven2/org/glassfish/jersey/jersey-bom/4.0.0/jersey-bom-4.0.0.pom
2026-04-09 22:32:40,995 [Worker-2: reload maven project] INFO  o.e.m.c.i.e.AbstractTransferListenerAdapter - Downloaded https://repo.maven.apache.org/maven2/org/eclipse/jetty/ee11/jetty-ee11-bom/12.1.5/jetty-ee11-bom-12.1.5.pom
2026-04-09 22:32:41,194 [Worker-2: reload maven project] INFO  o.e.m.c.i.e.AbstractTransferListenerAdapter - Downloaded https://repo.maven.apache.org/maven2/org/eclipse/jetty/jetty-bom/12.1.5/jetty-bom-12.1.5.pom
2026-04-09 22:32:41,359 [Worker-2: reload maven project] INFO  o.e.m.c.i.e.AbstractTransferListenerAdapter - Downloaded https://repo.maven.apache.org/maven2/org/jooq/jooq-bom/3.19.29/jooq-bom-3.19.29.pom
2026-04-09 22:32:41,654 [Worker-2: reload maven project] INFO  o.e.m.c.i.e.AbstractTransferListenerAdapter - Downloaded https://repo.maven.apache.org/maven2/org/junit/junit-bom/6.0.2/junit-bom-6.0.2.pom
2026-04-09 22:32:41,760 [Worker-3: Importing Maven projects] INFO  o.e.m.c.i.e.AbstractTransferListenerAdapter - Downloaded https://repo.maven.apache.org/maven2/org/junit/junit-bom/6.0.2/junit-bom-6.0.2.pom
2026-04-09 22:32:41,943 [Worker-2: reload maven project] INFO  o.e.m.c.i.e.AbstractTransferListenerAdapter - Downloaded https://repo.maven.apache.org/maven2/io/micrometer/micrometer-bom/1.16.2/micrometer-bom-1.16.2.pom
2026-04-09 22:32:42,092 [Worker-2: reload maven project] INFO  o.e.m.c.i.e.AbstractTransferListenerAdapter - Downloaded https://repo.maven.apache.org/maven2/io/micrometer/micrometer-tracing-bom/1.6.2/micrometer-tracing-bom-1.6.2.pom
2026-04-09 22:32:42,225 [Worker-3: Importing Maven projects] INFO  o.e.m.c.i.e.AbstractTransferListenerAdapter - Downloaded https://repo.maven.apache.org/maven2/io/micrometer/micrometer-tracing-bom/1.6.2/micrometer-tracing-bom-1.6.2.pom
2026-04-09 22:32:42,238 [Worker-2: reload maven project] INFO  o.e.m.c.i.e.AbstractTransferListenerAdapter - Downloaded https://repo.maven.apache.org/maven2/org/mongodb/mongodb-driver-bom/5.6.2/mongodb-driver-bom-5.6.2.pom
2026-04-09 22:32:42,519 [Worker-2: reload maven project] INFO  o.e.m.c.i.e.AbstractTransferListenerAdapter - Downloaded https://repo.maven.apache.org/maven2/org/neo4j/driver/neo4j-java-driver-bom/6.0.2/neo4j-java-driver-bom-6.0.2.pom
2026-04-09 22:32:42,569 [Worker-3: Importing Maven projects] INFO  o.e.m.c.i.e.AbstractTransferListenerAdapter - Downloaded https://repo.maven.apache.org/maven2/org/neo4j/driver/neo4j-java-driver-bom/6.0.2/neo4j-java-driver-bom-6.0.2.pom
2026-04-09 22:32:42,679 [Worker-2: reload maven project] INFO  o.e.m.c.i.e.AbstractTransferListenerAdapter - Downloaded https://repo.maven.apache.org/maven2/org/neo4j/bolt/neo4j-bolt-connection-bom/10.1.0/neo4j-bolt-connection-bom-10.1.0.pom
2026-04-09 22:32:42,780 [Worker-3: Importing Maven projects] INFO  o.e.m.c.i.e.AbstractTransferListenerAdapter - Downloaded https://repo.maven.apache.org/maven2/org/neo4j/bolt/neo4j-bolt-connection-bom/10.1.0/neo4j-bolt-connection-bom-10.1.0.pom
2026-04-09 22:32:42,869 [Worker-2: reload maven project] INFO  o.e.m.c.i.e.AbstractTransferListenerAdapter - Downloaded https://repo.maven.apache.org/maven2/io/netty/netty-bom/4.2.9.Final/netty-bom-4.2.9.Final.pom
2026-04-09 22:32:43,091 [Worker-2: reload maven project] INFO  o.e.m.c.i.e.AbstractTransferListenerAdapter - Downloaded https://repo.maven.apache.org/maven2/org/apache/pulsar/pulsar-bom/4.1.2/pulsar-bom-4.1.2.pom
2026-04-09 22:32:43,202 [Worker-3: Importing Maven projects] INFO  o.e.m.c.i.e.AbstractTransferListenerAdapter - Downloaded https://repo.maven.apache.org/maven2/org/apache/pulsar/pulsar-bom/4.1.2/pulsar-bom-4.1.2.pom
2026-04-09 22:32:43,275 [Worker-2: reload maven project] INFO  o.e.m.c.i.e.AbstractTransferListenerAdapter - Downloaded https://repo.maven.apache.org/maven2/io/projectreactor/reactor-bom/2025.0.2/reactor-bom-2025.0.2.pom
2026-04-09 22:32:43,413 [Worker-3: Importing Maven projects] INFO  o.e.m.c.i.e.AbstractTransferListenerAdapter - Downloaded https://repo.maven.apache.org/maven2/io/projectreactor/reactor-bom/2025.0.2/reactor-bom-2025.0.2.pom
2026-04-09 22:32:43,448 [Worker-2: reload maven project] INFO  o.e.m.c.i.e.AbstractTransferListenerAdapter - Downloaded https://repo.maven.apache.org/maven2/org/springframework/batch/spring-batch-bom/6.0.2/spring-batch-bom-6.0.2.pom
2026-04-09 22:32:43,607 [Worker-3: Importing Maven projects] INFO  o.e.m.c.i.e.AbstractTransferListenerAdapter - Downloaded https://repo.maven.apache.org/maven2/org/springframework/batch/spring-batch-bom/6.0.2/spring-batch-bom-6.0.2.pom
2026-04-09 22:32:43,667 [Worker-2: reload maven project] INFO  o.e.m.c.i.e.AbstractTransferListenerAdapter - Downloaded https://repo.maven.apache.org/maven2/org/springframework/data/spring-data-bom/2025.1.2/spring-data-bom-2025.1.2.pom
2026-04-09 22:32:43,847 [Worker-2: reload maven project] INFO  o.e.m.c.i.e.AbstractTransferListenerAdapter - Downloaded https://repo.maven.apache.org/maven2/org/springframework/spring-framework-bom/7.0.3/spring-framework-bom-7.0.3.pom
2026-04-09 22:32:43,854 [Worker-3: Importing Maven projects] INFO  o.e.m.c.i.e.AbstractTransferListenerAdapter - Downloaded https://repo.maven.apache.org/maven2/org/springframework/data/spring-data-bom/2025.1.2/spring-data-bom-2025.1.2.pom
2026-04-09 22:32:44,039 [Worker-2: reload maven project] INFO  o.e.m.c.i.e.AbstractTransferListenerAdapter - Downloaded https://repo.maven.apache.org/maven2/org/springframework/integration/spring-integration-bom/7.0.2/spring-integration-bom-7.0.2.pom
2026-04-09 22:32:44,105 [Worker-3: Importing Maven projects] INFO  o.e.m.c.i.e.AbstractTransferListenerAdapter - Downloaded https://repo.maven.apache.org/maven2/org/springframework/integration/spring-integration-bom/7.0.2/spring-integration-bom-7.0.2.pom
2026-04-09 22:32:44,186 [Worker-2: reload maven project] INFO  o.e.m.c.i.e.AbstractTransferListenerAdapter - Downloaded https://repo.maven.apache.org/maven2/org/springframework/pulsar/spring-pulsar-bom/2.0.2/spring-pulsar-bom-2.0.2.pom
2026-04-09 22:32:44,313 [Worker-3: Importing Maven projects] INFO  o.e.m.c.i.e.AbstractTransferListenerAdapter - Downloaded https://repo.maven.apache.org/maven2/org/springframework/pulsar/spring-pulsar-bom/2.0.2/spring-pulsar-bom-2.0.2.pom
2026-04-09 22:32:44,349 [Worker-2: reload maven project] INFO  o.e.m.c.i.e.AbstractTransferListenerAdapter - Downloaded https://repo.maven.apache.org/maven2/org/springframework/security/spring-security-bom/7.0.2/spring-security-bom-7.0.2.pom
2026-04-09 22:32:44,503 [Worker-2: reload maven project] INFO  o.e.m.c.i.e.AbstractTransferListenerAdapter - Downloaded https://repo.maven.apache.org/maven2/org/springframework/session/spring-session-bom/4.0.1/spring-session-bom-4.0.1.pom
2026-04-09 22:32:44,510 [Worker-3: Importing Maven projects] INFO  o.e.m.c.i.e.AbstractTransferListenerAdapter - Downloaded https://repo.maven.apache.org/maven2/org/springframework/security/spring-security-bom/7.0.2/spring-security-bom-7.0.2.pom
2026-04-09 22:32:44,700 [Worker-2: reload maven project] INFO  o.e.m.c.i.e.AbstractTransferListenerAdapter - Downloaded https://repo.maven.apache.org/maven2/org/springframework/ws/spring-ws-bom/5.0.0/spring-ws-bom-5.0.0.pom
2026-04-09 22:32:44,708 [Worker-3: Importing Maven projects] INFO  o.e.m.c.i.e.AbstractTransferListenerAdapter - Downloaded https://repo.maven.apache.org/maven2/org/springframework/ws/spring-ws-bom/5.0.0/spring-ws-bom-5.0.0.pom
2026-04-09 22:32:44,930 [Worker-2: reload maven project] INFO  o.e.m.c.i.e.AbstractTransferListenerAdapter - Downloaded https://repo.maven.apache.org/maven2/org/springframework/cloud/spring-cloud-starter/5.0.1/spring-cloud-starter-5.0.1.pom
2026-04-09 22:32:44,961 [Worker-3: Importing Maven projects] INFO  o.e.m.c.i.e.AbstractTransferListenerAdapter - Downloaded https://repo.maven.apache.org/maven2/org/springframework/cloud/spring-cloud-starter/5.0.1/spring-cloud-starter-5.0.1.pom
2026-04-09 22:32:45,190 [Worker-2: reload maven project] INFO  o.e.m.c.i.e.AbstractTransferListenerAdapter - Downloaded https://repo.maven.apache.org/maven2/org/springframework/cloud/spring-cloud-commons-parent/5.0.1/spring-cloud-commons-parent-5.0.1.pom
2026-04-09 22:32:45,234 [Worker-3: Importing Maven projects] INFO  o.e.m.c.i.e.AbstractTransferListenerAdapter - Downloaded https://repo.maven.apache.org/maven2/org/springframework/cloud/spring-cloud-commons-parent/5.0.1/spring-cloud-commons-parent-5.0.1.pom
2026-04-09 22:32:45,429 [Worker-2: reload maven project] INFO  o.e.m.c.i.e.AbstractTransferListenerAdapter - Downloaded https://repo.maven.apache.org/maven2/org/springframework/cloud/spring-cloud-context/5.0.1/spring-cloud-context-5.0.1.pom
2026-04-09 22:32:45,484 [Worker-3: Importing Maven projects] INFO  o.e.m.c.i.e.AbstractTransferListenerAdapter - Downloaded https://repo.maven.apache.org/maven2/org/springframework/cloud/spring-cloud-context/5.0.1/spring-cloud-context-5.0.1.pom
2026-04-09 22:32:45,647 [Worker-2: reload maven project] INFO  o.e.m.c.i.e.AbstractTransferListenerAdapter - Downloaded https://repo.maven.apache.org/maven2/org/springframework/boot/spring-boot-restclient/4.0.5/spring-boot-restclient-4.0.5.pom
2026-04-09 22:32:45,708 [Worker-3: Importing Maven projects] INFO  o.e.m.c.i.e.AbstractTransferListenerAdapter - Downloaded https://repo.maven.apache.org/maven2/org/springframework/boot/spring-boot-restclient/4.0.5/spring-boot-restclient-4.0.5.pom
2026-04-09 22:32:45,829 [Worker-2: reload maven project] INFO  o.e.m.c.i.e.AbstractTransferListenerAdapter - Downloaded https://repo.maven.apache.org/maven2/org/springframework/boot/spring-boot-http-client/4.0.5/spring-boot-http-client-4.0.5.pom
2026-04-09 22:32:45,903 [Worker-3: Importing Maven projects] INFO  o.e.m.c.i.e.AbstractTransferListenerAdapter - Downloaded https://repo.maven.apache.org/maven2/org/springframework/boot/spring-boot-http-client/4.0.5/spring-boot-http-client-4.0.5.pom
2026-04-09 22:32:45,990 [Worker-2: reload maven project] INFO  o.e.m.c.i.e.AbstractTransferListenerAdapter - Downloaded https://repo.maven.apache.org/maven2/org/springframework/security/spring-security-crypto/7.0.4/spring-security-crypto-7.0.4.pom
2026-04-09 22:32:46,091 [Worker-3: Importing Maven projects] INFO  o.e.m.c.i.e.AbstractTransferListenerAdapter - Downloaded https://repo.maven.apache.org/maven2/org/springframework/security/spring-security-crypto/7.0.4/spring-security-crypto-7.0.4.pom
2026-04-09 22:32:46,198 [Worker-2: reload maven project] INFO  o.e.m.c.i.e.AbstractTransferListenerAdapter - Downloaded https://repo.maven.apache.org/maven2/org/springframework/cloud/spring-cloud-commons/5.0.1/spring-cloud-commons-5.0.1.pom
2026-04-09 22:32:46,269 [Worker-3: Importing Maven projects] INFO  o.e.m.c.i.e.AbstractTransferListenerAdapter - Downloaded https://repo.maven.apache.org/maven2/org/springframework/cloud/spring-cloud-commons/5.0.1/spring-cloud-commons-5.0.1.pom
2026-04-09 22:32:46,409 [Worker-2: reload maven project] INFO  o.e.m.c.i.e.AbstractTransferListenerAdapter - Downloaded https://repo.maven.apache.org/maven2/org/bouncycastle/bcprov-jdk18on/1.81/bcprov-jdk18on-1.81.pom
2026-04-09 22:32:46,477 [Worker-3: Importing Maven projects] INFO  o.e.m.c.i.e.AbstractTransferListenerAdapter - Downloaded https://repo.maven.apache.org/maven2/org/bouncycastle/bcprov-jdk18on/1.81/bcprov-jdk18on-1.81.pom
2026-04-09 22:32:46,647 [Worker-3: Importing Maven projects] INFO  o.e.m.c.i.e.AbstractTransferListenerAdapter - Downloaded https://repo.maven.apache.org/maven2/org/springframework/cloud/spring-cloud-netflix-eureka-server/5.0.1/spring-cloud-netflix-eureka-server-5.0.1.pom
2026-04-09 22:32:46,811 [Worker-2: reload maven project] INFO  o.e.m.c.i.e.AbstractTransferListenerAdapter - Downloaded https://repo.maven.apache.org/maven2/org/springframework/cloud/spring-cloud-netflix-eureka-server/5.0.1/spring-cloud-netflix-eureka-server-5.0.1.pom
2026-04-09 22:32:46,850 [Worker-3: Importing Maven projects] INFO  o.e.m.c.i.e.AbstractTransferListenerAdapter - Downloaded https://repo.maven.apache.org/maven2/org/springframework/boot/spring-boot-starter-web/4.0.5/spring-boot-starter-web-4.0.5.pom
2026-04-09 22:32:46,925 [Worker-2: reload maven project] INFO  o.e.m.c.i.e.AbstractTransferListenerAdapter - Downloaded https://repo.maven.apache.org/maven2/org/springframework/boot/spring-boot-starter-web/4.0.5/spring-boot-starter-web-4.0.5.pom
2026-04-09 22:32:47,056 [Worker-3: Importing Maven projects] INFO  o.e.m.c.i.e.AbstractTransferListenerAdapter - Downloaded https://repo.maven.apache.org/maven2/org/springframework/boot/spring-boot-starter-actuator/4.0.5/spring-boot-starter-actuator-4.0.5.pom
2026-04-09 22:32:47,079 [Worker-2: reload maven project] INFO  o.e.m.c.i.e.AbstractTransferListenerAdapter - Downloaded https://repo.maven.apache.org/maven2/org/springframework/boot/spring-boot-starter-actuator/4.0.5/spring-boot-starter-actuator-4.0.5.pom
2026-04-09 22:32:47,301 [Worker-2: reload maven project] INFO  o.e.m.c.i.e.AbstractTransferListenerAdapter - Downloaded https://repo.maven.apache.org/maven2/org/springframework/boot/spring-boot-starter-micrometer-metrics/4.0.5/spring-boot-starter-micrometer-metrics-4.0.5.pom
2026-04-09 22:32:47,322 [Worker-3: Importing Maven projects] INFO  o.e.m.c.i.e.AbstractTransferListenerAdapter - Downloaded https://repo.maven.apache.org/maven2/org/springframework/boot/spring-boot-starter-micrometer-metrics/4.0.5/spring-boot-starter-micrometer-metrics-4.0.5.pom
2026-04-09 22:32:47,449 [Worker-2: reload maven project] INFO  o.e.m.c.i.e.AbstractTransferListenerAdapter - Downloaded https://repo.maven.apache.org/maven2/org/springframework/boot/spring-boot-micrometer-metrics/4.0.5/spring-boot-micrometer-metrics-4.0.5.pom
2026-04-09 22:32:47,551 [Worker-3: Importing Maven projects] INFO  o.e.m.c.i.e.AbstractTransferListenerAdapter - Downloaded https://repo.maven.apache.org/maven2/org/springframework/boot/spring-boot-micrometer-metrics/4.0.5/spring-boot-micrometer-metrics-4.0.5.pom
2026-04-09 22:32:47,602 [Worker-2: reload maven project] INFO  o.e.m.c.i.e.AbstractTransferListenerAdapter - Downloaded https://repo.maven.apache.org/maven2/org/springframework/boot/spring-boot-micrometer-observation/4.0.5/spring-boot-micrometer-observation-4.0.5.pom
2026-04-09 22:32:47,723 [Worker-3: Importing Maven projects] INFO  o.e.m.c.i.e.AbstractTransferListenerAdapter - Downloaded https://repo.maven.apache.org/maven2/org/springframework/boot/spring-boot-micrometer-observation/4.0.5/spring-boot-micrometer-observation-4.0.5.pom
2026-04-09 22:32:47,771 [Worker-2: reload maven project] INFO  o.e.m.c.i.e.AbstractTransferListenerAdapter - Downloaded https://repo.maven.apache.org/maven2/io/micrometer/micrometer-core/1.16.4/micrometer-core-1.16.4.pom
2026-04-09 22:32:47,923 [Worker-2: reload maven project] INFO  o.e.m.c.i.e.AbstractTransferListenerAdapter - Downloaded https://repo.maven.apache.org/maven2/org/hdrhistogram/HdrHistogram/2.2.2/HdrHistogram-2.2.2.pom
2026-04-09 22:32:47,930 [Worker-3: Importing Maven projects] INFO  o.e.m.c.i.e.AbstractTransferListenerAdapter - Downloaded https://repo.maven.apache.org/maven2/io/micrometer/micrometer-core/1.16.4/micrometer-core-1.16.4.pom
2026-04-09 22:32:48,071 [Worker-2: reload maven project] INFO  o.e.m.c.i.e.AbstractTransferListenerAdapter - Downloaded https://repo.maven.apache.org/maven2/org/latencyutils/LatencyUtils/2.0.3/LatencyUtils-2.0.3.pom
2026-04-09 22:32:48,164 [Worker-3: Importing Maven projects] INFO  o.e.m.c.i.e.AbstractTransferListenerAdapter - Downloaded https://repo.maven.apache.org/maven2/org/latencyutils/LatencyUtils/2.0.3/LatencyUtils-2.0.3.pom
2026-04-09 22:32:48,261 [Worker-2: reload maven project] INFO  o.e.m.c.i.e.AbstractTransferListenerAdapter - Downloaded https://repo.maven.apache.org/maven2/org/springframework/boot/spring-boot-actuator-autoconfigure/4.0.5/spring-boot-actuator-autoconfigure-4.0.5.pom
2026-04-09 22:32:48,351 [Worker-3: Importing Maven projects] INFO  o.e.m.c.i.e.AbstractTransferListenerAdapter - Downloaded https://repo.maven.apache.org/maven2/org/springframework/boot/spring-boot-actuator-autoconfigure/4.0.5/spring-boot-actuator-autoconfigure-4.0.5.pom
2026-04-09 22:32:48,426 [Worker-2: reload maven project] INFO  o.e.m.c.i.e.AbstractTransferListenerAdapter - Downloaded https://repo.maven.apache.org/maven2/org/springframework/boot/spring-boot-actuator/4.0.5/spring-boot-actuator-4.0.5.pom
2026-04-09 22:32:48,531 [Worker-3: Importing Maven projects] INFO  o.e.m.c.i.e.AbstractTransferListenerAdapter - Downloaded https://repo.maven.apache.org/maven2/org/springframework/boot/spring-boot-actuator/4.0.5/spring-boot-actuator-4.0.5.pom
2026-04-09 22:32:48,621 [Worker-2: reload maven project] INFO  o.e.m.c.i.e.AbstractTransferListenerAdapter - Downloaded https://repo.maven.apache.org/maven2/org/springframework/boot/spring-boot-health/4.0.5/spring-boot-health-4.0.5.pom
2026-04-09 22:32:48,686 [Worker-3: Importing Maven projects] INFO  o.e.m.c.i.e.AbstractTransferListenerAdapter - Downloaded https://repo.maven.apache.org/maven2/org/springframework/boot/spring-boot-health/4.0.5/spring-boot-health-4.0.5.pom
2026-04-09 22:32:48,776 [Worker-2: reload maven project] INFO  o.e.m.c.i.e.AbstractTransferListenerAdapter - Downloaded https://repo.maven.apache.org/maven2/io/micrometer/micrometer-jakarta9/1.16.4/micrometer-jakarta9-1.16.4.pom
2026-04-09 22:32:48,865 [Worker-3: Importing Maven projects] INFO  o.e.m.c.i.e.AbstractTransferListenerAdapter - Downloaded https://repo.maven.apache.org/maven2/io/micrometer/micrometer-jakarta9/1.16.4/micrometer-jakarta9-1.16.4.pom
2026-04-09 22:32:48,946 [Worker-2: reload maven project] INFO  o.e.m.c.i.e.AbstractTransferListenerAdapter - Downloaded https://repo.maven.apache.org/maven2/org/springframework/boot/spring-boot-starter-freemarker/4.0.5/spring-boot-starter-freemarker-4.0.5.pom
2026-04-09 22:32:49,012 [Worker-3: Importing Maven projects] INFO  o.e.m.c.i.e.AbstractTransferListenerAdapter - Downloaded https://repo.maven.apache.org/maven2/org/springframework/boot/spring-boot-starter-freemarker/4.0.5/spring-boot-starter-freemarker-4.0.5.pom
2026-04-09 22:32:49,110 [Worker-2: reload maven project] INFO  o.e.m.c.i.e.AbstractTransferListenerAdapter - Downloaded https://repo.maven.apache.org/maven2/org/springframework/boot/spring-boot-freemarker/4.0.5/spring-boot-freemarker-4.0.5.pom
2026-04-09 22:32:49,155 [Worker-3: Importing Maven projects] INFO  o.e.m.c.i.e.AbstractTransferListenerAdapter - Downloaded https://repo.maven.apache.org/maven2/org/springframework/boot/spring-boot-freemarker/4.0.5/spring-boot-freemarker-4.0.5.pom
2026-04-09 22:32:49,283 [Worker-2: reload maven project] INFO  o.e.m.c.i.e.AbstractTransferListenerAdapter - Downloaded https://repo.maven.apache.org/maven2/org/freemarker/freemarker/2.3.34/freemarker-2.3.34.pom
2026-04-09 22:32:49,349 [Worker-3: Importing Maven projects] INFO  o.e.m.c.i.e.AbstractTransferListenerAdapter - Downloaded https://repo.maven.apache.org/maven2/org/freemarker/freemarker/2.3.34/freemarker-2.3.34.pom
2026-04-09 22:32:49,423 [Worker-2: reload maven project] INFO  o.e.m.c.i.e.AbstractTransferListenerAdapter - Downloaded https://repo.maven.apache.org/maven2/org/springframework/spring-context-support/7.0.6/spring-context-support-7.0.6.pom
2026-04-09 22:32:49,525 [Worker-3: Importing Maven projects] INFO  o.e.m.c.i.e.AbstractTransferListenerAdapter - Downloaded https://repo.maven.apache.org/maven2/org/springframework/spring-context-support/7.0.6/spring-context-support-7.0.6.pom
2026-04-09 22:32:49,581 [Worker-2: reload maven project] INFO  o.e.m.c.i.e.AbstractTransferListenerAdapter - Downloaded https://repo.maven.apache.org/maven2/org/springframework/cloud/spring-cloud-netflix-eureka-client/5.0.1/spring-cloud-netflix-eureka-client-5.0.1.pom
2026-04-09 22:32:49,724 [Worker-3: Importing Maven projects] INFO  o.e.m.c.i.e.AbstractTransferListenerAdapter - Downloaded https://repo.maven.apache.org/maven2/org/springframework/cloud/spring-cloud-netflix-eureka-client/5.0.1/spring-cloud-netflix-eureka-client-5.0.1.pom
2026-04-09 22:32:49,769 [Worker-2: reload maven project] INFO  o.e.m.c.i.e.AbstractTransferListenerAdapter - Downloaded https://repo.maven.apache.org/maven2/org/springframework/boot/spring-boot-jackson2/4.0.5/spring-boot-jackson2-4.0.5.pom
2026-04-09 22:32:49,949 [Worker-3: Importing Maven projects] INFO  o.e.m.c.i.e.AbstractTransferListenerAdapter - Downloaded https://repo.maven.apache.org/maven2/org/springframework/boot/spring-boot-jackson2/4.0.5/spring-boot-jackson2-4.0.5.pom
2026-04-09 22:32:49,953 [Worker-2: reload maven project] INFO  o.e.m.c.i.e.AbstractTransferListenerAdapter - Downloaded https://repo.maven.apache.org/maven2/com/netflix/eureka/eureka-client/2.0.5/eureka-client-2.0.5.pom
2026-04-09 22:32:50,121 [Worker-2: reload maven project] INFO  o.e.m.c.i.e.AbstractTransferListenerAdapter - Downloaded https://repo.maven.apache.org/maven2/com/thoughtworks/xstream/xstream/1.4.21/xstream-1.4.21.pom
2026-04-09 22:32:50,335 [Worker-3: Importing Maven projects] INFO  o.e.m.c.i.e.AbstractTransferListenerAdapter - Downloaded https://repo.maven.apache.org/maven2/com/thoughtworks/xstream/xstream/1.4.21/xstream-1.4.21.pom
2026-04-09 22:32:50,633 [Worker-2: reload maven project] INFO  o.e.m.c.i.e.AbstractTransferListenerAdapter - Downloaded https://repo.maven.apache.org/maven2/com/thoughtworks/xstream/xstream-parent/1.4.21/xstream-parent-1.4.21.pom
2026-04-09 22:32:50,834 [Worker-3: Importing Maven projects] INFO  o.e.m.c.i.e.AbstractTransferListenerAdapter - Downloaded https://repo.maven.apache.org/maven2/com/thoughtworks/xstream/xstream-parent/1.4.21/xstream-parent-1.4.21.pom
2026-04-09 22:32:51,039 [Worker-2: reload maven project] INFO  o.e.m.c.i.e.AbstractTransferListenerAdapter - Downloaded https://repo.maven.apache.org/maven2/io/github/x-stream/mxparser/1.2.2/mxparser-1.2.2.pom
2026-04-09 22:32:51,149 [Worker-3: Importing Maven projects] INFO  o.e.m.c.i.e.AbstractTransferListenerAdapter - Downloaded https://repo.maven.apache.org/maven2/io/github/x-stream/mxparser/1.2.2/mxparser-1.2.2.pom
2026-04-09 22:32:51,188 [Worker-2: reload maven project] INFO  o.e.m.c.i.e.AbstractTransferListenerAdapter - Downloaded https://repo.maven.apache.org/maven2/xmlpull/xmlpull/1.1.3.1/xmlpull-1.1.3.1.pom
2026-04-09 22:32:51,535 [Worker-2: reload maven project] INFO  o.e.m.c.i.e.AbstractTransferListenerAdapter - Downloaded https://repo.maven.apache.org/maven2/jakarta/ws/rs/jakarta.ws.rs-api/4.0.0/jakarta.ws.rs-api-4.0.0.pom
2026-04-09 22:32:51,679 [Worker-3: Importing Maven projects] INFO  o.e.m.c.i.e.AbstractTransferListenerAdapter - Downloaded https://repo.maven.apache.org/maven2/jakarta/ws/rs/jakarta.ws.rs-api/4.0.0/jakarta.ws.rs-api-4.0.0.pom
2026-04-09 22:32:51,891 [Worker-2: reload maven project] INFO  o.e.m.c.i.e.AbstractTransferListenerAdapter - Downloaded https://repo.maven.apache.org/maven2/jakarta/ws/rs/all/4.0.0/all-4.0.0.pom
2026-04-09 22:32:52,007 [Worker-3: Importing Maven projects] INFO  o.e.m.c.i.e.AbstractTransferListenerAdapter - Downloaded https://repo.maven.apache.org/maven2/jakarta/ws/rs/all/4.0.0/all-4.0.0.pom
2026-04-09 22:32:52,082 [Worker-2: reload maven project] INFO  o.e.m.c.i.e.AbstractTransferListenerAdapter - Downloaded https://repo.maven.apache.org/maven2/com/netflix/spectator/spectator-api/1.7.3/spectator-api-1.7.3.pom
2026-04-09 22:32:52,215 [Worker-3: Importing Maven projects] INFO  o.e.m.c.i.e.AbstractTransferListenerAdapter - Downloaded https://repo.maven.apache.org/maven2/com/netflix/spectator/spectator-api/1.7.3/spectator-api-1.7.3.pom
2026-04-09 22:32:52,237 [Worker-2: reload maven project] INFO  o.e.m.c.i.e.AbstractTransferListenerAdapter - Downloaded https://repo.maven.apache.org/maven2/org/apache/httpcomponents/httpclient/4.5.3/httpclient-4.5.3.pom
2026-04-09 22:32:52,390 [Worker-3: Importing Maven projects] INFO  o.e.m.c.i.e.AbstractTransferListenerAdapter - Downloaded https://repo.maven.apache.org/maven2/org/apache/httpcomponents/httpclient/4.5.3/httpclient-4.5.3.pom
2026-04-09 22:32:52,390 [Worker-2: reload maven project] INFO  o.e.m.c.i.e.AbstractTransferListenerAdapter - Downloaded https://repo.maven.apache.org/maven2/org/apache/httpcomponents/httpcomponents-client/4.5.3/httpcomponents-client-4.5.3.pom
2026-04-09 22:32:52,547 [Worker-2: reload maven project] INFO  o.e.m.c.i.e.AbstractTransferListenerAdapter - Downloaded https://repo.maven.apache.org/maven2/org/apache/httpcomponents/project/7/project-7.pom
2026-04-09 22:32:52,587 [Worker-3: Importing Maven projects] INFO  o.e.m.c.i.e.AbstractTransferListenerAdapter - Downloaded https://repo.maven.apache.org/maven2/org/apache/httpcomponents/project/7/project-7.pom
2026-04-09 22:32:52,719 [Worker-2: reload maven project] INFO  o.e.m.c.i.e.AbstractTransferListenerAdapter - Downloaded https://repo.maven.apache.org/maven2/org/apache/httpcomponents/httpcore/4.4.16/httpcore-4.4.16.pom
2026-04-09 22:32:52,778 [Worker-3: Importing Maven projects] INFO  o.e.m.c.i.e.AbstractTransferListenerAdapter - Downloaded https://repo.maven.apache.org/maven2/org/apache/httpcomponents/httpcore/4.4.16/httpcore-4.4.16.pom
2026-04-09 22:32:52,877 [Worker-2: reload maven project] INFO  o.e.m.c.i.e.AbstractTransferListenerAdapter - Downloaded https://repo.maven.apache.org/maven2/org/apache/httpcomponents/httpcomponents-core/4.4.16/httpcomponents-core-4.4.16.pom
2026-04-09 22:32:53,047 [Worker-2: reload maven project] INFO  o.e.m.c.i.e.AbstractTransferListenerAdapter - Downloaded https://repo.maven.apache.org/maven2/org/apache/httpcomponents/httpcomponents-parent/11/httpcomponents-parent-11.pom
2026-04-09 22:32:53,075 [Worker-3: Importing Maven projects] INFO  o.e.m.c.i.e.AbstractTransferListenerAdapter - Downloaded https://repo.maven.apache.org/maven2/org/apache/httpcomponents/httpcomponents-core/4.4.16/httpcomponents-core-4.4.16.pom
2026-04-09 22:32:53,274 [Worker-2: reload maven project] INFO  o.e.m.c.i.e.AbstractTransferListenerAdapter - Downloaded https://repo.maven.apache.org/maven2/commons-codec/commons-codec/1.19.0/commons-codec-1.19.0.pom
2026-04-09 22:32:53,316 [Worker-3: Importing Maven projects] INFO  o.e.m.c.i.e.AbstractTransferListenerAdapter - Downloaded https://repo.maven.apache.org/maven2/commons-codec/commons-codec/1.19.0/commons-codec-1.19.0.pom
2026-04-09 22:32:53,470 [Worker-2: reload maven project] INFO  o.e.m.c.i.e.AbstractTransferListenerAdapter - Downloaded https://repo.maven.apache.org/maven2/org/apache/commons/commons-parent/85/commons-parent-85.pom
2026-04-09 22:32:53,542 [Worker-3: Importing Maven projects] INFO  o.e.m.c.i.e.AbstractTransferListenerAdapter - Downloaded https://repo.maven.apache.org/maven2/org/apache/commons/commons-parent/85/commons-parent-85.pom
2026-04-09 22:32:53,666 [Worker-2: reload maven project] INFO  o.e.m.c.i.e.AbstractTransferListenerAdapter - Downloaded https://repo.maven.apache.org/maven2/commons-configuration/commons-configuration/1.10/commons-configuration-1.10.pom
2026-04-09 22:32:53,775 [Worker-3: Importing Maven projects] INFO  o.e.m.c.i.e.AbstractTransferListenerAdapter - Downloaded https://repo.maven.apache.org/maven2/commons-configuration/commons-configuration/1.10/commons-configuration-1.10.pom
2026-04-09 22:32:53,847 [Worker-2: reload maven project] INFO  o.e.m.c.i.e.AbstractTransferListenerAdapter - Downloaded https://repo.maven.apache.org/maven2/org/apache/commons/commons-parent/32/commons-parent-32.pom
2026-04-09 22:32:53,993 [Worker-3: Importing Maven projects] INFO  o.e.m.c.i.e.AbstractTransferListenerAdapter - Downloaded https://repo.maven.apache.org/maven2/org/apache/commons/commons-parent/32/commons-parent-32.pom
2026-04-09 22:32:54,043 [Worker-2: reload maven project] INFO  o.e.m.c.i.e.AbstractTransferListenerAdapter - Downloaded https://repo.maven.apache.org/maven2/commons-lang/commons-lang/2.6/commons-lang-2.6.pom
2026-04-09 22:32:54,229 [Worker-2: reload maven project] INFO  o.e.m.c.i.e.AbstractTransferListenerAdapter - Downloaded https://repo.maven.apache.org/maven2/org/apache/commons/commons-parent/17/commons-parent-17.pom
2026-04-09 22:32:54,235 [Worker-3: Importing Maven projects] INFO  o.e.m.c.i.e.AbstractTransferListenerAdapter - Downloaded https://repo.maven.apache.org/maven2/commons-lang/commons-lang/2.6/commons-lang-2.6.pom
2026-04-09 22:32:54,414 [Worker-2: reload maven project] INFO  o.e.m.c.i.e.AbstractTransferListenerAdapter - Downloaded https://repo.maven.apache.org/maven2/org/apache/apache/7/apache-7.pom
2026-04-09 22:32:54,467 [Worker-3: Importing Maven projects] INFO  o.e.m.c.i.e.AbstractTransferListenerAdapter - Downloaded https://repo.maven.apache.org/maven2/org/apache/apache/7/apache-7.pom
2026-04-09 22:32:54,583 [Worker-2: reload maven project] INFO  o.e.m.c.i.e.AbstractTransferListenerAdapter - Downloaded https://repo.maven.apache.org/maven2/com/netflix/netflix-commons/netflix-eventbus/0.3.0/netflix-eventbus-0.3.0.pom
2026-04-09 22:32:54,655 [Worker-3: Importing Maven projects] INFO  o.e.m.c.i.e.AbstractTransferListenerAdapter - Downloaded https://repo.maven.apache.org/maven2/com/netflix/netflix-commons/netflix-eventbus/0.3.0/netflix-eventbus-0.3.0.pom
2026-04-09 22:32:54,764 [Worker-2: reload maven project] INFO  o.e.m.c.i.e.AbstractTransferListenerAdapter - Downloaded https://repo.maven.apache.org/maven2/com/netflix/netflix-commons/netflix-infix/0.3.0/netflix-infix-0.3.0.pom
2026-04-09 22:32:54,858 [Worker-3: Importing Maven projects] INFO  o.e.m.c.i.e.AbstractTransferListenerAdapter - Downloaded https://repo.maven.apache.org/maven2/com/netflix/netflix-commons/netflix-infix/0.3.0/netflix-infix-0.3.0.pom
2026-04-09 22:32:54,960 [Worker-2: reload maven project] INFO  o.e.m.c.i.e.AbstractTransferListenerAdapter - Downloaded https://repo.maven.apache.org/maven2/commons-jxpath/commons-jxpath/1.3/commons-jxpath-1.3.pom
2026-04-09 22:32:55,092 [Worker-3: Importing Maven projects] INFO  o.e.m.c.i.e.AbstractTransferListenerAdapter - Downloaded https://repo.maven.apache.org/maven2/commons-jxpath/commons-jxpath/1.3/commons-jxpath-1.3.pom
2026-04-09 22:32:55,129 [Worker-2: reload maven project] INFO  o.e.m.c.i.e.AbstractTransferListenerAdapter - Downloaded https://repo.maven.apache.org/maven2/org/apache/commons/commons-parent/11/commons-parent-11.pom
2026-04-09 22:32:55,391 [Worker-2: reload maven project] INFO  o.e.m.c.i.e.AbstractTransferListenerAdapter - Downloaded https://repo.maven.apache.org/maven2/joda-time/joda-time/2.3/joda-time-2.3.pom
2026-04-09 22:32:55,418 [Worker-3: Importing Maven projects] INFO  o.e.m.c.i.e.AbstractTransferListenerAdapter - Downloaded https://repo.maven.apache.org/maven2/joda-time/joda-time/2.3/joda-time-2.3.pom
2026-04-09 22:32:55,563 [Worker-2: reload maven project] INFO  o.e.m.c.i.e.AbstractTransferListenerAdapter - Downloaded https://repo.maven.apache.org/maven2/org/antlr/antlr-runtime/3.4/antlr-runtime-3.4.pom
2026-04-09 22:32:55,610 [Worker-3: Importing Maven projects] INFO  o.e.m.c.i.e.AbstractTransferListenerAdapter - Downloaded https://repo.maven.apache.org/maven2/org/antlr/antlr-runtime/3.4/antlr-runtime-3.4.pom
2026-04-09 22:32:55,755 [Worker-2: reload maven project] INFO  o.e.m.c.i.e.AbstractTransferListenerAdapter - Downloaded https://repo.maven.apache.org/maven2/org/antlr/antlr-master/3.4/antlr-master-3.4.pom
2026-04-09 22:32:55,807 [Worker-3: Importing Maven projects] INFO  o.e.m.c.i.e.AbstractTransferListenerAdapter - Downloaded https://repo.maven.apache.org/maven2/org/antlr/antlr-master/3.4/antlr-master-3.4.pom
2026-04-09 22:32:55,920 [Worker-2: reload maven project] INFO  o.e.m.c.i.e.AbstractTransferListenerAdapter - Downloaded https://repo.maven.apache.org/maven2/org/antlr/stringtemplate/3.2.1/stringtemplate-3.2.1.pom
2026-04-09 22:32:56,005 [Worker-3: Importing Maven projects] INFO  o.e.m.c.i.e.AbstractTransferListenerAdapter - Downloaded https://repo.maven.apache.org/maven2/org/antlr/stringtemplate/3.2.1/stringtemplate-3.2.1.pom
2026-04-09 22:32:56,112 [Worker-2: reload maven project] INFO  o.e.m.c.i.e.AbstractTransferListenerAdapter - Downloaded https://repo.maven.apache.org/maven2/com/google/code/gson/gson/2.13.2/gson-2.13.2.pom
2026-04-09 22:32:56,195 [Worker-3: Importing Maven projects] INFO  o.e.m.c.i.e.AbstractTransferListenerAdapter - Downloaded https://repo.maven.apache.org/maven2/com/google/code/gson/gson/2.13.2/gson-2.13.2.pom
2026-04-09 22:32:56,292 [Worker-2: reload maven project] INFO  o.e.m.c.i.e.AbstractTransferListenerAdapter - Downloaded https://repo.maven.apache.org/maven2/com/google/code/gson/gson-parent/2.13.2/gson-parent-2.13.2.pom
2026-04-09 22:32:56,443 [Worker-3: Importing Maven projects] INFO  o.e.m.c.i.e.AbstractTransferListenerAdapter - Downloaded https://repo.maven.apache.org/maven2/com/google/code/gson/gson-parent/2.13.2/gson-parent-2.13.2.pom
2026-04-09 22:32:56,468 [Worker-2: reload maven project] INFO  o.e.m.c.i.e.AbstractTransferListenerAdapter - Downloaded https://repo.maven.apache.org/maven2/com/google/errorprone/error_prone_annotations/2.41.0/error_prone_annotations-2.41.0.pom
2026-04-09 22:32:56,609 [Worker-2: reload maven project] INFO  o.e.m.c.i.e.AbstractTransferListenerAdapter - Downloaded https://repo.maven.apache.org/maven2/com/google/errorprone/error_prone_parent/2.41.0/error_prone_parent-2.41.0.pom
2026-04-09 22:32:56,677 [Worker-3: Importing Maven projects] INFO  o.e.m.c.i.e.AbstractTransferListenerAdapter - Downloaded https://repo.maven.apache.org/maven2/com/google/errorprone/error_prone_parent/2.41.0/error_prone_parent-2.41.0.pom
2026-04-09 22:32:56,768 [Worker-2: reload maven project] INFO  o.e.m.c.i.e.AbstractTransferListenerAdapter - Downloaded https://repo.maven.apache.org/maven2/com/netflix/servo/servo-core/0.5.3/servo-core-0.5.3.pom
2026-04-09 22:32:56,887 [Worker-3: Importing Maven projects] INFO  o.e.m.c.i.e.AbstractTransferListenerAdapter - Downloaded https://repo.maven.apache.org/maven2/com/netflix/servo/servo-core/0.5.3/servo-core-0.5.3.pom
2026-04-09 22:32:56,926 [Worker-2: reload maven project] INFO  o.e.m.c.i.e.AbstractTransferListenerAdapter - Downloaded https://repo.maven.apache.org/maven2/org/apache/commons/commons-math/2.2/commons-math-2.2.pom
2026-04-09 22:32:57,079 [Worker-2: reload maven project] INFO  o.e.m.c.i.e.AbstractTransferListenerAdapter - Downloaded https://repo.maven.apache.org/maven2/org/apache/commons/commons-parent/18/commons-parent-18.pom
2026-04-09 22:32:57,097 [Worker-3: Importing Maven projects] INFO  o.e.m.c.i.e.AbstractTransferListenerAdapter - Downloaded https://repo.maven.apache.org/maven2/org/apache/commons/commons-math/2.2/commons-math-2.2.pom
2026-04-09 22:32:57,285 [Worker-2: reload maven project] INFO  o.e.m.c.i.e.AbstractTransferListenerAdapter - Downloaded https://repo.maven.apache.org/maven2/javax/annotation/javax.annotation-api/1.2/javax.annotation-api-1.2.pom
2026-04-09 22:32:57,320 [Worker-3: Importing Maven projects] INFO  o.e.m.c.i.e.AbstractTransferListenerAdapter - Downloaded https://repo.maven.apache.org/maven2/javax/annotation/javax.annotation-api/1.2/javax.annotation-api-1.2.pom
2026-04-09 22:32:57,423 [Worker-2: reload maven project] INFO  o.e.m.c.i.e.AbstractTransferListenerAdapter - Downloaded https://repo.maven.apache.org/maven2/net/java/jvnet-parent/3/jvnet-parent-3.pom
2026-04-09 22:32:57,482 [Worker-3: Importing Maven projects] INFO  o.e.m.c.i.e.AbstractTransferListenerAdapter - Downloaded https://repo.maven.apache.org/maven2/net/java/jvnet-parent/3/jvnet-parent-3.pom
2026-04-09 22:32:57,563 [Worker-2: reload maven project] INFO  o.e.m.c.i.e.AbstractTransferListenerAdapter - Downloaded https://repo.maven.apache.org/maven2/org/codehaus/jettison/jettison/1.5.4/jettison-1.5.4.pom
2026-04-09 22:32:57,637 [Worker-3: Importing Maven projects] INFO  o.e.m.c.i.e.AbstractTransferListenerAdapter - Downloaded https://repo.maven.apache.org/maven2/org/codehaus/jettison/jettison/1.5.4/jettison-1.5.4.pom
2026-04-09 22:32:57,738 [Worker-2: reload maven project] INFO  o.e.m.c.i.e.AbstractTransferListenerAdapter - Downloaded https://repo.maven.apache.org/maven2/org/apache/httpcomponents/client5/httpclient5/5.5.2/httpclient5-5.5.2.pom
2026-04-09 22:32:57,828 [Worker-3: Importing Maven projects] INFO  o.e.m.c.i.e.AbstractTransferListenerAdapter - Downloaded https://repo.maven.apache.org/maven2/org/apache/httpcomponents/client5/httpclient5/5.5.2/httpclient5-5.5.2.pom
2026-04-09 22:32:57,931 [Worker-2: reload maven project] INFO  o.e.m.c.i.e.AbstractTransferListenerAdapter - Downloaded https://repo.maven.apache.org/maven2/org/apache/httpcomponents/client5/httpclient5-parent/5.5.2/httpclient5-parent-5.5.2.pom
2026-04-09 22:32:58,024 [Worker-3: Importing Maven projects] INFO  o.e.m.c.i.e.AbstractTransferListenerAdapter - Downloaded https://repo.maven.apache.org/maven2/org/apache/httpcomponents/client5/httpclient5-parent/5.5.2/httpclient5-parent-5.5.2.pom
2026-04-09 22:32:58,075 [Worker-2: reload maven project] INFO  o.e.m.c.i.e.AbstractTransferListenerAdapter - Downloaded https://repo.maven.apache.org/maven2/org/apache/httpcomponents/httpcomponents-parent/14/httpcomponents-parent-14.pom
2026-04-09 22:32:58,234 [Worker-2: reload maven project] INFO  o.e.m.c.i.e.AbstractTransferListenerAdapter - Downloaded https://repo.maven.apache.org/maven2/org/apache/apache/27/apache-27.pom
2026-04-09 22:32:58,266 [Worker-3: Importing Maven projects] INFO  o.e.m.c.i.e.AbstractTransferListenerAdapter - Downloaded https://repo.maven.apache.org/maven2/org/apache/apache/27/apache-27.pom
2026-04-09 22:32:58,380 [Worker-2: reload maven project] INFO  o.e.m.c.i.e.AbstractTransferListenerAdapter - Downloaded https://repo.maven.apache.org/maven2/org/junit/junit-bom/5.13.3/junit-bom-5.13.3.pom
2026-04-09 22:32:58,441 [Worker-3: Importing Maven projects] INFO  o.e.m.c.i.e.AbstractTransferListenerAdapter - Downloaded https://repo.maven.apache.org/maven2/org/junit/junit-bom/5.13.3/junit-bom-5.13.3.pom
2026-04-09 22:32:58,532 [Worker-2: reload maven project] INFO  o.e.m.c.i.e.AbstractTransferListenerAdapter - Downloaded https://repo.maven.apache.org/maven2/org/apache/httpcomponents/core5/httpcore5/5.3.6/httpcore5-5.3.6.pom
2026-04-09 22:32:58,626 [Worker-3: Importing Maven projects] INFO  o.e.m.c.i.e.AbstractTransferListenerAdapter - Downloaded https://repo.maven.apache.org/maven2/org/apache/httpcomponents/core5/httpcore5/5.3.6/httpcore5-5.3.6.pom
2026-04-09 22:32:58,720 [Worker-2: reload maven project] INFO  o.e.m.c.i.e.AbstractTransferListenerAdapter - Downloaded https://repo.maven.apache.org/maven2/org/apache/httpcomponents/core5/httpcore5-parent/5.3.6/httpcore5-parent-5.3.6.pom
2026-04-09 22:32:58,813 [Worker-3: Importing Maven projects] INFO  o.e.m.c.i.e.AbstractTransferListenerAdapter - Downloaded https://repo.maven.apache.org/maven2/org/apache/httpcomponents/core5/httpcore5-parent/5.3.6/httpcore5-parent-5.3.6.pom
2026-04-09 22:32:58,864 [Worker-2: reload maven project] INFO  o.e.m.c.i.e.AbstractTransferListenerAdapter - Downloaded https://repo.maven.apache.org/maven2/org/apache/httpcomponents/httpcomponents-parent/13/httpcomponents-parent-13.pom
2026-04-09 22:32:59,017 [Worker-2: reload maven project] INFO  o.e.m.c.i.e.AbstractTransferListenerAdapter - Downloaded https://repo.maven.apache.org/maven2/org/apache/httpcomponents/core5/httpcore5-h2/5.3.6/httpcore5-h2-5.3.6.pom
2026-04-09 22:32:59,033 [Worker-3: Importing Maven projects] INFO  o.e.m.c.i.e.AbstractTransferListenerAdapter - Downloaded https://repo.maven.apache.org/maven2/org/apache/httpcomponents/httpcomponents-parent/13/httpcomponents-parent-13.pom
2026-04-09 22:32:59,202 [Worker-2: reload maven project] INFO  o.e.m.c.i.e.AbstractTransferListenerAdapter - Downloaded https://repo.maven.apache.org/maven2/com/netflix/eureka/eureka-client-jersey3/2.0.5/eureka-client-jersey3-2.0.5.pom
2026-04-09 22:32:59,354 [Worker-3: Importing Maven projects] INFO  o.e.m.c.i.e.AbstractTransferListenerAdapter - Downloaded https://repo.maven.apache.org/maven2/com/netflix/eureka/eureka-client-jersey3/2.0.5/eureka-client-jersey3-2.0.5.pom
2026-04-09 22:32:59,370 [Worker-2: reload maven project] INFO  o.e.m.c.i.e.AbstractTransferListenerAdapter - Downloaded https://repo.maven.apache.org/maven2/org/glassfish/jersey/core/jersey-client/4.0.2/jersey-client-4.0.2.pom
2026-04-09 22:32:59,543 [Worker-2: reload maven project] INFO  o.e.m.c.i.e.AbstractTransferListenerAdapter - Downloaded https://repo.maven.apache.org/maven2/org/glassfish/jersey/project/4.0.2/project-4.0.2.pom
2026-04-09 22:32:59,622 [Worker-3: Importing Maven projects] INFO  o.e.m.c.i.e.AbstractTransferListenerAdapter - Downloaded https://repo.maven.apache.org/maven2/org/glassfish/jersey/core/jersey-client/4.0.2/jersey-client-4.0.2.pom
2026-04-09 22:32:59,701 [Worker-2: reload maven project] INFO  o.e.m.c.i.e.AbstractTransferListenerAdapter - Downloaded https://repo.maven.apache.org/maven2/org/glassfish/jersey/core/jersey-common/4.0.2/jersey-common-4.0.2.pom
2026-04-09 22:32:59,805 [Worker-3: Importing Maven projects] INFO  o.e.m.c.i.e.AbstractTransferListenerAdapter - Downloaded https://repo.maven.apache.org/maven2/org/glassfish/jersey/core/jersey-common/4.0.2/jersey-common-4.0.2.pom
2026-04-09 22:32:59,850 [Worker-2: reload maven project] INFO  o.e.m.c.i.e.AbstractTransferListenerAdapter - Downloaded https://repo.maven.apache.org/maven2/org/glassfish/hk2/osgi-resource-locator/3.0.0/osgi-resource-locator-3.0.0.pom
2026-04-09 22:33:00,004 [Worker-2: reload maven project] INFO  o.e.m.c.i.e.AbstractTransferListenerAdapter - Downloaded https://repo.maven.apache.org/maven2/org/glassfish/hk2/hk2-extra-parent/3.0.0/hk2-extra-parent-3.0.0.pom
2026-04-09 22:33:00,054 [Worker-3: Importing Maven projects] INFO  o.e.m.c.i.e.AbstractTransferListenerAdapter - Downloaded https://repo.maven.apache.org/maven2/org/glassfish/hk2/hk2-extra-parent/3.0.0/hk2-extra-parent-3.0.0.pom
2026-04-09 22:33:00,172 [Worker-2: reload maven project] INFO  o.e.m.c.i.e.AbstractTransferListenerAdapter - Downloaded https://repo.maven.apache.org/maven2/org/glassfish/jersey/inject/jersey-hk2/4.0.2/jersey-hk2-4.0.2.pom
2026-04-09 22:33:00,214 [Worker-3: Importing Maven projects] INFO  o.e.m.c.i.e.AbstractTransferListenerAdapter - Downloaded https://repo.maven.apache.org/maven2/org/glassfish/jersey/inject/jersey-hk2/4.0.2/jersey-hk2-4.0.2.pom
2026-04-09 22:33:00,323 [Worker-2: reload maven project] INFO  o.e.m.c.i.e.AbstractTransferListenerAdapter - Downloaded https://repo.maven.apache.org/maven2/org/glassfish/jersey/inject/project/4.0.2/project-4.0.2.pom
2026-04-09 22:33:00,358 [Worker-3: Importing Maven projects] INFO  o.e.m.c.i.e.AbstractTransferListenerAdapter - Downloaded https://repo.maven.apache.org/maven2/org/glassfish/jersey/inject/project/4.0.2/project-4.0.2.pom
2026-04-09 22:33:00,488 [Worker-2: reload maven project] INFO  o.e.m.c.i.e.AbstractTransferListenerAdapter - Downloaded https://repo.maven.apache.org/maven2/org/glassfish/hk2/hk2-locator/4.0.0-M3/hk2-locator-4.0.0-M3.pom
2026-04-09 22:33:00,520 [Worker-3: Importing Maven projects] INFO  o.e.m.c.i.e.AbstractTransferListenerAdapter - Downloaded https://repo.maven.apache.org/maven2/org/glassfish/hk2/hk2-locator/4.0.0-M3/hk2-locator-4.0.0-M3.pom
2026-04-09 22:33:00,645 [Worker-2: reload maven project] INFO  o.e.m.c.i.e.AbstractTransferListenerAdapter - Downloaded https://repo.maven.apache.org/maven2/org/glassfish/hk2/hk2-parent/4.0.0-M3/hk2-parent-4.0.0-M3.pom
2026-04-09 22:33:00,743 [Worker-3: Importing Maven projects] INFO  o.e.m.c.i.e.AbstractTransferListenerAdapter - Downloaded https://repo.maven.apache.org/maven2/org/glassfish/hk2/hk2-parent/4.0.0-M3/hk2-parent-4.0.0-M3.pom
2026-04-09 22:33:00,798 [Worker-2: reload maven project] INFO  o.e.m.c.i.e.AbstractTransferListenerAdapter - Downloaded https://repo.maven.apache.org/maven2/org/glassfish/hk2/external/aopalliance-repackaged/4.0.0-M3/aopalliance-repackaged-4.0.0-M3.pom
2026-04-09 22:33:00,922 [Worker-3: Importing Maven projects] INFO  o.e.m.c.i.e.AbstractTransferListenerAdapter - Downloaded https://repo.maven.apache.org/maven2/org/glassfish/hk2/external/aopalliance-repackaged/4.0.0-M3/aopalliance-repackaged-4.0.0-M3.pom
2026-04-09 22:33:00,949 [Worker-2: reload maven project] INFO  o.e.m.c.i.e.AbstractTransferListenerAdapter - Downloaded https://repo.maven.apache.org/maven2/org/glassfish/hk2/external/4.0.0-M3/external-4.0.0-M3.pom
2026-04-09 22:33:01,108 [Worker-3: Importing Maven projects] INFO  o.e.m.c.i.e.AbstractTransferListenerAdapter - Downloaded https://repo.maven.apache.org/maven2/org/glassfish/hk2/external/4.0.0-M3/external-4.0.0-M3.pom
2026-04-09 22:33:01,131 [Worker-2: reload maven project] INFO  o.e.m.c.i.e.AbstractTransferListenerAdapter - Downloaded https://repo.maven.apache.org/maven2/org/glassfish/hk2/hk2-api/4.0.0-M3/hk2-api-4.0.0-M3.pom
2026-04-09 22:33:01,280 [Worker-2: reload maven project] INFO  o.e.m.c.i.e.AbstractTransferListenerAdapter - Downloaded https://repo.maven.apache.org/maven2/org/glassfish/hk2/hk2-utils/4.0.0-M3/hk2-utils-4.0.0-M3.pom
2026-04-09 22:33:01,285 [Worker-3: Importing Maven projects] INFO  o.e.m.c.i.e.AbstractTransferListenerAdapter - Downloaded https://repo.maven.apache.org/maven2/org/glassfish/hk2/hk2-api/4.0.0-M3/hk2-api-4.0.0-M3.pom
2026-04-09 22:33:01,437 [Worker-2: reload maven project] INFO  o.e.m.c.i.e.AbstractTransferListenerAdapter - Downloaded https://repo.maven.apache.org/maven2/org/javassist/javassist/3.30.2-GA/javassist-3.30.2-GA.pom
2026-04-09 22:33:01,505 [Worker-3: Importing Maven projects] INFO  o.e.m.c.i.e.AbstractTransferListenerAdapter - Downloaded https://repo.maven.apache.org/maven2/org/javassist/javassist/3.30.2-GA/javassist-3.30.2-GA.pom
2026-04-09 22:33:01,603 [Worker-2: reload maven project] INFO  o.e.m.c.i.e.AbstractTransferListenerAdapter - Downloaded https://repo.maven.apache.org/maven2/org/glassfish/jersey/connectors/jersey-apache-connector/3.0.5/jersey-apache-connector-3.0.5.pom
2026-04-09 22:33:01,717 [Worker-3: Importing Maven projects] INFO  o.e.m.c.i.e.AbstractTransferListenerAdapter - Downloaded https://repo.maven.apache.org/maven2/org/glassfish/jersey/connectors/jersey-apache-connector/3.0.5/jersey-apache-connector-3.0.5.pom
2026-04-09 22:33:01,759 [Worker-2: reload maven project] INFO  o.e.m.c.i.e.AbstractTransferListenerAdapter - Downloaded https://repo.maven.apache.org/maven2/org/glassfish/jersey/connectors/project/3.0.5/project-3.0.5.pom
2026-04-09 22:33:01,924 [Worker-2: reload maven project] INFO  o.e.m.c.i.e.AbstractTransferListenerAdapter - Downloaded https://repo.maven.apache.org/maven2/org/glassfish/jersey/project/3.0.5/project-3.0.5.pom
2026-04-09 22:33:02,078 [Worker-2: reload maven project] INFO  o.e.m.c.i.e.AbstractTransferListenerAdapter - Downloaded https://repo.maven.apache.org/maven2/org/apache/httpcomponents/httpclient/4.5.13/httpclient-4.5.13.pom
2026-04-09 22:33:02,114 [Worker-3: Importing Maven projects] INFO  o.e.m.c.i.e.AbstractTransferListenerAdapter - Downloaded https://repo.maven.apache.org/maven2/org/glassfish/jersey/connectors/project/3.0.5/project-3.0.5.pom
2026-04-09 22:33:02,257 [Worker-2: reload maven project] INFO  o.e.m.c.i.e.AbstractTransferListenerAdapter - Downloaded https://repo.maven.apache.org/maven2/org/apache/httpcomponents/httpcomponents-client/4.5.13/httpcomponents-client-4.5.13.pom
2026-04-09 22:33:02,300 [Worker-3: Importing Maven projects] INFO  o.e.m.c.i.e.AbstractTransferListenerAdapter - Downloaded https://repo.maven.apache.org/maven2/org/apache/httpcomponents/httpcomponents-client/4.5.13/httpcomponents-client-4.5.13.pom
2026-04-09 22:33:02,403 [Worker-2: reload maven project] INFO  o.e.m.c.i.e.AbstractTransferListenerAdapter - Downloaded https://repo.maven.apache.org/maven2/com/netflix/eureka/eureka-core-jersey3/2.0.5/eureka-core-jersey3-2.0.5.pom
2026-04-09 22:33:02,504 [Worker-3: Importing Maven projects] INFO  o.e.m.c.i.e.AbstractTransferListenerAdapter - Downloaded https://repo.maven.apache.org/maven2/com/netflix/eureka/eureka-core-jersey3/2.0.5/eureka-core-jersey3-2.0.5.pom
2026-04-09 22:33:02,591 [Worker-2: reload maven project] INFO  o.e.m.c.i.e.AbstractTransferListenerAdapter - Downloaded https://repo.maven.apache.org/maven2/com/netflix/eureka/eureka-core/2.0.5/eureka-core-2.0.5.pom
2026-04-09 22:33:02,655 [Worker-3: Importing Maven projects] INFO  o.e.m.c.i.e.AbstractTransferListenerAdapter - Downloaded https://repo.maven.apache.org/maven2/com/netflix/eureka/eureka-core/2.0.5/eureka-core-2.0.5.pom
2026-04-09 22:33:02,787 [Worker-2: reload maven project] INFO  o.e.m.c.i.e.AbstractTransferListenerAdapter - Downloaded https://repo.maven.apache.org/maven2/com/fasterxml/woodstox/woodstox-core/6.4.0/woodstox-core-6.4.0.pom
2026-04-09 22:33:02,860 [Worker-3: Importing Maven projects] INFO  o.e.m.c.i.e.AbstractTransferListenerAdapter - Downloaded https://repo.maven.apache.org/maven2/com/fasterxml/woodstox/woodstox-core/6.4.0/woodstox-core-6.4.0.pom
2026-04-09 22:33:02,942 [Worker-2: reload maven project] INFO  o.e.m.c.i.e.AbstractTransferListenerAdapter - Downloaded https://repo.maven.apache.org/maven2/com/fasterxml/oss-parent/45/oss-parent-45.pom
2026-04-09 22:33:03,058 [Worker-3: Importing Maven projects] INFO  o.e.m.c.i.e.AbstractTransferListenerAdapter - Downloaded https://repo.maven.apache.org/maven2/com/fasterxml/oss-parent/45/oss-parent-45.pom
2026-04-09 22:33:03,110 [Worker-2: reload maven project] INFO  o.e.m.c.i.e.AbstractTransferListenerAdapter - Downloaded https://repo.maven.apache.org/maven2/org/codehaus/woodstox/stax2-api/4.2.1/stax2-api-4.2.1.pom
2026-04-09 22:33:03,259 [Worker-3: Importing Maven projects] INFO  o.e.m.c.i.e.AbstractTransferListenerAdapter - Downloaded https://repo.maven.apache.org/maven2/org/codehaus/woodstox/stax2-api/4.2.1/stax2-api-4.2.1.pom
2026-04-09 22:33:03,330 [Worker-2: reload maven project] INFO  o.e.m.c.i.e.AbstractTransferListenerAdapter - Downloaded https://repo.maven.apache.org/maven2/com/google/guava/guava/33.0.0-jre/guava-33.0.0-jre.pom
2026-04-09 22:33:03,496 [Worker-2: reload maven project] INFO  o.e.m.c.i.e.AbstractTransferListenerAdapter - Downloaded https://repo.maven.apache.org/maven2/com/google/guava/guava-parent/33.0.0-jre/guava-parent-33.0.0-jre.pom
2026-04-09 22:33:03,498 [Worker-3: Importing Maven projects] INFO  o.e.m.c.i.e.AbstractTransferListenerAdapter - Downloaded https://repo.maven.apache.org/maven2/com/google/guava/guava/33.0.0-jre/guava-33.0.0-jre.pom
2026-04-09 22:33:03,651 [Worker-2: reload maven project] INFO  o.e.m.c.i.e.AbstractTransferListenerAdapter - Downloaded https://repo.maven.apache.org/maven2/com/google/guava/failureaccess/1.0.2/failureaccess-1.0.2.pom
2026-04-09 22:33:03,682 [Worker-3: Importing Maven projects] INFO  o.e.m.c.i.e.AbstractTransferListenerAdapter - Downloaded https://repo.maven.apache.org/maven2/com/google/guava/failureaccess/1.0.2/failureaccess-1.0.2.pom
2026-04-09 22:33:03,805 [Worker-2: reload maven project] INFO  o.e.m.c.i.e.AbstractTransferListenerAdapter - Downloaded https://repo.maven.apache.org/maven2/com/google/guava/guava-parent/26.0-android/guava-parent-26.0-android.pom
2026-04-09 22:33:03,909 [Worker-3: Importing Maven projects] INFO  o.e.m.c.i.e.AbstractTransferListenerAdapter - Downloaded https://repo.maven.apache.org/maven2/com/google/guava/guava-parent/26.0-android/guava-parent-26.0-android.pom
2026-04-09 22:33:03,970 [Worker-2: reload maven project] INFO  o.e.m.c.i.e.AbstractTransferListenerAdapter - Downloaded https://repo.maven.apache.org/maven2/com/google/guava/listenablefuture/9999.0-empty-to-avoid-conflict-with-guava/listenablefuture-9999.0-empty-to-avoid-conflict-with-guava.pom
2026-04-09 22:33:04,082 [Worker-3: Importing Maven projects] INFO  o.e.m.c.i.e.AbstractTransferListenerAdapter - Downloaded https://repo.maven.apache.org/maven2/com/google/guava/listenablefuture/9999.0-empty-to-avoid-conflict-with-guava/listenablefuture-9999.0-empty-to-avoid-conflict-with-guava.pom
2026-04-09 22:33:04,114 [Worker-2: reload maven project] INFO  o.e.m.c.i.e.AbstractTransferListenerAdapter - Downloaded https://repo.maven.apache.org/maven2/org/checkerframework/checker-qual/3.41.0/checker-qual-3.41.0.pom
2026-04-09 22:33:04,241 [Worker-3: Importing Maven projects] INFO  o.e.m.c.i.e.AbstractTransferListenerAdapter - Downloaded https://repo.maven.apache.org/maven2/org/checkerframework/checker-qual/3.41.0/checker-qual-3.41.0.pom
2026-04-09 22:33:04,262 [Worker-2: reload maven project] INFO  o.e.m.c.i.e.AbstractTransferListenerAdapter - Downloaded https://repo.maven.apache.org/maven2/com/google/errorprone/error_prone_annotations/2.23.0/error_prone_annotations-2.23.0.pom
2026-04-09 22:33:04,409 [Worker-3: Importing Maven projects] INFO  o.e.m.c.i.e.AbstractTransferListenerAdapter - Downloaded https://repo.maven.apache.org/maven2/com/google/errorprone/error_prone_annotations/2.23.0/error_prone_annotations-2.23.0.pom
2026-04-09 22:33:04,430 [Worker-2: reload maven project] INFO  o.e.m.c.i.e.AbstractTransferListenerAdapter - Downloaded https://repo.maven.apache.org/maven2/com/google/errorprone/error_prone_parent/2.23.0/error_prone_parent-2.23.0.pom
2026-04-09 22:33:04,599 [Worker-2: reload maven project] INFO  o.e.m.c.i.e.AbstractTransferListenerAdapter - Downloaded https://repo.maven.apache.org/maven2/com/google/j2objc/j2objc-annotations/2.8/j2objc-annotations-2.8.pom
2026-04-09 22:33:04,633 [Worker-3: Importing Maven projects] INFO  o.e.m.c.i.e.AbstractTransferListenerAdapter - Downloaded https://repo.maven.apache.org/maven2/com/google/j2objc/j2objc-annotations/2.8/j2objc-annotations-2.8.pom
2026-04-09 22:33:04,751 [Worker-2: reload maven project] INFO  o.e.m.c.i.e.AbstractTransferListenerAdapter - Downloaded https://repo.maven.apache.org/maven2/org/glassfish/jersey/containers/jersey-container-servlet/4.0.2/jersey-container-servlet-4.0.2.pom
2026-04-09 22:33:04,775 [Worker-3: Importing Maven projects] INFO  o.e.m.c.i.e.AbstractTransferListenerAdapter - Downloaded https://repo.maven.apache.org/maven2/org/glassfish/jersey/containers/jersey-container-servlet/4.0.2/jersey-container-servlet-4.0.2.pom
2026-04-09 22:33:04,921 [Worker-2: reload maven project] INFO  o.e.m.c.i.e.AbstractTransferListenerAdapter - Downloaded https://repo.maven.apache.org/maven2/org/glassfish/jersey/containers/project/4.0.2/project-4.0.2.pom
2026-04-09 22:33:04,962 [Worker-3: Importing Maven projects] INFO  o.e.m.c.i.e.AbstractTransferListenerAdapter - Downloaded https://repo.maven.apache.org/maven2/org/glassfish/jersey/containers/project/4.0.2/project-4.0.2.pom
2026-04-09 22:33:05,075 [Worker-2: reload maven project] INFO  o.e.m.c.i.e.AbstractTransferListenerAdapter - Downloaded https://repo.maven.apache.org/maven2/org/glassfish/jersey/core/jersey-server/4.0.2/jersey-server-4.0.2.pom
2026-04-09 22:33:05,213 [Worker-3: Importing Maven projects] INFO  o.e.m.c.i.e.AbstractTransferListenerAdapter - Downloaded https://repo.maven.apache.org/maven2/org/glassfish/jersey/core/jersey-server/4.0.2/jersey-server-4.0.2.pom
2026-04-09 22:33:05,231 [Worker-2: reload maven project] INFO  o.e.m.c.i.e.AbstractTransferListenerAdapter - Downloaded https://repo.maven.apache.org/maven2/jakarta/validation/jakarta.validation-api/3.1.1/jakarta.validation-api-3.1.1.pom
2026-04-09 22:33:05,396 [Worker-2: reload maven project] INFO  o.e.m.c.i.e.AbstractTransferListenerAdapter - Downloaded https://repo.maven.apache.org/maven2/org/glassfish/hk2/spring-bridge/3.1.1/spring-bridge-3.1.1.pom
2026-04-09 22:33:05,426 [Worker-3: Importing Maven projects] INFO  o.e.m.c.i.e.AbstractTransferListenerAdapter - Downloaded https://repo.maven.apache.org/maven2/org/glassfish/hk2/spring-bridge/3.1.1/spring-bridge-3.1.1.pom
2026-04-09 22:33:05,555 [Worker-2: reload maven project] INFO  o.e.m.c.i.e.AbstractTransferListenerAdapter - Downloaded https://repo.maven.apache.org/maven2/org/glassfish/hk2/hk2-parent/3.1.1/hk2-parent-3.1.1.pom
2026-04-09 22:33:05,616 [Worker-3: Importing Maven projects] INFO  o.e.m.c.i.e.AbstractTransferListenerAdapter - Downloaded https://repo.maven.apache.org/maven2/org/glassfish/hk2/hk2-parent/3.1.1/hk2-parent-3.1.1.pom
2026-04-09 22:33:05,715 [Worker-2: reload maven project] INFO  o.e.m.c.i.e.AbstractTransferListenerAdapter - Downloaded https://repo.maven.apache.org/maven2/org/glassfish/hk2/hk2-api/3.1.1/hk2-api-3.1.1.pom
2026-04-09 22:33:05,839 [Worker-3: Importing Maven projects] INFO  o.e.m.c.i.e.AbstractTransferListenerAdapter - Downloaded https://repo.maven.apache.org/maven2/org/glassfish/hk2/hk2-api/3.1.1/hk2-api-3.1.1.pom
2026-04-09 22:33:05,881 [Worker-2: reload maven project] INFO  o.e.m.c.i.e.AbstractTransferListenerAdapter - Downloaded https://repo.maven.apache.org/maven2/com/fasterxml/jackson/dataformat/jackson-dataformat-xml/2.21.2/jackson-dataformat-xml-2.21.2.pom
2026-04-09 22:33:06,019 [Worker-3: Importing Maven projects] INFO  o.e.m.c.i.e.AbstractTransferListenerAdapter - Downloaded https://repo.maven.apache.org/maven2/com/fasterxml/jackson/dataformat/jackson-dataformat-xml/2.21.2/jackson-dataformat-xml-2.21.2.pom
2026-04-09 22:33:06,034 [Worker-2: reload maven project] INFO  o.e.m.c.i.e.AbstractTransferListenerAdapter - Downloaded https://repo.maven.apache.org/maven2/org/codehaus/woodstox/stax2-api/4.2.2/stax2-api-4.2.2.pom
2026-04-09 22:33:06,184 [Worker-2: reload maven project] INFO  o.e.m.c.i.e.AbstractTransferListenerAdapter - Downloaded https://repo.maven.apache.org/maven2/com/fasterxml/oss-parent/55/oss-parent-55.pom
2026-04-09 22:33:06,225 [Worker-3: Importing Maven projects] INFO  o.e.m.c.i.e.AbstractTransferListenerAdapter - Downloaded https://repo.maven.apache.org/maven2/com/fasterxml/oss-parent/55/oss-parent-55.pom
2026-04-09 22:33:06,331 [Worker-2: reload maven project] INFO  o.e.m.c.i.e.AbstractTransferListenerAdapter - Downloaded https://repo.maven.apache.org/maven2/com/fasterxml/woodstox/woodstox-core/7.1.1/woodstox-core-7.1.1.pom
2026-04-09 22:33:06,459 [Worker-3: Importing Maven projects] INFO  o.e.m.c.i.e.AbstractTransferListenerAdapter - Downloaded https://repo.maven.apache.org/maven2/com/fasterxml/woodstox/woodstox-core/7.1.1/woodstox-core-7.1.1.pom
2026-04-09 22:33:06,532 [Worker-2: reload maven project] INFO  o.e.m.c.i.e.AbstractTransferListenerAdapter - Downloaded https://repo.maven.apache.org/maven2/org/springframework/cloud/spring-cloud-starter-loadbalancer/5.0.1/spring-cloud-starter-loadbalancer-5.0.1.pom
2026-04-09 22:33:06,668 [Worker-3: Importing Maven projects] INFO  o.e.m.c.i.e.AbstractTransferListenerAdapter - Downloaded https://repo.maven.apache.org/maven2/org/springframework/cloud/spring-cloud-starter-loadbalancer/5.0.1/spring-cloud-starter-loadbalancer-5.0.1.pom
2026-04-09 22:33:06,690 [Worker-2: reload maven project] INFO  o.e.m.c.i.e.AbstractTransferListenerAdapter - Downloaded https://repo.maven.apache.org/maven2/org/springframework/cloud/spring-cloud-loadbalancer/5.0.1/spring-cloud-loadbalancer-5.0.1.pom
2026-04-09 22:33:06,876 [Worker-2: reload maven project] INFO  o.e.m.c.i.e.AbstractTransferListenerAdapter - Downloaded https://repo.maven.apache.org/maven2/io/projectreactor/reactor-core/3.8.4/reactor-core-3.8.4.pom
2026-04-09 22:33:06,908 [Worker-3: Importing Maven projects] INFO  o.e.m.c.i.e.AbstractTransferListenerAdapter - Downloaded https://repo.maven.apache.org/maven2/org/springframework/cloud/spring-cloud-loadbalancer/5.0.1/spring-cloud-loadbalancer-5.0.1.pom
2026-04-09 22:33:07,112 [Worker-2: reload maven project] INFO  o.e.m.c.i.e.AbstractTransferListenerAdapter - Downloaded https://repo.maven.apache.org/maven2/org/reactivestreams/reactive-streams/1.0.4/reactive-streams-1.0.4.pom
2026-04-09 22:33:07,141 [Worker-3: Importing Maven projects] INFO  o.e.m.c.i.e.AbstractTransferListenerAdapter - Downloaded https://repo.maven.apache.org/maven2/org/reactivestreams/reactive-streams/1.0.4/reactive-streams-1.0.4.pom
2026-04-09 22:33:07,269 [Worker-2: reload maven project] INFO  o.e.m.c.i.e.AbstractTransferListenerAdapter - Downloaded https://repo.maven.apache.org/maven2/io/projectreactor/addons/reactor-extra/3.6.0/reactor-extra-3.6.0.pom
2026-04-09 22:33:07,394 [Worker-3: Importing Maven projects] INFO  o.e.m.c.i.e.AbstractTransferListenerAdapter - Downloaded https://repo.maven.apache.org/maven2/io/projectreactor/addons/reactor-extra/3.6.0/reactor-extra-3.6.0.pom
2026-04-09 22:33:07,455 [Worker-2: reload maven project] INFO  o.e.m.c.i.e.AbstractTransferListenerAdapter - Downloaded https://repo.maven.apache.org/maven2/org/springframework/boot/spring-boot-starter-cache/4.0.5/spring-boot-starter-cache-4.0.5.pom
2026-04-09 22:33:07,583 [Worker-3: Importing Maven projects] INFO  o.e.m.c.i.e.AbstractTransferListenerAdapter - Downloaded https://repo.maven.apache.org/maven2/org/springframework/boot/spring-boot-starter-cache/4.0.5/spring-boot-starter-cache-4.0.5.pom
2026-04-09 22:33:07,716 [Worker-2: reload maven project] INFO  o.e.m.c.i.e.AbstractTransferListenerAdapter - Downloaded https://repo.maven.apache.org/maven2/org/springframework/boot/spring-boot-cache/4.0.5/spring-boot-cache-4.0.5.pom
2026-04-09 22:33:07,801 [Worker-3: Importing Maven projects] INFO  o.e.m.c.i.e.AbstractTransferListenerAdapter - Downloaded https://repo.maven.apache.org/maven2/org/springframework/boot/spring-boot-cache/4.0.5/spring-boot-cache-4.0.5.pom
2026-04-09 22:33:07,890 [Worker-2: reload maven project] INFO  o.e.m.c.i.e.AbstractTransferListenerAdapter - Downloaded https://repo.maven.apache.org/maven2/com/stoyanr/evictor/1.0.0/evictor-1.0.0.pom
2026-04-09 22:33:07,945 [Worker-3: Importing Maven projects] INFO  o.e.m.c.i.e.AbstractTransferListenerAdapter - Downloaded https://repo.maven.apache.org/maven2/com/stoyanr/evictor/1.0.0/evictor-1.0.0.pom
2026-04-09 22:33:08,243 [AetherRepositoryConnector-repo.maven.apache.org-1-0] INFO  o.e.m.c.i.e.AbstractTransferListenerAdapter - Downloading https://repo.maven.apache.org/maven2/org/springframework/cloud/spring-cloud-starter-netflix-eureka-server/5.0.1/spring-cloud-starter-netflix-eureka-server-5.0.1.jar
2026-04-09 22:33:08,263 [AetherRepositoryConnector-repo.maven.apache.org-0-0] INFO  o.e.m.c.i.e.AbstractTransferListenerAdapter - Downloading https://repo.maven.apache.org/maven2/org/springframework/cloud/spring-cloud-starter-netflix-eureka-server/5.0.1/spring-cloud-starter-netflix-eureka-server-5.0.1.jar
2026-04-09 22:33:08,315 [AetherRepositoryConnector-repo.maven.apache.org-1-4] INFO  o.e.m.c.i.e.AbstractTransferListenerAdapter - Downloading https://repo.maven.apache.org/maven2/org/springframework/boot/spring-boot-http-client/4.0.5/spring-boot-http-client-4.0.5.jar
2026-04-09 22:33:08,478 [AetherRepositoryConnector-repo.maven.apache.org-0-4] INFO  o.e.m.c.i.e.AbstractTransferListenerAdapter - Downloading https://repo.maven.apache.org/maven2/org/springframework/boot/spring-boot-http-client/4.0.5/spring-boot-http-client-4.0.5.jar
2026-04-09 22:33:08,478 [AetherRepositoryConnector-repo.maven.apache.org-0-1] INFO  o.e.m.c.i.e.AbstractTransferListenerAdapter - Downloading https://repo.maven.apache.org/maven2/org/springframework/cloud/spring-cloud-starter/5.0.1/spring-cloud-starter-5.0.1.jar
2026-04-09 22:33:08,566 [AetherRepositoryConnector-repo.maven.apache.org-1-1] INFO  o.e.m.c.i.e.AbstractTransferListenerAdapter - Downloading https://repo.maven.apache.org/maven2/org/springframework/cloud/spring-cloud-starter/5.0.1/spring-cloud-starter-5.0.1.jar
2026-04-09 22:33:08,567 [AetherRepositoryConnector-repo.maven.apache.org-1-3] INFO  o.e.m.c.i.e.AbstractTransferListenerAdapter - Downloading https://repo.maven.apache.org/maven2/org/springframework/boot/spring-boot-restclient/4.0.5/spring-boot-restclient-4.0.5.jar
2026-04-09 22:33:08,567 [AetherRepositoryConnector-repo.maven.apache.org-1-2] INFO  o.e.m.c.i.e.AbstractTransferListenerAdapter - Downloading https://repo.maven.apache.org/maven2/org/springframework/cloud/spring-cloud-context/5.0.1/spring-cloud-context-5.0.1.jar
2026-04-09 22:33:08,812 [AetherRepositoryConnector-repo.maven.apache.org-0-3] INFO  o.e.m.c.i.e.AbstractTransferListenerAdapter - Downloading https://repo.maven.apache.org/maven2/org/springframework/boot/spring-boot-restclient/4.0.5/spring-boot-restclient-4.0.5.jar
2026-04-09 22:33:08,812 [AetherRepositoryConnector-repo.maven.apache.org-0-2] INFO  o.e.m.c.i.e.AbstractTransferListenerAdapter - Downloading https://repo.maven.apache.org/maven2/org/springframework/cloud/spring-cloud-context/5.0.1/spring-cloud-context-5.0.1.jar
2026-04-09 22:33:10,476 [AetherRepositoryConnector-repo.maven.apache.org-1-4] INFO  o.e.m.c.i.e.AbstractTransferListenerAdapter - Downloaded https://repo.maven.apache.org/maven2/org/springframework/boot/spring-boot-http-client/4.0.5/spring-boot-http-client-4.0.5.jar
2026-04-09 22:33:10,484 [AetherRepositoryConnector-repo.maven.apache.org-1-0] INFO  o.e.m.c.i.e.AbstractTransferListenerAdapter - Downloaded https://repo.maven.apache.org/maven2/org/springframework/cloud/spring-cloud-starter-netflix-eureka-server/5.0.1/spring-cloud-starter-netflix-eureka-server-5.0.1.jar
2026-04-09 22:33:10,509 [AetherRepositoryConnector-repo.maven.apache.org-1-1] INFO  o.e.m.c.i.e.AbstractTransferListenerAdapter - Downloaded https://repo.maven.apache.org/maven2/org/springframework/cloud/spring-cloud-starter/5.0.1/spring-cloud-starter-5.0.1.jar
2026-04-09 22:33:10,830 [AetherRepositoryConnector-repo.maven.apache.org-1-4] INFO  o.e.m.c.i.e.AbstractTransferListenerAdapter - Downloading https://repo.maven.apache.org/maven2/org/springframework/security/spring-security-crypto/7.0.4/spring-security-crypto-7.0.4.jar
2026-04-09 22:33:10,843 [AetherRepositoryConnector-repo.maven.apache.org-0-1] INFO  o.e.m.c.i.e.AbstractTransferListenerAdapter - Downloaded https://repo.maven.apache.org/maven2/org/springframework/cloud/spring-cloud-starter/5.0.1/spring-cloud-starter-5.0.1.jar
2026-04-09 22:33:10,854 [AetherRepositoryConnector-repo.maven.apache.org-0-0] INFO  o.e.m.c.i.e.AbstractTransferListenerAdapter - Downloaded https://repo.maven.apache.org/maven2/org/springframework/cloud/spring-cloud-starter-netflix-eureka-server/5.0.1/spring-cloud-starter-netflix-eureka-server-5.0.1.jar
2026-04-09 22:33:11,408 [AetherRepositoryConnector-repo.maven.apache.org-0-4] INFO  o.e.m.c.i.e.AbstractTransferListenerAdapter - Downloaded https://repo.maven.apache.org/maven2/org/springframework/boot/spring-boot-http-client/4.0.5/spring-boot-http-client-4.0.5.jar
2026-04-09 22:33:11,615 [AetherRepositoryConnector-repo.maven.apache.org-1-0] INFO  o.e.m.c.i.e.AbstractTransferListenerAdapter - Downloading https://repo.maven.apache.org/maven2/org/springframework/cloud/spring-cloud-commons/5.0.1/spring-cloud-commons-5.0.1.jar
2026-04-09 22:33:11,657 [AetherRepositoryConnector-repo.maven.apache.org-0-1] INFO  o.e.m.c.i.e.AbstractTransferListenerAdapter - Downloading https://repo.maven.apache.org/maven2/org/springframework/security/spring-security-crypto/7.0.4/spring-security-crypto-7.0.4.jar
2026-04-09 22:33:11,861 [AetherRepositoryConnector-repo.maven.apache.org-1-1] INFO  o.e.m.c.i.e.AbstractTransferListenerAdapter - Downloading https://repo.maven.apache.org/maven2/org/bouncycastle/bcprov-jdk18on/1.81/bcprov-jdk18on-1.81.jar
2026-04-09 22:33:12,424 [AetherRepositoryConnector-repo.maven.apache.org-0-4] INFO  o.e.m.c.i.e.AbstractTransferListenerAdapter - Downloading https://repo.maven.apache.org/maven2/org/bouncycastle/bcprov-jdk18on/1.81/bcprov-jdk18on-1.81.jar
2026-04-09 22:33:12,424 [AetherRepositoryConnector-repo.maven.apache.org-0-0] INFO  o.e.m.c.i.e.AbstractTransferListenerAdapter - Downloading https://repo.maven.apache.org/maven2/org/springframework/cloud/spring-cloud-commons/5.0.1/spring-cloud-commons-5.0.1.jar
2026-04-09 22:33:12,888 [AetherRepositoryConnector-repo.maven.apache.org-1-3] INFO  o.e.m.c.i.e.AbstractTransferListenerAdapter - Downloaded https://repo.maven.apache.org/maven2/org/springframework/boot/spring-boot-restclient/4.0.5/spring-boot-restclient-4.0.5.jar
2026-04-09 22:33:12,889 [AetherRepositoryConnector-repo.maven.apache.org-1-2] INFO  o.e.m.c.i.e.AbstractTransferListenerAdapter - Downloaded https://repo.maven.apache.org/maven2/org/springframework/cloud/spring-cloud-context/5.0.1/spring-cloud-context-5.0.1.jar
2026-04-09 22:33:12,889 [AetherRepositoryConnector-repo.maven.apache.org-1-4] INFO  o.e.m.c.i.e.AbstractTransferListenerAdapter - Downloaded https://repo.maven.apache.org/maven2/org/springframework/security/spring-security-crypto/7.0.4/spring-security-crypto-7.0.4.jar
2026-04-09 22:33:12,984 [AetherRepositoryConnector-repo.maven.apache.org-1-3] INFO  o.e.m.c.i.e.AbstractTransferListenerAdapter - Downloading https://repo.maven.apache.org/maven2/org/springframework/cloud/spring-cloud-netflix-eureka-server/5.0.1/spring-cloud-netflix-eureka-server-5.0.1.jar
2026-04-09 22:33:12,984 [AetherRepositoryConnector-repo.maven.apache.org-1-4] INFO  o.e.m.c.i.e.AbstractTransferListenerAdapter - Downloading https://repo.maven.apache.org/maven2/org/springframework/boot/spring-boot-starter-actuator/4.0.5/spring-boot-starter-actuator-4.0.5.jar
2026-04-09 22:33:12,984 [AetherRepositoryConnector-repo.maven.apache.org-1-2] INFO  o.e.m.c.i.e.AbstractTransferListenerAdapter - Downloading https://repo.maven.apache.org/maven2/org/springframework/boot/spring-boot-starter-web/4.0.5/spring-boot-starter-web-4.0.5.jar
2026-04-09 22:33:13,774 [AetherRepositoryConnector-repo.maven.apache.org-1-0] INFO  o.e.m.c.i.e.AbstractTransferListenerAdapter - Downloaded https://repo.maven.apache.org/maven2/org/springframework/cloud/spring-cloud-commons/5.0.1/spring-cloud-commons-5.0.1.jar
2026-04-09 22:33:13,777 [AetherRepositoryConnector-repo.maven.apache.org-0-2] INFO  o.e.m.c.i.e.AbstractTransferListenerAdapter - Downloaded https://repo.maven.apache.org/maven2/org/springframework/cloud/spring-cloud-context/5.0.1/spring-cloud-context-5.0.1.jar
2026-04-09 22:33:13,846 [AetherRepositoryConnector-repo.maven.apache.org-1-2] INFO  o.e.m.c.i.e.AbstractTransferListenerAdapter - Downloaded https://repo.maven.apache.org/maven2/org/springframework/boot/spring-boot-starter-web/4.0.5/spring-boot-starter-web-4.0.5.jar
2026-04-09 22:33:13,855 [AetherRepositoryConnector-repo.maven.apache.org-1-4] INFO  o.e.m.c.i.e.AbstractTransferListenerAdapter - Downloaded https://repo.maven.apache.org/maven2/org/springframework/boot/spring-boot-starter-actuator/4.0.5/spring-boot-starter-actuator-4.0.5.jar
2026-04-09 22:33:13,956 [AetherRepositoryConnector-repo.maven.apache.org-1-0] INFO  o.e.m.c.i.e.AbstractTransferListenerAdapter - Downloading https://repo.maven.apache.org/maven2/org/springframework/boot/spring-boot-starter-micrometer-metrics/4.0.5/spring-boot-starter-micrometer-metrics-4.0.5.jar
2026-04-09 22:33:14,012 [AetherRepositoryConnector-repo.maven.apache.org-0-2] INFO  o.e.m.c.i.e.AbstractTransferListenerAdapter - Downloading https://repo.maven.apache.org/maven2/org/springframework/cloud/spring-cloud-netflix-eureka-server/5.0.1/spring-cloud-netflix-eureka-server-5.0.1.jar
2026-04-09 22:33:14,016 [AetherRepositoryConnector-repo.maven.apache.org-1-4] INFO  o.e.m.c.i.e.AbstractTransferListenerAdapter - Downloading https://repo.maven.apache.org/maven2/org/springframework/boot/spring-boot-micrometer-observation/4.0.5/spring-boot-micrometer-observation-4.0.5.jar
2026-04-09 22:33:14,018 [AetherRepositoryConnector-repo.maven.apache.org-1-2] INFO  o.e.m.c.i.e.AbstractTransferListenerAdapter - Downloading https://repo.maven.apache.org/maven2/org/springframework/boot/spring-boot-micrometer-metrics/4.0.5/spring-boot-micrometer-metrics-4.0.5.jar
2026-04-09 22:33:14,204 [AetherRepositoryConnector-repo.maven.apache.org-1-3] INFO  o.e.m.c.i.e.AbstractTransferListenerAdapter - Downloaded https://repo.maven.apache.org/maven2/org/springframework/cloud/spring-cloud-netflix-eureka-server/5.0.1/spring-cloud-netflix-eureka-server-5.0.1.jar
2026-04-09 22:33:14,361 [AetherRepositoryConnector-repo.maven.apache.org-1-3] INFO  o.e.m.c.i.e.AbstractTransferListenerAdapter - Downloading https://repo.maven.apache.org/maven2/org/springframework/boot/spring-boot-actuator-autoconfigure/4.0.5/spring-boot-actuator-autoconfigure-4.0.5.jar
2026-04-09 22:33:14,398 [AetherRepositoryConnector-repo.maven.apache.org-1-0] INFO  o.e.m.c.i.e.AbstractTransferListenerAdapter - Downloaded https://repo.maven.apache.org/maven2/org/springframework/boot/spring-boot-starter-micrometer-metrics/4.0.5/spring-boot-starter-micrometer-metrics-4.0.5.jar
2026-04-09 22:33:14,570 [AetherRepositoryConnector-repo.maven.apache.org-1-0] INFO  o.e.m.c.i.e.AbstractTransferListenerAdapter - Downloading https://repo.maven.apache.org/maven2/org/springframework/boot/spring-boot-actuator/4.0.5/spring-boot-actuator-4.0.5.jar
2026-04-09 22:33:14,670 [AetherRepositoryConnector-repo.maven.apache.org-1-2] INFO  o.e.m.c.i.e.AbstractTransferListenerAdapter - Downloaded https://repo.maven.apache.org/maven2/org/springframework/boot/spring-boot-micrometer-metrics/4.0.5/spring-boot-micrometer-metrics-4.0.5.jar
2026-04-09 22:33:14,714 [AetherRepositoryConnector-repo.maven.apache.org-0-1] INFO  o.e.m.c.i.e.AbstractTransferListenerAdapter - Downloaded https://repo.maven.apache.org/maven2/org/springframework/security/spring-security-crypto/7.0.4/spring-security-crypto-7.0.4.jar
2026-04-09 22:33:14,723 [AetherRepositoryConnector-repo.maven.apache.org-0-3] INFO  o.e.m.c.i.e.AbstractTransferListenerAdapter - Downloaded https://repo.maven.apache.org/maven2/org/springframework/boot/spring-boot-restclient/4.0.5/spring-boot-restclient-4.0.5.jar
2026-04-09 22:33:14,839 [AetherRepositoryConnector-repo.maven.apache.org-1-2] INFO  o.e.m.c.i.e.AbstractTransferListenerAdapter - Downloading https://repo.maven.apache.org/maven2/org/springframework/boot/spring-boot-health/4.0.5/spring-boot-health-4.0.5.jar
2026-04-09 22:33:14,921 [AetherRepositoryConnector-repo.maven.apache.org-1-3] INFO  o.e.m.c.i.e.AbstractTransferListenerAdapter - Downloaded https://repo.maven.apache.org/maven2/org/springframework/boot/spring-boot-actuator-autoconfigure/4.0.5/spring-boot-actuator-autoconfigure-4.0.5.jar
2026-04-09 22:33:15,022 [AetherRepositoryConnector-repo.maven.apache.org-0-1] INFO  o.e.m.c.i.e.AbstractTransferListenerAdapter - Downloading https://repo.maven.apache.org/maven2/org/springframework/boot/spring-boot-starter-web/4.0.5/spring-boot-starter-web-4.0.5.jar
2026-04-09 22:33:15,193 [AetherRepositoryConnector-repo.maven.apache.org-1-3] INFO  o.e.m.c.i.e.AbstractTransferListenerAdapter - Downloading https://repo.maven.apache.org/maven2/io/micrometer/micrometer-jakarta9/1.16.4/micrometer-jakarta9-1.16.4.jar
2026-04-09 22:33:15,234 [AetherRepositoryConnector-repo.maven.apache.org-0-3] INFO  o.e.m.c.i.e.AbstractTransferListenerAdapter - Downloading https://repo.maven.apache.org/maven2/org/springframework/boot/spring-boot-starter-actuator/4.0.5/spring-boot-starter-actuator-4.0.5.jar
2026-04-09 22:33:15,336 [AetherRepositoryConnector-repo.maven.apache.org-1-4] INFO  o.e.m.c.i.e.AbstractTransferListenerAdapter - Downloaded https://repo.maven.apache.org/maven2/org/springframework/boot/spring-boot-micrometer-observation/4.0.5/spring-boot-micrometer-observation-4.0.5.jar
2026-04-09 22:33:15,338 [AetherRepositoryConnector-repo.maven.apache.org-1-0] INFO  o.e.m.c.i.e.AbstractTransferListenerAdapter - Downloaded https://repo.maven.apache.org/maven2/org/springframework/boot/spring-boot-actuator/4.0.5/spring-boot-actuator-4.0.5.jar
2026-04-09 22:33:15,529 [AetherRepositoryConnector-repo.maven.apache.org-1-2] INFO  o.e.m.c.i.e.AbstractTransferListenerAdapter - Downloaded https://repo.maven.apache.org/maven2/org/springframework/boot/spring-boot-health/4.0.5/spring-boot-health-4.0.5.jar
2026-04-09 22:33:15,570 [AetherRepositoryConnector-repo.maven.apache.org-1-4] INFO  o.e.m.c.i.e.AbstractTransferListenerAdapter - Downloading https://repo.maven.apache.org/maven2/io/micrometer/micrometer-core/1.16.4/micrometer-core-1.16.4.jar
2026-04-09 22:33:15,570 [AetherRepositoryConnector-repo.maven.apache.org-1-0] INFO  o.e.m.c.i.e.AbstractTransferListenerAdapter - Downloading https://repo.maven.apache.org/maven2/org/hdrhistogram/HdrHistogram/2.2.2/HdrHistogram-2.2.2.jar
2026-04-09 22:33:15,671 [AetherRepositoryConnector-repo.maven.apache.org-1-2] INFO  o.e.m.c.i.e.AbstractTransferListenerAdapter - Downloading https://repo.maven.apache.org/maven2/org/latencyutils/LatencyUtils/2.0.3/LatencyUtils-2.0.3.jar
2026-04-09 22:33:16,019 [AetherRepositoryConnector-repo.maven.apache.org-1-3] INFO  o.e.m.c.i.e.AbstractTransferListenerAdapter - Downloaded https://repo.maven.apache.org/maven2/io/micrometer/micrometer-jakarta9/1.16.4/micrometer-jakarta9-1.16.4.jar
2026-04-09 22:33:16,185 [AetherRepositoryConnector-repo.maven.apache.org-1-3] INFO  o.e.m.c.i.e.AbstractTransferListenerAdapter - Downloading https://repo.maven.apache.org/maven2/org/springframework/boot/spring-boot-starter-freemarker/4.0.5/spring-boot-starter-freemarker-4.0.5.jar
2026-04-09 22:33:16,288 [AetherRepositoryConnector-repo.maven.apache.org-0-0] INFO  o.e.m.c.i.e.AbstractTransferListenerAdapter - Downloaded https://repo.maven.apache.org/maven2/org/springframework/cloud/spring-cloud-commons/5.0.1/spring-cloud-commons-5.0.1.jar
2026-04-09 22:33:16,499 [AetherRepositoryConnector-repo.maven.apache.org-1-0] INFO  o.e.m.c.i.e.AbstractTransferListenerAdapter - Downloaded https://repo.maven.apache.org/maven2/org/hdrhistogram/HdrHistogram/2.2.2/HdrHistogram-2.2.2.jar
2026-04-09 22:33:16,562 [AetherRepositoryConnector-repo.maven.apache.org-0-0] INFO  o.e.m.c.i.e.AbstractTransferListenerAdapter - Downloading https://repo.maven.apache.org/maven2/org/springframework/boot/spring-boot-starter-micrometer-metrics/4.0.5/spring-boot-starter-micrometer-metrics-4.0.5.jar
2026-04-09 22:33:16,688 [AetherRepositoryConnector-repo.maven.apache.org-1-0] INFO  o.e.m.c.i.e.AbstractTransferListenerAdapter - Downloading https://repo.maven.apache.org/maven2/org/springframework/boot/spring-boot-freemarker/4.0.5/spring-boot-freemarker-4.0.5.jar
2026-04-09 22:33:16,838 [AetherRepositoryConnector-repo.maven.apache.org-1-3] INFO  o.e.m.c.i.e.AbstractTransferListenerAdapter - Downloaded https://repo.maven.apache.org/maven2/org/springframework/boot/spring-boot-starter-freemarker/4.0.5/spring-boot-starter-freemarker-4.0.5.jar
2026-04-09 22:33:16,848 [AetherRepositoryConnector-repo.maven.apache.org-0-3] INFO  o.e.m.c.i.e.AbstractTransferListenerAdapter - Downloaded https://repo.maven.apache.org/maven2/org/springframework/boot/spring-boot-starter-actuator/4.0.5/spring-boot-starter-actuator-4.0.5.jar
2026-04-09 22:33:16,850 [AetherRepositoryConnector-repo.maven.apache.org-0-1] INFO  o.e.m.c.i.e.AbstractTransferListenerAdapter - Downloaded https://repo.maven.apache.org/maven2/org/springframework/boot/spring-boot-starter-web/4.0.5/spring-boot-starter-web-4.0.5.jar
2026-04-09 22:33:16,995 [AetherRepositoryConnector-repo.maven.apache.org-1-3] INFO  o.e.m.c.i.e.AbstractTransferListenerAdapter - Downloading https://repo.maven.apache.org/maven2/org/freemarker/freemarker/2.3.34/freemarker-2.3.34.jar
2026-04-09 22:33:17,267 [AetherRepositoryConnector-repo.maven.apache.org-0-3] INFO  o.e.m.c.i.e.AbstractTransferListenerAdapter - Downloading https://repo.maven.apache.org/maven2/org/springframework/boot/spring-boot-micrometer-metrics/4.0.5/spring-boot-micrometer-metrics-4.0.5.jar
2026-04-09 22:33:17,295 [AetherRepositoryConnector-repo.maven.apache.org-1-4] INFO  o.e.m.c.i.e.AbstractTransferListenerAdapter - Downloaded https://repo.maven.apache.org/maven2/io/micrometer/micrometer-core/1.16.4/micrometer-core-1.16.4.jar
2026-04-09 22:33:17,374 [AetherRepositoryConnector-repo.maven.apache.org-0-2] INFO  o.e.m.c.i.e.AbstractTransferListenerAdapter - Downloaded https://repo.maven.apache.org/maven2/org/springframework/cloud/spring-cloud-netflix-eureka-server/5.0.1/spring-cloud-netflix-eureka-server-5.0.1.jar
2026-04-09 22:33:17,418 [AetherRepositoryConnector-repo.maven.apache.org-0-1] INFO  o.e.m.c.i.e.AbstractTransferListenerAdapter - Downloading https://repo.maven.apache.org/maven2/org/springframework/boot/spring-boot-micrometer-observation/4.0.5/spring-boot-micrometer-observation-4.0.5.jar
2026-04-09 22:33:17,427 [AetherRepositoryConnector-repo.maven.apache.org-1-2] INFO  o.e.m.c.i.e.AbstractTransferListenerAdapter - Downloaded https://repo.maven.apache.org/maven2/org/latencyutils/LatencyUtils/2.0.3/LatencyUtils-2.0.3.jar
2026-04-09 22:33:17,583 [AetherRepositoryConnector-repo.maven.apache.org-1-4] INFO  o.e.m.c.i.e.AbstractTransferListenerAdapter - Downloading https://repo.maven.apache.org/maven2/org/springframework/spring-context-support/7.0.6/spring-context-support-7.0.6.jar
2026-04-09 22:33:17,788 [AetherRepositoryConnector-repo.maven.apache.org-1-2] INFO  o.e.m.c.i.e.AbstractTransferListenerAdapter - Downloading https://repo.maven.apache.org/maven2/org/springframework/cloud/spring-cloud-netflix-eureka-client/5.0.1/spring-cloud-netflix-eureka-client-5.0.1.jar
2026-04-09 22:33:17,788 [AetherRepositoryConnector-repo.maven.apache.org-0-2] INFO  o.e.m.c.i.e.AbstractTransferListenerAdapter - Downloading https://repo.maven.apache.org/maven2/org/springframework/boot/spring-boot-actuator-autoconfigure/4.0.5/spring-boot-actuator-autoconfigure-4.0.5.jar
2026-04-09 22:33:17,987 [AetherRepositoryConnector-repo.maven.apache.org-0-0] INFO  o.e.m.c.i.e.AbstractTransferListenerAdapter - Downloaded https://repo.maven.apache.org/maven2/org/springframework/boot/spring-boot-starter-micrometer-metrics/4.0.5/spring-boot-starter-micrometer-metrics-4.0.5.jar
2026-04-09 22:33:18,305 [AetherRepositoryConnector-repo.maven.apache.org-0-0] INFO  o.e.m.c.i.e.AbstractTransferListenerAdapter - Downloading https://repo.maven.apache.org/maven2/org/springframework/boot/spring-boot-actuator/4.0.5/spring-boot-actuator-4.0.5.jar
2026-04-09 22:33:18,334 [AetherRepositoryConnector-repo.maven.apache.org-1-0] INFO  o.e.m.c.i.e.AbstractTransferListenerAdapter - Downloaded https://repo.maven.apache.org/maven2/org/springframework/boot/spring-boot-freemarker/4.0.5/spring-boot-freemarker-4.0.5.jar
2026-04-09 22:33:18,493 [AetherRepositoryConnector-repo.maven.apache.org-1-0] INFO  o.e.m.c.i.e.AbstractTransferListenerAdapter - Downloading https://repo.maven.apache.org/maven2/org/springframework/boot/spring-boot-jackson2/4.0.5/spring-boot-jackson2-4.0.5.jar
2026-04-09 22:33:18,964 [AetherRepositoryConnector-repo.maven.apache.org-1-4] INFO  o.e.m.c.i.e.AbstractTransferListenerAdapter - Downloaded https://repo.maven.apache.org/maven2/org/springframework/spring-context-support/7.0.6/spring-context-support-7.0.6.jar
2026-04-09 22:33:19,154 [AetherRepositoryConnector-repo.maven.apache.org-1-4] INFO  o.e.m.c.i.e.AbstractTransferListenerAdapter - Downloading https://repo.maven.apache.org/maven2/com/netflix/eureka/eureka-client/2.0.5/eureka-client-2.0.5.jar
2026-04-09 22:33:19,164 [AetherRepositoryConnector-repo.maven.apache.org-1-2] INFO  o.e.m.c.i.e.AbstractTransferListenerAdapter - Downloaded https://repo.maven.apache.org/maven2/org/springframework/cloud/spring-cloud-netflix-eureka-client/5.0.1/spring-cloud-netflix-eureka-client-5.0.1.jar
2026-04-09 22:33:19,503 [AetherRepositoryConnector-repo.maven.apache.org-1-2] INFO  o.e.m.c.i.e.AbstractTransferListenerAdapter - Downloading https://repo.maven.apache.org/maven2/com/thoughtworks/xstream/xstream/1.4.21/xstream-1.4.21.jar
2026-04-09 22:33:19,781 [AetherRepositoryConnector-repo.maven.apache.org-1-0] INFO  o.e.m.c.i.e.AbstractTransferListenerAdapter - Downloaded https://repo.maven.apache.org/maven2/org/springframework/boot/spring-boot-jackson2/4.0.5/spring-boot-jackson2-4.0.5.jar
2026-04-09 22:33:19,970 [AetherRepositoryConnector-repo.maven.apache.org-1-0] INFO  o.e.m.c.i.e.AbstractTransferListenerAdapter - Downloading https://repo.maven.apache.org/maven2/io/github/x-stream/mxparser/1.2.2/mxparser-1.2.2.jar
2026-04-09 22:33:20,789 [AetherRepositoryConnector-repo.maven.apache.org-0-3] INFO  o.e.m.c.i.e.AbstractTransferListenerAdapter - Downloaded https://repo.maven.apache.org/maven2/org/springframework/boot/spring-boot-micrometer-metrics/4.0.5/spring-boot-micrometer-metrics-4.0.5.jar
2026-04-09 22:33:20,911 [AetherRepositoryConnector-repo.maven.apache.org-1-0] INFO  o.e.m.c.i.e.AbstractTransferListenerAdapter - Downloaded https://repo.maven.apache.org/maven2/io/github/x-stream/mxparser/1.2.2/mxparser-1.2.2.jar
2026-04-09 22:33:20,914 [AetherRepositoryConnector-repo.maven.apache.org-1-4] INFO  o.e.m.c.i.e.AbstractTransferListenerAdapter - Downloaded https://repo.maven.apache.org/maven2/com/netflix/eureka/eureka-client/2.0.5/eureka-client-2.0.5.jar
2026-04-09 22:33:20,944 [AetherRepositoryConnector-repo.maven.apache.org-1-3] INFO  o.e.m.c.i.e.AbstractTransferListenerAdapter - Downloaded https://repo.maven.apache.org/maven2/org/freemarker/freemarker/2.3.34/freemarker-2.3.34.jar
2026-04-09 22:33:21,022 [AetherRepositoryConnector-repo.maven.apache.org-1-0] INFO  o.e.m.c.i.e.AbstractTransferListenerAdapter - Downloading https://repo.maven.apache.org/maven2/xmlpull/xmlpull/1.1.3.1/xmlpull-1.1.3.1.jar
2026-04-09 22:33:21,027 [AetherRepositoryConnector-repo.maven.apache.org-1-4] INFO  o.e.m.c.i.e.AbstractTransferListenerAdapter - Downloading https://repo.maven.apache.org/maven2/com/netflix/spectator/spectator-api/1.7.3/spectator-api-1.7.3.jar
2026-04-09 22:33:21,028 [AetherRepositoryConnector-repo.maven.apache.org-1-3] INFO  o.e.m.c.i.e.AbstractTransferListenerAdapter - Downloading https://repo.maven.apache.org/maven2/org/apache/httpcomponents/httpclient/4.5.3/httpclient-4.5.3.jar
2026-04-09 22:33:21,111 [AetherRepositoryConnector-repo.maven.apache.org-0-3] INFO  o.e.m.c.i.e.AbstractTransferListenerAdapter - Downloading https://repo.maven.apache.org/maven2/org/springframework/boot/spring-boot-health/4.0.5/spring-boot-health-4.0.5.jar
2026-04-09 22:33:21,251 [AetherRepositoryConnector-repo.maven.apache.org-1-2] INFO  o.e.m.c.i.e.AbstractTransferListenerAdapter - Downloaded https://repo.maven.apache.org/maven2/com/thoughtworks/xstream/xstream/1.4.21/xstream-1.4.21.jar
2026-04-09 22:33:21,305 [AetherRepositoryConnector-repo.maven.apache.org-0-2] INFO  o.e.m.c.i.e.AbstractTransferListenerAdapter - Downloaded https://repo.maven.apache.org/maven2/org/springframework/boot/spring-boot-actuator-autoconfigure/4.0.5/spring-boot-actuator-autoconfigure-4.0.5.jar
2026-04-09 22:33:21,343 [AetherRepositoryConnector-repo.maven.apache.org-1-2] INFO  o.e.m.c.i.e.AbstractTransferListenerAdapter - Downloading https://repo.maven.apache.org/maven2/org/apache/httpcomponents/httpcore/4.4.16/httpcore-4.4.16.jar
2026-04-09 22:33:21,440 [AetherRepositoryConnector-repo.maven.apache.org-0-1] INFO  o.e.m.c.i.e.AbstractTransferListenerAdapter - Downloaded https://repo.maven.apache.org/maven2/org/springframework/boot/spring-boot-micrometer-observation/4.0.5/spring-boot-micrometer-observation-4.0.5.jar
2026-04-09 22:33:21,660 [AetherRepositoryConnector-repo.maven.apache.org-0-2] INFO  o.e.m.c.i.e.AbstractTransferListenerAdapter - Downloading https://repo.maven.apache.org/maven2/io/micrometer/micrometer-jakarta9/1.16.4/micrometer-jakarta9-1.16.4.jar
2026-04-09 22:33:21,819 [AetherRepositoryConnector-repo.maven.apache.org-0-1] INFO  o.e.m.c.i.e.AbstractTransferListenerAdapter - Downloading https://repo.maven.apache.org/maven2/io/micrometer/micrometer-core/1.16.4/micrometer-core-1.16.4.jar
2026-04-09 22:33:21,958 [AetherRepositoryConnector-repo.maven.apache.org-0-0] INFO  o.e.m.c.i.e.AbstractTransferListenerAdapter - Downloaded https://repo.maven.apache.org/maven2/org/springframework/boot/spring-boot-actuator/4.0.5/spring-boot-actuator-4.0.5.jar
2026-04-09 22:33:22,026 [AetherRepositoryConnector-repo.maven.apache.org-1-0] INFO  o.e.m.c.i.e.AbstractTransferListenerAdapter - Downloaded https://repo.maven.apache.org/maven2/xmlpull/xmlpull/1.1.3.1/xmlpull-1.1.3.1.jar
2026-04-09 22:33:22,075 [AetherRepositoryConnector-repo.maven.apache.org-1-4] INFO  o.e.m.c.i.e.AbstractTransferListenerAdapter - Downloaded https://repo.maven.apache.org/maven2/com/netflix/spectator/spectator-api/1.7.3/spectator-api-1.7.3.jar
2026-04-09 22:33:22,179 [AetherRepositoryConnector-repo.maven.apache.org-1-0] INFO  o.e.m.c.i.e.AbstractTransferListenerAdapter - Downloading https://repo.maven.apache.org/maven2/commons-codec/commons-codec/1.19.0/commons-codec-1.19.0.jar
2026-04-09 22:33:22,179 [AetherRepositoryConnector-repo.maven.apache.org-1-4] INFO  o.e.m.c.i.e.AbstractTransferListenerAdapter - Downloading https://repo.maven.apache.org/maven2/commons-configuration/commons-configuration/1.10/commons-configuration-1.10.jar
2026-04-09 22:33:22,289 [AetherRepositoryConnector-repo.maven.apache.org-0-0] INFO  o.e.m.c.i.e.AbstractTransferListenerAdapter - Downloading https://repo.maven.apache.org/maven2/org/hdrhistogram/HdrHistogram/2.2.2/HdrHistogram-2.2.2.jar
2026-04-09 22:33:22,603 [AetherRepositoryConnector-repo.maven.apache.org-1-2] INFO  o.e.m.c.i.e.AbstractTransferListenerAdapter - Downloaded https://repo.maven.apache.org/maven2/org/apache/httpcomponents/httpcore/4.4.16/httpcore-4.4.16.jar
2026-04-09 22:33:22,778 [AetherRepositoryConnector-repo.maven.apache.org-1-2] INFO  o.e.m.c.i.e.AbstractTransferListenerAdapter - Downloading https://repo.maven.apache.org/maven2/commons-lang/commons-lang/2.6/commons-lang-2.6.jar
2026-04-09 22:33:22,827 [AetherRepositoryConnector-repo.maven.apache.org-1-3] INFO  o.e.m.c.i.e.AbstractTransferListenerAdapter - Downloaded https://repo.maven.apache.org/maven2/org/apache/httpcomponents/httpclient/4.5.3/httpclient-4.5.3.jar
2026-04-09 22:33:23,110 [AetherRepositoryConnector-repo.maven.apache.org-1-3] INFO  o.e.m.c.i.e.AbstractTransferListenerAdapter - Downloading https://repo.maven.apache.org/maven2/com/netflix/netflix-commons/netflix-eventbus/0.3.0/netflix-eventbus-0.3.0.jar
2026-04-09 22:33:23,155 [AetherRepositoryConnector-repo.maven.apache.org-1-0] INFO  o.e.m.c.i.e.AbstractTransferListenerAdapter - Downloaded https://repo.maven.apache.org/maven2/commons-codec/commons-codec/1.19.0/commons-codec-1.19.0.jar
2026-04-09 22:33:23,158 [AetherRepositoryConnector-repo.maven.apache.org-1-4] INFO  o.e.m.c.i.e.AbstractTransferListenerAdapter - Downloaded https://repo.maven.apache.org/maven2/commons-configuration/commons-configuration/1.10/commons-configuration-1.10.jar
2026-04-09 22:33:23,221 [AetherRepositoryConnector-repo.maven.apache.org-1-0] INFO  o.e.m.c.i.e.AbstractTransferListenerAdapter - Downloading https://repo.maven.apache.org/maven2/com/netflix/netflix-commons/netflix-infix/0.3.0/netflix-infix-0.3.0.jar
2026-04-09 22:33:23,253 [AetherRepositoryConnector-repo.maven.apache.org-1-2] INFO  o.e.m.c.i.e.AbstractTransferListenerAdapter - Downloaded https://repo.maven.apache.org/maven2/commons-lang/commons-lang/2.6/commons-lang-2.6.jar
2026-04-09 22:33:23,447 [AetherRepositoryConnector-repo.maven.apache.org-1-4] INFO  o.e.m.c.i.e.AbstractTransferListenerAdapter - Downloading https://repo.maven.apache.org/maven2/commons-jxpath/commons-jxpath/1.3/commons-jxpath-1.3.jar
2026-04-09 22:33:23,447 [AetherRepositoryConnector-repo.maven.apache.org-1-2] INFO  o.e.m.c.i.e.AbstractTransferListenerAdapter - Downloading https://repo.maven.apache.org/maven2/joda-time/joda-time/2.3/joda-time-2.3.jar
2026-04-09 22:33:23,629 [AetherRepositoryConnector-repo.maven.apache.org-1-3] INFO  o.e.m.c.i.e.AbstractTransferListenerAdapter - Downloaded https://repo.maven.apache.org/maven2/com/netflix/netflix-commons/netflix-eventbus/0.3.0/netflix-eventbus-0.3.0.jar
2026-04-09 22:33:23,721 [AetherRepositoryConnector-repo.maven.apache.org-1-1] INFO  o.e.m.c.i.e.AbstractTransferListenerAdapter - Downloaded https://repo.maven.apache.org/maven2/org/bouncycastle/bcprov-jdk18on/1.81/bcprov-jdk18on-1.81.jar
2026-04-09 22:33:23,780 [AetherRepositoryConnector-repo.maven.apache.org-1-3] INFO  o.e.m.c.i.e.AbstractTransferListenerAdapter - Downloading https://repo.maven.apache.org/maven2/org/antlr/antlr-runtime/3.4/antlr-runtime-3.4.jar
2026-04-09 22:33:24,118 [AetherRepositoryConnector-repo.maven.apache.org-1-1] INFO  o.e.m.c.i.e.AbstractTransferListenerAdapter - Downloading https://repo.maven.apache.org/maven2/org/antlr/stringtemplate/3.2.1/stringtemplate-3.2.1.jar
2026-04-09 22:33:24,139 [AetherRepositoryConnector-repo.maven.apache.org-1-0] INFO  o.e.m.c.i.e.AbstractTransferListenerAdapter - Downloaded https://repo.maven.apache.org/maven2/com/netflix/netflix-commons/netflix-infix/0.3.0/netflix-infix-0.3.0.jar
2026-04-09 22:33:24,291 [AetherRepositoryConnector-repo.maven.apache.org-1-4] INFO  o.e.m.c.i.e.AbstractTransferListenerAdapter - Downloaded https://repo.maven.apache.org/maven2/commons-jxpath/commons-jxpath/1.3/commons-jxpath-1.3.jar
2026-04-09 22:33:24,311 [AetherRepositoryConnector-repo.maven.apache.org-0-2] INFO  o.e.m.c.i.e.AbstractTransferListenerAdapter - Downloaded https://repo.maven.apache.org/maven2/io/micrometer/micrometer-jakarta9/1.16.4/micrometer-jakarta9-1.16.4.jar
2026-04-09 22:33:24,314 [AetherRepositoryConnector-repo.maven.apache.org-0-3] INFO  o.e.m.c.i.e.AbstractTransferListenerAdapter - Downloaded https://repo.maven.apache.org/maven2/org/springframework/boot/spring-boot-health/4.0.5/spring-boot-health-4.0.5.jar
2026-04-09 22:33:24,321 [AetherRepositoryConnector-repo.maven.apache.org-1-0] INFO  o.e.m.c.i.e.AbstractTransferListenerAdapter - Downloading https://repo.maven.apache.org/maven2/com/google/code/gson/gson/2.13.2/gson-2.13.2.jar
2026-04-09 22:33:24,571 [AetherRepositoryConnector-repo.maven.apache.org-1-4] INFO  o.e.m.c.i.e.AbstractTransferListenerAdapter - Downloading https://repo.maven.apache.org/maven2/com/netflix/servo/servo-core/0.5.3/servo-core-0.5.3.jar
2026-04-09 22:33:24,741 [AetherRepositoryConnector-repo.maven.apache.org-1-1] INFO  o.e.m.c.i.e.AbstractTransferListenerAdapter - Downloaded https://repo.maven.apache.org/maven2/org/antlr/stringtemplate/3.2.1/stringtemplate-3.2.1.jar
2026-04-09 22:33:24,743 [AetherRepositoryConnector-repo.maven.apache.org-0-2] INFO  o.e.m.c.i.e.AbstractTransferListenerAdapter - Downloading https://repo.maven.apache.org/maven2/org/latencyutils/LatencyUtils/2.0.3/LatencyUtils-2.0.3.jar
2026-04-09 22:33:24,745 [AetherRepositoryConnector-repo.maven.apache.org-0-3] INFO  o.e.m.c.i.e.AbstractTransferListenerAdapter - Downloading https://repo.maven.apache.org/maven2/org/springframework/boot/spring-boot-starter-freemarker/4.0.5/spring-boot-starter-freemarker-4.0.5.jar
2026-04-09 22:33:24,745 [AetherRepositoryConnector-repo.maven.apache.org-1-2] INFO  o.e.m.c.i.e.AbstractTransferListenerAdapter - Downloaded https://repo.maven.apache.org/maven2/joda-time/joda-time/2.3/joda-time-2.3.jar
2026-04-09 22:33:24,830 [AetherRepositoryConnector-repo.maven.apache.org-1-3] INFO  o.e.m.c.i.e.AbstractTransferListenerAdapter - Downloaded https://repo.maven.apache.org/maven2/org/antlr/antlr-runtime/3.4/antlr-runtime-3.4.jar
2026-04-09 22:33:24,833 [AetherRepositoryConnector-repo.maven.apache.org-1-0] INFO  o.e.m.c.i.e.AbstractTransferListenerAdapter - Downloaded https://repo.maven.apache.org/maven2/com/google/code/gson/gson/2.13.2/gson-2.13.2.jar
2026-04-09 22:33:24,836 [AetherRepositoryConnector-repo.maven.apache.org-1-2] INFO  o.e.m.c.i.e.AbstractTransferListenerAdapter - Downloading https://repo.maven.apache.org/maven2/javax/annotation/javax.annotation-api/1.2/javax.annotation-api-1.2.jar
2026-04-09 22:33:24,863 [AetherRepositoryConnector-repo.maven.apache.org-1-1] INFO  o.e.m.c.i.e.AbstractTransferListenerAdapter - Downloading https://repo.maven.apache.org/maven2/org/apache/commons/commons-math/2.2/commons-math-2.2.jar
2026-04-09 22:33:25,142 [AetherRepositoryConnector-repo.maven.apache.org-1-0] INFO  o.e.m.c.i.e.AbstractTransferListenerAdapter - Downloading https://repo.maven.apache.org/maven2/org/apache/httpcomponents/client5/httpclient5/5.5.2/httpclient5-5.5.2.jar
2026-04-09 22:33:25,142 [AetherRepositoryConnector-repo.maven.apache.org-1-3] INFO  o.e.m.c.i.e.AbstractTransferListenerAdapter - Downloading https://repo.maven.apache.org/maven2/org/codehaus/jettison/jettison/1.5.4/jettison-1.5.4.jar
2026-04-09 22:33:25,539 [AetherRepositoryConnector-repo.maven.apache.org-1-4] INFO  o.e.m.c.i.e.AbstractTransferListenerAdapter - Downloaded https://repo.maven.apache.org/maven2/com/netflix/servo/servo-core/0.5.3/servo-core-0.5.3.jar
2026-04-09 22:33:25,539 [AetherRepositoryConnector-repo.maven.apache.org-1-2] INFO  o.e.m.c.i.e.AbstractTransferListenerAdapter - Downloaded https://repo.maven.apache.org/maven2/javax/annotation/javax.annotation-api/1.2/javax.annotation-api-1.2.jar
2026-04-09 22:33:25,665 [AetherRepositoryConnector-repo.maven.apache.org-1-4] INFO  o.e.m.c.i.e.AbstractTransferListenerAdapter - Downloading https://repo.maven.apache.org/maven2/org/apache/httpcomponents/core5/httpcore5/5.3.6/httpcore5-5.3.6.jar
2026-04-09 22:33:25,665 [AetherRepositoryConnector-repo.maven.apache.org-1-2] INFO  o.e.m.c.i.e.AbstractTransferListenerAdapter - Downloading https://repo.maven.apache.org/maven2/org/apache/httpcomponents/core5/httpcore5-h2/5.3.6/httpcore5-h2-5.3.6.jar
2026-04-09 22:33:25,793 [AetherRepositoryConnector-repo.maven.apache.org-1-3] INFO  o.e.m.c.i.e.AbstractTransferListenerAdapter - Downloaded https://repo.maven.apache.org/maven2/org/codehaus/jettison/jettison/1.5.4/jettison-1.5.4.jar
2026-04-09 22:33:25,852 [AetherRepositoryConnector-repo.maven.apache.org-0-0] INFO  o.e.m.c.i.e.AbstractTransferListenerAdapter - Downloaded https://repo.maven.apache.org/maven2/org/hdrhistogram/HdrHistogram/2.2.2/HdrHistogram-2.2.2.jar
2026-04-09 22:33:25,941 [AetherRepositoryConnector-repo.maven.apache.org-1-3] INFO  o.e.m.c.i.e.AbstractTransferListenerAdapter - Downloading https://repo.maven.apache.org/maven2/com/netflix/eureka/eureka-client-jersey3/2.0.5/eureka-client-jersey3-2.0.5.jar
2026-04-09 22:33:26,176 [AetherRepositoryConnector-repo.maven.apache.org-0-0] INFO  o.e.m.c.i.e.AbstractTransferListenerAdapter - Downloading https://repo.maven.apache.org/maven2/org/springframework/boot/spring-boot-freemarker/4.0.5/spring-boot-freemarker-4.0.5.jar
2026-04-09 22:33:26,628 [AetherRepositoryConnector-repo.maven.apache.org-1-1] INFO  o.e.m.c.i.e.AbstractTransferListenerAdapter - Downloaded https://repo.maven.apache.org/maven2/org/apache/commons/commons-math/2.2/commons-math-2.2.jar
2026-04-09 22:33:26,768 [AetherRepositoryConnector-repo.maven.apache.org-1-2] INFO  o.e.m.c.i.e.AbstractTransferListenerAdapter - Downloaded https://repo.maven.apache.org/maven2/org/apache/httpcomponents/core5/httpcore5-h2/5.3.6/httpcore5-h2-5.3.6.jar
2026-04-09 22:33:26,827 [AetherRepositoryConnector-repo.maven.apache.org-1-1] INFO  o.e.m.c.i.e.AbstractTransferListenerAdapter - Downloading https://repo.maven.apache.org/maven2/org/glassfish/jersey/connectors/jersey-apache-connector/3.0.5/jersey-apache-connector-3.0.5.jar
2026-04-09 22:33:26,858 [AetherRepositoryConnector-repo.maven.apache.org-1-0] INFO  o.e.m.c.i.e.AbstractTransferListenerAdapter - Downloaded https://repo.maven.apache.org/maven2/org/apache/httpcomponents/client5/httpclient5/5.5.2/httpclient5-5.5.2.jar
2026-04-09 22:33:26,878 [AetherRepositoryConnector-repo.maven.apache.org-0-3] INFO  o.e.m.c.i.e.AbstractTransferListenerAdapter - Downloaded https://repo.maven.apache.org/maven2/org/springframework/boot/spring-boot-starter-freemarker/4.0.5/spring-boot-starter-freemarker-4.0.5.jar
2026-04-09 22:33:26,908 [AetherRepositoryConnector-repo.maven.apache.org-1-2] INFO  o.e.m.c.i.e.AbstractTransferListenerAdapter - Downloading https://repo.maven.apache.org/maven2/com/netflix/eureka/eureka-core-jersey3/2.0.5/eureka-core-jersey3-2.0.5.jar
2026-04-09 22:33:26,940 [AetherRepositoryConnector-repo.maven.apache.org-1-3] INFO  o.e.m.c.i.e.AbstractTransferListenerAdapter - Downloaded https://repo.maven.apache.org/maven2/com/netflix/eureka/eureka-client-jersey3/2.0.5/eureka-client-jersey3-2.0.5.jar
2026-04-09 22:33:26,957 [AetherRepositoryConnector-repo.maven.apache.org-1-0] INFO  o.e.m.c.i.e.AbstractTransferListenerAdapter - Downloading https://repo.maven.apache.org/maven2/com/netflix/eureka/eureka-core/2.0.5/eureka-core-2.0.5.jar
2026-04-09 22:33:27,041 [AetherRepositoryConnector-repo.maven.apache.org-1-3] INFO  o.e.m.c.i.e.AbstractTransferListenerAdapter - Downloading https://repo.maven.apache.org/maven2/com/google/guava/guava/33.0.0-jre/guava-33.0.0-jre.jar
2026-04-09 22:33:27,072 [AetherRepositoryConnector-repo.maven.apache.org-0-3] INFO  o.e.m.c.i.e.AbstractTransferListenerAdapter - Downloading https://repo.maven.apache.org/maven2/org/freemarker/freemarker/2.3.34/freemarker-2.3.34.jar
2026-04-09 22:33:27,215 [AetherRepositoryConnector-repo.maven.apache.org-0-1] INFO  o.e.m.c.i.e.AbstractTransferListenerAdapter - Downloaded https://repo.maven.apache.org/maven2/io/micrometer/micrometer-core/1.16.4/micrometer-core-1.16.4.jar
2026-04-09 22:33:27,474 [AetherRepositoryConnector-repo.maven.apache.org-0-1] INFO  o.e.m.c.i.e.AbstractTransferListenerAdapter - Downloading https://repo.maven.apache.org/maven2/org/springframework/spring-context-support/7.0.6/spring-context-support-7.0.6.jar
2026-04-09 22:33:27,484 [AetherRepositoryConnector-repo.maven.apache.org-1-2] INFO  o.e.m.c.i.e.AbstractTransferListenerAdapter - Downloaded https://repo.maven.apache.org/maven2/com/netflix/eureka/eureka-core-jersey3/2.0.5/eureka-core-jersey3-2.0.5.jar
2026-04-09 22:33:27,664 [AetherRepositoryConnector-repo.maven.apache.org-1-4] INFO  o.e.m.c.i.e.AbstractTransferListenerAdapter - Downloaded https://repo.maven.apache.org/maven2/org/apache/httpcomponents/core5/httpcore5/5.3.6/httpcore5-5.3.6.jar
2026-04-09 22:33:27,669 [AetherRepositoryConnector-repo.maven.apache.org-1-0] INFO  o.e.m.c.i.e.AbstractTransferListenerAdapter - Downloaded https://repo.maven.apache.org/maven2/com/netflix/eureka/eureka-core/2.0.5/eureka-core-2.0.5.jar
2026-04-09 22:33:27,747 [AetherRepositoryConnector-repo.maven.apache.org-1-2] INFO  o.e.m.c.i.e.AbstractTransferListenerAdapter - Downloading https://repo.maven.apache.org/maven2/com/google/guava/failureaccess/1.0.2/failureaccess-1.0.2.jar
2026-04-09 22:33:27,819 [AetherRepositoryConnector-repo.maven.apache.org-0-2] INFO  o.e.m.c.i.e.AbstractTransferListenerAdapter - Downloaded https://repo.maven.apache.org/maven2/org/latencyutils/LatencyUtils/2.0.3/LatencyUtils-2.0.3.jar
2026-04-09 22:33:27,873 [AetherRepositoryConnector-repo.maven.apache.org-1-4] INFO  o.e.m.c.i.e.AbstractTransferListenerAdapter - Downloading https://repo.maven.apache.org/maven2/com/google/guava/listenablefuture/9999.0-empty-to-avoid-conflict-with-guava/listenablefuture-9999.0-empty-to-avoid-conflict-with-guava.jar
2026-04-09 22:33:27,873 [AetherRepositoryConnector-repo.maven.apache.org-1-0] INFO  o.e.m.c.i.e.AbstractTransferListenerAdapter - Downloading https://repo.maven.apache.org/maven2/org/checkerframework/checker-qual/3.41.0/checker-qual-3.41.0.jar
2026-04-09 22:33:28,178 [AetherRepositoryConnector-repo.maven.apache.org-0-2] INFO  o.e.m.c.i.e.AbstractTransferListenerAdapter - Downloading https://repo.maven.apache.org/maven2/org/springframework/cloud/spring-cloud-netflix-eureka-client/5.0.1/spring-cloud-netflix-eureka-client-5.0.1.jar
2026-04-09 22:33:28,222 [AetherRepositoryConnector-repo.maven.apache.org-1-1] INFO  o.e.m.c.i.e.AbstractTransferListenerAdapter - Downloaded https://repo.maven.apache.org/maven2/org/glassfish/jersey/connectors/jersey-apache-connector/3.0.5/jersey-apache-connector-3.0.5.jar
2026-04-09 22:33:28,351 [AetherRepositoryConnector-repo.maven.apache.org-1-1] INFO  o.e.m.c.i.e.AbstractTransferListenerAdapter - Downloading https://repo.maven.apache.org/maven2/com/google/errorprone/error_prone_annotations/2.23.0/error_prone_annotations-2.23.0.jar
2026-04-09 22:33:28,353 [AetherRepositoryConnector-repo.maven.apache.org-1-2] INFO  o.e.m.c.i.e.AbstractTransferListenerAdapter - Downloaded https://repo.maven.apache.org/maven2/com/google/guava/failureaccess/1.0.2/failureaccess-1.0.2.jar
2026-04-09 22:33:28,505 [AetherRepositoryConnector-repo.maven.apache.org-1-4] INFO  o.e.m.c.i.e.AbstractTransferListenerAdapter - Downloaded https://repo.maven.apache.org/maven2/com/google/guava/listenablefuture/9999.0-empty-to-avoid-conflict-with-guava/listenablefuture-9999.0-empty-to-avoid-conflict-with-guava.jar
2026-04-09 22:33:28,591 [AetherRepositoryConnector-repo.maven.apache.org-1-0] INFO  o.e.m.c.i.e.AbstractTransferListenerAdapter - Downloaded https://repo.maven.apache.org/maven2/org/checkerframework/checker-qual/3.41.0/checker-qual-3.41.0.jar
2026-04-09 22:33:28,627 [AetherRepositoryConnector-repo.maven.apache.org-1-2] INFO  o.e.m.c.i.e.AbstractTransferListenerAdapter - Downloading https://repo.maven.apache.org/maven2/com/google/j2objc/j2objc-annotations/2.8/j2objc-annotations-2.8.jar
2026-04-09 22:33:28,811 [AetherRepositoryConnector-repo.maven.apache.org-1-4] INFO  o.e.m.c.i.e.AbstractTransferListenerAdapter - Downloading https://repo.maven.apache.org/maven2/org/glassfish/jersey/containers/jersey-container-servlet/4.0.2/jersey-container-servlet-4.0.2.jar
2026-04-09 22:33:28,900 [AetherRepositoryConnector-repo.maven.apache.org-1-0] INFO  o.e.m.c.i.e.AbstractTransferListenerAdapter - Downloading https://repo.maven.apache.org/maven2/org/glassfish/jersey/core/jersey-common/4.0.2/jersey-common-4.0.2.jar
2026-04-09 22:33:29,169 [AetherRepositoryConnector-repo.maven.apache.org-0-0] INFO  o.e.m.c.i.e.AbstractTransferListenerAdapter - Downloaded https://repo.maven.apache.org/maven2/org/springframework/boot/spring-boot-freemarker/4.0.5/spring-boot-freemarker-4.0.5.jar
2026-04-09 22:33:29,554 [AetherRepositoryConnector-repo.maven.apache.org-0-0] INFO  o.e.m.c.i.e.AbstractTransferListenerAdapter - Downloading https://repo.maven.apache.org/maven2/org/springframework/boot/spring-boot-jackson2/4.0.5/spring-boot-jackson2-4.0.5.jar
2026-04-09 22:33:29,577 [AetherRepositoryConnector-repo.maven.apache.org-1-4] INFO  o.e.m.c.i.e.AbstractTransferListenerAdapter - Downloaded https://repo.maven.apache.org/maven2/org/glassfish/jersey/containers/jersey-container-servlet/4.0.2/jersey-container-servlet-4.0.2.jar
2026-04-09 22:33:29,585 [AetherRepositoryConnector-repo.maven.apache.org-1-1] INFO  o.e.m.c.i.e.AbstractTransferListenerAdapter - Downloaded https://repo.maven.apache.org/maven2/com/google/errorprone/error_prone_annotations/2.23.0/error_prone_annotations-2.23.0.jar
2026-04-09 22:33:29,603 [AetherRepositoryConnector-repo.maven.apache.org-1-2] INFO  o.e.m.c.i.e.AbstractTransferListenerAdapter - Downloaded https://repo.maven.apache.org/maven2/com/google/j2objc/j2objc-annotations/2.8/j2objc-annotations-2.8.jar
2026-04-09 22:33:29,814 [AetherRepositoryConnector-repo.maven.apache.org-1-1] INFO  o.e.m.c.i.e.AbstractTransferListenerAdapter - Downloading https://repo.maven.apache.org/maven2/jakarta/ws/rs/jakarta.ws.rs-api/4.0.0/jakarta.ws.rs-api-4.0.0.jar
2026-04-09 22:33:29,814 [AetherRepositoryConnector-repo.maven.apache.org-1-4] INFO  o.e.m.c.i.e.AbstractTransferListenerAdapter - Downloading https://repo.maven.apache.org/maven2/org/glassfish/hk2/osgi-resource-locator/3.0.0/osgi-resource-locator-3.0.0.jar
2026-04-09 22:33:29,858 [AetherRepositoryConnector-repo.maven.apache.org-1-2] INFO  o.e.m.c.i.e.AbstractTransferListenerAdapter - Downloading https://repo.maven.apache.org/maven2/org/glassfish/jersey/core/jersey-server/4.0.2/jersey-server-4.0.2.jar
2026-04-09 22:33:30,626 [AetherRepositoryConnector-repo.maven.apache.org-0-1] INFO  o.e.m.c.i.e.AbstractTransferListenerAdapter - Downloaded https://repo.maven.apache.org/maven2/org/springframework/spring-context-support/7.0.6/spring-context-support-7.0.6.jar
2026-04-09 22:33:30,730 [AetherRepositoryConnector-repo.maven.apache.org-1-3] INFO  o.e.m.c.i.e.AbstractTransferListenerAdapter - Downloaded https://repo.maven.apache.org/maven2/com/google/guava/guava/33.0.0-jre/guava-33.0.0-jre.jar
2026-04-09 22:33:30,841 [AetherRepositoryConnector-repo.maven.apache.org-1-1] INFO  o.e.m.c.i.e.AbstractTransferListenerAdapter - Downloaded https://repo.maven.apache.org/maven2/jakarta/ws/rs/jakarta.ws.rs-api/4.0.0/jakarta.ws.rs-api-4.0.0.jar
2026-04-09 22:33:30,847 [AetherRepositoryConnector-repo.maven.apache.org-1-4] INFO  o.e.m.c.i.e.AbstractTransferListenerAdapter - Downloaded https://repo.maven.apache.org/maven2/org/glassfish/hk2/osgi-resource-locator/3.0.0/osgi-resource-locator-3.0.0.jar
2026-04-09 22:33:30,856 [AetherRepositoryConnector-repo.maven.apache.org-0-1] INFO  o.e.m.c.i.e.AbstractTransferListenerAdapter - Downloading https://repo.maven.apache.org/maven2/com/netflix/eureka/eureka-client/2.0.5/eureka-client-2.0.5.jar
2026-04-09 22:33:30,864 [AetherRepositoryConnector-repo.maven.apache.org-1-3] INFO  o.e.m.c.i.e.AbstractTransferListenerAdapter - Downloading https://repo.maven.apache.org/maven2/jakarta/validation/jakarta.validation-api/3.1.1/jakarta.validation-api-3.1.1.jar
2026-04-09 22:33:31,032 [AetherRepositoryConnector-repo.maven.apache.org-1-1] INFO  o.e.m.c.i.e.AbstractTransferListenerAdapter - Downloading https://repo.maven.apache.org/maven2/org/glassfish/jersey/core/jersey-client/4.0.2/jersey-client-4.0.2.jar
2026-04-09 22:33:31,032 [AetherRepositoryConnector-repo.maven.apache.org-1-4] INFO  o.e.m.c.i.e.AbstractTransferListenerAdapter - Downloading https://repo.maven.apache.org/maven2/org/glassfish/jersey/inject/jersey-hk2/4.0.2/jersey-hk2-4.0.2.jar
2026-04-09 22:33:31,065 [AetherRepositoryConnector-repo.maven.apache.org-0-2] INFO  o.e.m.c.i.e.AbstractTransferListenerAdapter - Downloaded https://repo.maven.apache.org/maven2/org/springframework/cloud/spring-cloud-netflix-eureka-client/5.0.1/spring-cloud-netflix-eureka-client-5.0.1.jar
2026-04-09 22:33:31,234 [AetherRepositoryConnector-repo.maven.apache.org-0-2] INFO  o.e.m.c.i.e.AbstractTransferListenerAdapter - Downloading https://repo.maven.apache.org/maven2/com/thoughtworks/xstream/xstream/1.4.21/xstream-1.4.21.jar
2026-04-09 22:33:31,293 [AetherRepositoryConnector-repo.maven.apache.org-1-0] INFO  o.e.m.c.i.e.AbstractTransferListenerAdapter - Downloaded https://repo.maven.apache.org/maven2/org/glassfish/jersey/core/jersey-common/4.0.2/jersey-common-4.0.2.jar
2026-04-09 22:33:31,435 [AetherRepositoryConnector-repo.maven.apache.org-1-0] INFO  o.e.m.c.i.e.AbstractTransferListenerAdapter - Downloading https://repo.maven.apache.org/maven2/org/glassfish/hk2/hk2-locator/4.0.0-M3/hk2-locator-4.0.0-M3.jar
2026-04-09 22:33:31,492 [AetherRepositoryConnector-repo.maven.apache.org-0-0] INFO  o.e.m.c.i.e.AbstractTransferListenerAdapter - Downloaded https://repo.maven.apache.org/maven2/org/springframework/boot/spring-boot-jackson2/4.0.5/spring-boot-jackson2-4.0.5.jar
2026-04-09 22:33:31,621 [AetherRepositoryConnector-repo.maven.apache.org-1-4] INFO  o.e.m.c.i.e.AbstractTransferListenerAdapter - Downloaded https://repo.maven.apache.org/maven2/org/glassfish/jersey/inject/jersey-hk2/4.0.2/jersey-hk2-4.0.2.jar
2026-04-09 22:33:31,626 [AetherRepositoryConnector-repo.maven.apache.org-1-3] INFO  o.e.m.c.i.e.AbstractTransferListenerAdapter - Downloaded https://repo.maven.apache.org/maven2/jakarta/validation/jakarta.validation-api/3.1.1/jakarta.validation-api-3.1.1.jar
2026-04-09 22:33:31,657 [AetherRepositoryConnector-repo.maven.apache.org-1-1] INFO  o.e.m.c.i.e.AbstractTransferListenerAdapter - Downloaded https://repo.maven.apache.org/maven2/org/glassfish/jersey/core/jersey-client/4.0.2/jersey-client-4.0.2.jar
2026-04-09 22:33:31,664 [AetherRepositoryConnector-repo.maven.apache.org-0-0] INFO  o.e.m.c.i.e.AbstractTransferListenerAdapter - Downloading https://repo.maven.apache.org/maven2/io/github/x-stream/mxparser/1.2.2/mxparser-1.2.2.jar
2026-04-09 22:33:31,666 [AetherRepositoryConnector-repo.maven.apache.org-1-3] INFO  o.e.m.c.i.e.AbstractTransferListenerAdapter - Downloading https://repo.maven.apache.org/maven2/org/javassist/javassist/3.30.2-GA/javassist-3.30.2-GA.jar
2026-04-09 22:33:31,747 [AetherRepositoryConnector-repo.maven.apache.org-1-4] INFO  o.e.m.c.i.e.AbstractTransferListenerAdapter - Downloading https://repo.maven.apache.org/maven2/org/glassfish/hk2/hk2-utils/4.0.0-M3/hk2-utils-4.0.0-M3.jar
2026-04-09 22:33:31,908 [AetherRepositoryConnector-repo.maven.apache.org-1-1] INFO  o.e.m.c.i.e.AbstractTransferListenerAdapter - Downloading https://repo.maven.apache.org/maven2/org/glassfish/hk2/spring-bridge/3.1.1/spring-bridge-3.1.1.jar
2026-04-09 22:33:32,149 [AetherRepositoryConnector-repo.maven.apache.org-1-2] INFO  o.e.m.c.i.e.AbstractTransferListenerAdapter - Downloaded https://repo.maven.apache.org/maven2/org/glassfish/jersey/core/jersey-server/4.0.2/jersey-server-4.0.2.jar
2026-04-09 22:33:32,207 [AetherRepositoryConnector-repo.maven.apache.org-1-0] INFO  o.e.m.c.i.e.AbstractTransferListenerAdapter - Downloaded https://repo.maven.apache.org/maven2/org/glassfish/hk2/hk2-locator/4.0.0-M3/hk2-locator-4.0.0-M3.jar
2026-04-09 22:33:32,273 [AetherRepositoryConnector-repo.maven.apache.org-1-2] INFO  o.e.m.c.i.e.AbstractTransferListenerAdapter - Downloading https://repo.maven.apache.org/maven2/org/glassfish/hk2/hk2-api/3.1.1/hk2-api-3.1.1.jar
2026-04-09 22:33:32,325 [AetherRepositoryConnector-repo.maven.apache.org-1-4] INFO  o.e.m.c.i.e.AbstractTransferListenerAdapter - Downloaded https://repo.maven.apache.org/maven2/org/glassfish/hk2/hk2-utils/4.0.0-M3/hk2-utils-4.0.0-M3.jar
2026-04-09 22:33:32,342 [AetherRepositoryConnector-repo.maven.apache.org-1-0] INFO  o.e.m.c.i.e.AbstractTransferListenerAdapter - Downloading https://repo.maven.apache.org/maven2/com/fasterxml/jackson/dataformat/jackson-dataformat-xml/2.21.2/jackson-dataformat-xml-2.21.2.jar
2026-04-09 22:33:32,455 [AetherRepositoryConnector-repo.maven.apache.org-1-4] INFO  o.e.m.c.i.e.AbstractTransferListenerAdapter - Downloading https://repo.maven.apache.org/maven2/org/codehaus/woodstox/stax2-api/4.2.2/stax2-api-4.2.2.jar
2026-04-09 22:33:32,899 [AetherRepositoryConnector-repo.maven.apache.org-1-1] INFO  o.e.m.c.i.e.AbstractTransferListenerAdapter - Downloaded https://repo.maven.apache.org/maven2/org/glassfish/hk2/spring-bridge/3.1.1/spring-bridge-3.1.1.jar
2026-04-09 22:33:33,012 [AetherRepositoryConnector-repo.maven.apache.org-1-2] INFO  o.e.m.c.i.e.AbstractTransferListenerAdapter - Downloaded https://repo.maven.apache.org/maven2/org/glassfish/hk2/hk2-api/3.1.1/hk2-api-3.1.1.jar
2026-04-09 22:33:33,025 [AetherRepositoryConnector-repo.maven.apache.org-1-1] INFO  o.e.m.c.i.e.AbstractTransferListenerAdapter - Downloading https://repo.maven.apache.org/maven2/com/fasterxml/woodstox/woodstox-core/7.1.1/woodstox-core-7.1.1.jar
2026-04-09 22:33:33,051 [AetherRepositoryConnector-repo.maven.apache.org-1-3] INFO  o.e.m.c.i.e.AbstractTransferListenerAdapter - Downloaded https://repo.maven.apache.org/maven2/org/javassist/javassist/3.30.2-GA/javassist-3.30.2-GA.jar
2026-04-09 22:33:33,282 [AetherRepositoryConnector-repo.maven.apache.org-1-4] INFO  o.e.m.c.i.e.AbstractTransferListenerAdapter - Downloaded https://repo.maven.apache.org/maven2/org/codehaus/woodstox/stax2-api/4.2.2/stax2-api-4.2.2.jar
2026-04-09 22:33:33,283 [AetherRepositoryConnector-repo.maven.apache.org-1-0] INFO  o.e.m.c.i.e.AbstractTransferListenerAdapter - Downloaded https://repo.maven.apache.org/maven2/com/fasterxml/jackson/dataformat/jackson-dataformat-xml/2.21.2/jackson-dataformat-xml-2.21.2.jar
2026-04-09 22:33:33,296 [AetherRepositoryConnector-repo.maven.apache.org-1-3] INFO  o.e.m.c.i.e.AbstractTransferListenerAdapter - Downloading https://repo.maven.apache.org/maven2/org/springframework/cloud/spring-cloud-loadbalancer/5.0.1/spring-cloud-loadbalancer-5.0.1.jar
2026-04-09 22:33:33,296 [AetherRepositoryConnector-repo.maven.apache.org-1-2] INFO  o.e.m.c.i.e.AbstractTransferListenerAdapter - Downloading https://repo.maven.apache.org/maven2/org/springframework/cloud/spring-cloud-starter-loadbalancer/5.0.1/spring-cloud-starter-loadbalancer-5.0.1.jar
2026-04-09 22:33:33,525 [AetherRepositoryConnector-repo.maven.apache.org-1-4] INFO  o.e.m.c.i.e.AbstractTransferListenerAdapter - Downloading https://repo.maven.apache.org/maven2/io/projectreactor/reactor-core/3.8.4/reactor-core-3.8.4.jar
2026-04-09 22:33:33,526 [AetherRepositoryConnector-repo.maven.apache.org-1-0] INFO  o.e.m.c.i.e.AbstractTransferListenerAdapter - Downloading https://repo.maven.apache.org/maven2/org/reactivestreams/reactive-streams/1.0.4/reactive-streams-1.0.4.jar
2026-04-09 22:33:34,457 [AetherRepositoryConnector-repo.maven.apache.org-1-2] INFO  o.e.m.c.i.e.AbstractTransferListenerAdapter - Downloaded https://repo.maven.apache.org/maven2/org/springframework/cloud/spring-cloud-starter-loadbalancer/5.0.1/spring-cloud-starter-loadbalancer-5.0.1.jar
2026-04-09 22:33:34,691 [AetherRepositoryConnector-repo.maven.apache.org-0-0] INFO  o.e.m.c.i.e.AbstractTransferListenerAdapter - Downloaded https://repo.maven.apache.org/maven2/io/github/x-stream/mxparser/1.2.2/mxparser-1.2.2.jar
2026-04-09 22:33:34,718 [AetherRepositoryConnector-repo.maven.apache.org-0-1] INFO  o.e.m.c.i.e.AbstractTransferListenerAdapter - Downloaded https://repo.maven.apache.org/maven2/com/netflix/eureka/eureka-client/2.0.5/eureka-client-2.0.5.jar
2026-04-09 22:33:34,765 [AetherRepositoryConnector-repo.maven.apache.org-1-2] INFO  o.e.m.c.i.e.AbstractTransferListenerAdapter - Downloading https://repo.maven.apache.org/maven2/io/projectreactor/addons/reactor-extra/3.6.0/reactor-extra-3.6.0.jar
2026-04-09 22:33:34,868 [AetherRepositoryConnector-repo.maven.apache.org-1-3] INFO  o.e.m.c.i.e.AbstractTransferListenerAdapter - Downloaded https://repo.maven.apache.org/maven2/org/springframework/cloud/spring-cloud-loadbalancer/5.0.1/spring-cloud-loadbalancer-5.0.1.jar
2026-04-09 22:33:34,944 [AetherRepositoryConnector-repo.maven.apache.org-1-0] INFO  o.e.m.c.i.e.AbstractTransferListenerAdapter - Downloaded https://repo.maven.apache.org/maven2/org/reactivestreams/reactive-streams/1.0.4/reactive-streams-1.0.4.jar
2026-04-09 22:33:35,212 [AetherRepositoryConnector-repo.maven.apache.org-0-0] INFO  o.e.m.c.i.e.AbstractTransferListenerAdapter - Downloading https://repo.maven.apache.org/maven2/xmlpull/xmlpull/1.1.3.1/xmlpull-1.1.3.1.jar
2026-04-09 22:33:35,214 [AetherRepositoryConnector-repo.maven.apache.org-0-1] INFO  o.e.m.c.i.e.AbstractTransferListenerAdapter - Downloading https://repo.maven.apache.org/maven2/com/netflix/spectator/spectator-api/1.7.3/spectator-api-1.7.3.jar
2026-04-09 22:33:35,240 [AetherRepositoryConnector-repo.maven.apache.org-1-0] INFO  o.e.m.c.i.e.AbstractTransferListenerAdapter - Downloading https://repo.maven.apache.org/maven2/org/springframework/boot/spring-boot-cache/4.0.5/spring-boot-cache-4.0.5.jar
2026-04-09 22:33:35,240 [AetherRepositoryConnector-repo.maven.apache.org-1-3] INFO  o.e.m.c.i.e.AbstractTransferListenerAdapter - Downloading https://repo.maven.apache.org/maven2/org/springframework/boot/spring-boot-starter-cache/4.0.5/spring-boot-starter-cache-4.0.5.jar
2026-04-09 22:33:35,785 [AetherRepositoryConnector-repo.maven.apache.org-0-2] INFO  o.e.m.c.i.e.AbstractTransferListenerAdapter - Downloaded https://repo.maven.apache.org/maven2/com/thoughtworks/xstream/xstream/1.4.21/xstream-1.4.21.jar
2026-04-09 22:33:35,973 [AetherRepositoryConnector-repo.maven.apache.org-0-2] INFO  o.e.m.c.i.e.AbstractTransferListenerAdapter - Downloading https://repo.maven.apache.org/maven2/org/apache/httpcomponents/httpclient/4.5.3/httpclient-4.5.3.jar
2026-04-09 22:33:36,049 [AetherRepositoryConnector-repo.maven.apache.org-0-0] INFO  o.e.m.c.i.e.AbstractTransferListenerAdapter - Downloaded https://repo.maven.apache.org/maven2/xmlpull/xmlpull/1.1.3.1/xmlpull-1.1.3.1.jar
2026-04-09 22:33:36,292 [AetherRepositoryConnector-repo.maven.apache.org-0-3] INFO  o.e.m.c.i.e.AbstractTransferListenerAdapter - Downloaded https://repo.maven.apache.org/maven2/org/freemarker/freemarker/2.3.34/freemarker-2.3.34.jar
2026-04-09 22:33:36,312 [AetherRepositoryConnector-repo.maven.apache.org-0-0] INFO  o.e.m.c.i.e.AbstractTransferListenerAdapter - Downloading https://repo.maven.apache.org/maven2/org/apache/httpcomponents/httpcore/4.4.16/httpcore-4.4.16.jar
2026-04-09 22:33:36,428 [AetherRepositoryConnector-repo.maven.apache.org-1-2] INFO  o.e.m.c.i.e.AbstractTransferListenerAdapter - Downloaded https://repo.maven.apache.org/maven2/io/projectreactor/addons/reactor-extra/3.6.0/reactor-extra-3.6.0.jar
2026-04-09 22:33:36,453 [AetherRepositoryConnector-repo.maven.apache.org-0-1] INFO  o.e.m.c.i.e.AbstractTransferListenerAdapter - Downloaded https://repo.maven.apache.org/maven2/com/netflix/spectator/spectator-api/1.7.3/spectator-api-1.7.3.jar
2026-04-09 22:33:36,469 [AetherRepositoryConnector-repo.maven.apache.org-0-3] INFO  o.e.m.c.i.e.AbstractTransferListenerAdapter - Downloading https://repo.maven.apache.org/maven2/commons-codec/commons-codec/1.19.0/commons-codec-1.19.0.jar
2026-04-09 22:33:36,543 [AetherRepositoryConnector-repo.maven.apache.org-1-0] INFO  o.e.m.c.i.e.AbstractTransferListenerAdapter - Downloaded https://repo.maven.apache.org/maven2/org/springframework/boot/spring-boot-cache/4.0.5/spring-boot-cache-4.0.5.jar
2026-04-09 22:33:36,543 [AetherRepositoryConnector-repo.maven.apache.org-1-3] INFO  o.e.m.c.i.e.AbstractTransferListenerAdapter - Downloaded https://repo.maven.apache.org/maven2/org/springframework/boot/spring-boot-starter-cache/4.0.5/spring-boot-starter-cache-4.0.5.jar
2026-04-09 22:33:36,650 [AetherRepositoryConnector-repo.maven.apache.org-1-2] INFO  o.e.m.c.i.e.AbstractTransferListenerAdapter - Downloading https://repo.maven.apache.org/maven2/com/stoyanr/evictor/1.0.0/evictor-1.0.0.jar
2026-04-09 22:33:36,696 [AetherRepositoryConnector-repo.maven.apache.org-0-1] INFO  o.e.m.c.i.e.AbstractTransferListenerAdapter - Downloading https://repo.maven.apache.org/maven2/commons-configuration/commons-configuration/1.10/commons-configuration-1.10.jar
2026-04-09 22:33:37,254 [AetherRepositoryConnector-repo.maven.apache.org-1-1] INFO  o.e.m.c.i.e.AbstractTransferListenerAdapter - Downloaded https://repo.maven.apache.org/maven2/com/fasterxml/woodstox/woodstox-core/7.1.1/woodstox-core-7.1.1.jar
2026-04-09 22:33:37,464 [AetherRepositoryConnector-repo.maven.apache.org-1-2] INFO  o.e.m.c.i.e.AbstractTransferListenerAdapter - Downloaded https://repo.maven.apache.org/maven2/com/stoyanr/evictor/1.0.0/evictor-1.0.0.jar
2026-04-09 22:33:37,498 [AetherRepositoryConnector-repo.maven.apache.org-1-4] INFO  o.e.m.c.i.e.AbstractTransferListenerAdapter - Downloaded https://repo.maven.apache.org/maven2/io/projectreactor/reactor-core/3.8.4/reactor-core-3.8.4.jar
2026-04-09 22:33:38,233 [AetherRepositoryConnector-repo.maven.apache.org-0-0] INFO  o.e.m.c.i.e.AbstractTransferListenerAdapter - Downloaded https://repo.maven.apache.org/maven2/org/apache/httpcomponents/httpcore/4.4.16/httpcore-4.4.16.jar
2026-04-09 22:33:38,444 [AetherRepositoryConnector-repo.maven.apache.org-0-3] INFO  o.e.m.c.i.e.AbstractTransferListenerAdapter - Downloaded https://repo.maven.apache.org/maven2/commons-codec/commons-codec/1.19.0/commons-codec-1.19.0.jar
2026-04-09 22:33:38,464 [AetherRepositoryConnector-repo.maven.apache.org-0-1] INFO  o.e.m.c.i.e.AbstractTransferListenerAdapter - Downloaded https://repo.maven.apache.org/maven2/commons-configuration/commons-configuration/1.10/commons-configuration-1.10.jar
2026-04-09 22:33:38,470 [AetherRepositoryConnector-repo.maven.apache.org-0-2] INFO  o.e.m.c.i.e.AbstractTransferListenerAdapter - Downloaded https://repo.maven.apache.org/maven2/org/apache/httpcomponents/httpclient/4.5.3/httpclient-4.5.3.jar
2026-04-09 22:33:38,585 [AetherRepositoryConnector-repo.maven.apache.org-0-0] INFO  o.e.m.c.i.e.AbstractTransferListenerAdapter - Downloading https://repo.maven.apache.org/maven2/commons-lang/commons-lang/2.6/commons-lang-2.6.jar
2026-04-09 22:33:38,608 [AetherRepositoryConnector-repo.maven.apache.org-0-3] INFO  o.e.m.c.i.e.AbstractTransferListenerAdapter - Downloading https://repo.maven.apache.org/maven2/com/netflix/netflix-commons/netflix-eventbus/0.3.0/netflix-eventbus-0.3.0.jar
2026-04-09 22:33:38,610 [AetherRepositoryConnector-repo.maven.apache.org-0-1] INFO  o.e.m.c.i.e.AbstractTransferListenerAdapter - Downloading https://repo.maven.apache.org/maven2/com/netflix/netflix-commons/netflix-infix/0.3.0/netflix-infix-0.3.0.jar
2026-04-09 22:33:38,612 [AetherRepositoryConnector-repo.maven.apache.org-0-2] INFO  o.e.m.c.i.e.AbstractTransferListenerAdapter - Downloading https://repo.maven.apache.org/maven2/commons-jxpath/commons-jxpath/1.3/commons-jxpath-1.3.jar
2026-04-09 22:33:39,397 [AetherRepositoryConnector-repo.maven.apache.org-0-3] INFO  o.e.m.c.i.e.AbstractTransferListenerAdapter - Downloaded https://repo.maven.apache.org/maven2/com/netflix/netflix-commons/netflix-eventbus/0.3.0/netflix-eventbus-0.3.0.jar
2026-04-09 22:33:39,397 [AetherRepositoryConnector-repo.maven.apache.org-0-1] INFO  o.e.m.c.i.e.AbstractTransferListenerAdapter - Downloaded https://repo.maven.apache.org/maven2/com/netflix/netflix-commons/netflix-infix/0.3.0/netflix-infix-0.3.0.jar
2026-04-09 22:33:39,525 [AetherRepositoryConnector-repo.maven.apache.org-0-0] INFO  o.e.m.c.i.e.AbstractTransferListenerAdapter - Downloaded https://repo.maven.apache.org/maven2/commons-lang/commons-lang/2.6/commons-lang-2.6.jar
2026-04-09 22:33:39,567 [AetherRepositoryConnector-repo.maven.apache.org-0-1] INFO  o.e.m.c.i.e.AbstractTransferListenerAdapter - Downloading https://repo.maven.apache.org/maven2/org/antlr/antlr-runtime/3.4/antlr-runtime-3.4.jar
2026-04-09 22:33:39,569 [AetherRepositoryConnector-repo.maven.apache.org-0-3] INFO  o.e.m.c.i.e.AbstractTransferListenerAdapter - Downloading https://repo.maven.apache.org/maven2/joda-time/joda-time/2.3/joda-time-2.3.jar
2026-04-09 22:33:39,765 [AetherRepositoryConnector-repo.maven.apache.org-0-0] INFO  o.e.m.c.i.e.AbstractTransferListenerAdapter - Downloading https://repo.maven.apache.org/maven2/org/antlr/stringtemplate/3.2.1/stringtemplate-3.2.1.jar
2026-04-09 22:33:39,826 [AetherRepositoryConnector-repo.maven.apache.org-0-2] INFO  o.e.m.c.i.e.AbstractTransferListenerAdapter - Downloaded https://repo.maven.apache.org/maven2/commons-jxpath/commons-jxpath/1.3/commons-jxpath-1.3.jar
2026-04-09 22:33:39,977 [AetherRepositoryConnector-repo.maven.apache.org-0-2] INFO  o.e.m.c.i.e.AbstractTransferListenerAdapter - Downloading https://repo.maven.apache.org/maven2/com/google/code/gson/gson/2.13.2/gson-2.13.2.jar
2026-04-09 22:33:40,519 [AetherRepositoryConnector-repo.maven.apache.org-0-1] INFO  o.e.m.c.i.e.AbstractTransferListenerAdapter - Downloaded https://repo.maven.apache.org/maven2/org/antlr/antlr-runtime/3.4/antlr-runtime-3.4.jar
2026-04-09 22:33:40,621 [AetherRepositoryConnector-repo.maven.apache.org-0-0] INFO  o.e.m.c.i.e.AbstractTransferListenerAdapter - Downloaded https://repo.maven.apache.org/maven2/org/antlr/stringtemplate/3.2.1/stringtemplate-3.2.1.jar
2026-04-09 22:33:40,721 [AetherRepositoryConnector-repo.maven.apache.org-0-1] INFO  o.e.m.c.i.e.AbstractTransferListenerAdapter - Downloading https://repo.maven.apache.org/maven2/com/netflix/servo/servo-core/0.5.3/servo-core-0.5.3.jar
2026-04-09 22:33:40,738 [AetherRepositoryConnector-repo.maven.apache.org-0-2] INFO  o.e.m.c.i.e.AbstractTransferListenerAdapter - Downloaded https://repo.maven.apache.org/maven2/com/google/code/gson/gson/2.13.2/gson-2.13.2.jar
2026-04-09 22:33:40,768 [AetherRepositoryConnector-repo.maven.apache.org-0-0] INFO  o.e.m.c.i.e.AbstractTransferListenerAdapter - Downloading https://repo.maven.apache.org/maven2/org/apache/commons/commons-math/2.2/commons-math-2.2.jar
2026-04-09 22:33:40,815 [AetherRepositoryConnector-repo.maven.apache.org-0-2] INFO  o.e.m.c.i.e.AbstractTransferListenerAdapter - Downloading https://repo.maven.apache.org/maven2/javax/annotation/javax.annotation-api/1.2/javax.annotation-api-1.2.jar
2026-04-09 22:33:40,907 [AetherRepositoryConnector-repo.maven.apache.org-0-3] INFO  o.e.m.c.i.e.AbstractTransferListenerAdapter - Downloaded https://repo.maven.apache.org/maven2/joda-time/joda-time/2.3/joda-time-2.3.jar
2026-04-09 22:33:41,187 [AetherRepositoryConnector-repo.maven.apache.org-0-4] INFO  o.e.m.c.i.e.AbstractTransferListenerAdapter - Downloaded https://repo.maven.apache.org/maven2/org/bouncycastle/bcprov-jdk18on/1.81/bcprov-jdk18on-1.81.jar
2026-04-09 22:33:41,187 [AetherRepositoryConnector-repo.maven.apache.org-0-3] INFO  o.e.m.c.i.e.AbstractTransferListenerAdapter - Downloading https://repo.maven.apache.org/maven2/org/codehaus/jettison/jettison/1.5.4/jettison-1.5.4.jar
2026-04-09 22:33:41,386 [AetherRepositoryConnector-repo.maven.apache.org-0-4] INFO  o.e.m.c.i.e.AbstractTransferListenerAdapter - Downloading https://repo.maven.apache.org/maven2/org/apache/httpcomponents/client5/httpclient5/5.5.2/httpclient5-5.5.2.jar
2026-04-09 22:33:41,392 [AetherRepositoryConnector-repo.maven.apache.org-0-2] INFO  o.e.m.c.i.e.AbstractTransferListenerAdapter - Downloaded https://repo.maven.apache.org/maven2/javax/annotation/javax.annotation-api/1.2/javax.annotation-api-1.2.jar
2026-04-09 22:33:41,615 [AetherRepositoryConnector-repo.maven.apache.org-0-2] INFO  o.e.m.c.i.e.AbstractTransferListenerAdapter - Downloading https://repo.maven.apache.org/maven2/org/apache/httpcomponents/core5/httpcore5/5.3.6/httpcore5-5.3.6.jar
2026-04-09 22:33:41,634 [AetherRepositoryConnector-repo.maven.apache.org-0-1] INFO  o.e.m.c.i.e.AbstractTransferListenerAdapter - Downloaded https://repo.maven.apache.org/maven2/com/netflix/servo/servo-core/0.5.3/servo-core-0.5.3.jar
2026-04-09 22:33:41,673 [AetherRepositoryConnector-repo.maven.apache.org-0-3] INFO  o.e.m.c.i.e.AbstractTransferListenerAdapter - Downloaded https://repo.maven.apache.org/maven2/org/codehaus/jettison/jettison/1.5.4/jettison-1.5.4.jar
2026-04-09 22:33:41,783 [AetherRepositoryConnector-repo.maven.apache.org-0-1] INFO  o.e.m.c.i.e.AbstractTransferListenerAdapter - Downloading https://repo.maven.apache.org/maven2/org/apache/httpcomponents/core5/httpcore5-h2/5.3.6/httpcore5-h2-5.3.6.jar
2026-04-09 22:33:41,822 [AetherRepositoryConnector-repo.maven.apache.org-0-3] INFO  o.e.m.c.i.e.AbstractTransferListenerAdapter - Downloading https://repo.maven.apache.org/maven2/com/netflix/eureka/eureka-client-jersey3/2.0.5/eureka-client-jersey3-2.0.5.jar
2026-04-09 22:33:42,131 [AetherRepositoryConnector-repo.maven.apache.org-0-0] INFO  o.e.m.c.i.e.AbstractTransferListenerAdapter - Downloaded https://repo.maven.apache.org/maven2/org/apache/commons/commons-math/2.2/commons-math-2.2.jar
2026-04-09 22:33:42,403 [AetherRepositoryConnector-repo.maven.apache.org-0-0] INFO  o.e.m.c.i.e.AbstractTransferListenerAdapter - Downloading https://repo.maven.apache.org/maven2/org/glassfish/jersey/connectors/jersey-apache-connector/3.0.5/jersey-apache-connector-3.0.5.jar
2026-04-09 22:33:42,547 [AetherRepositoryConnector-repo.maven.apache.org-0-1] INFO  o.e.m.c.i.e.AbstractTransferListenerAdapter - Downloaded https://repo.maven.apache.org/maven2/org/apache/httpcomponents/core5/httpcore5-h2/5.3.6/httpcore5-h2-5.3.6.jar
2026-04-09 22:33:42,618 [AetherRepositoryConnector-repo.maven.apache.org-0-4] INFO  o.e.m.c.i.e.AbstractTransferListenerAdapter - Downloaded https://repo.maven.apache.org/maven2/org/apache/httpcomponents/client5/httpclient5/5.5.2/httpclient5-5.5.2.jar
2026-04-09 22:33:42,638 [AetherRepositoryConnector-repo.maven.apache.org-0-1] INFO  o.e.m.c.i.e.AbstractTransferListenerAdapter - Downloading https://repo.maven.apache.org/maven2/com/netflix/eureka/eureka-core-jersey3/2.0.5/eureka-core-jersey3-2.0.5.jar
2026-04-09 22:33:42,693 [AetherRepositoryConnector-repo.maven.apache.org-0-4] INFO  o.e.m.c.i.e.AbstractTransferListenerAdapter - Downloading https://repo.maven.apache.org/maven2/com/netflix/eureka/eureka-core/2.0.5/eureka-core-2.0.5.jar
2026-04-09 22:33:42,727 [AetherRepositoryConnector-repo.maven.apache.org-0-2] INFO  o.e.m.c.i.e.AbstractTransferListenerAdapter - Downloaded https://repo.maven.apache.org/maven2/org/apache/httpcomponents/core5/httpcore5/5.3.6/httpcore5-5.3.6.jar
2026-04-09 22:33:42,837 [AetherRepositoryConnector-repo.maven.apache.org-0-2] INFO  o.e.m.c.i.e.AbstractTransferListenerAdapter - Downloading https://repo.maven.apache.org/maven2/com/google/guava/guava/33.0.0-jre/guava-33.0.0-jre.jar
2026-04-09 22:33:43,163 [AetherRepositoryConnector-repo.maven.apache.org-0-4] INFO  o.e.m.c.i.e.AbstractTransferListenerAdapter - Downloaded https://repo.maven.apache.org/maven2/com/netflix/eureka/eureka-core/2.0.5/eureka-core-2.0.5.jar
2026-04-09 22:33:43,382 [AetherRepositoryConnector-repo.maven.apache.org-0-4] INFO  o.e.m.c.i.e.AbstractTransferListenerAdapter - Downloading https://repo.maven.apache.org/maven2/com/google/guava/failureaccess/1.0.2/failureaccess-1.0.2.jar
2026-04-09 22:33:43,586 [AetherRepositoryConnector-repo.maven.apache.org-0-1] INFO  o.e.m.c.i.e.AbstractTransferListenerAdapter - Downloaded https://repo.maven.apache.org/maven2/com/netflix/eureka/eureka-core-jersey3/2.0.5/eureka-core-jersey3-2.0.5.jar
2026-04-09 22:33:43,619 [AetherRepositoryConnector-repo.maven.apache.org-0-3] INFO  o.e.m.c.i.e.AbstractTransferListenerAdapter - Downloaded https://repo.maven.apache.org/maven2/com/netflix/eureka/eureka-client-jersey3/2.0.5/eureka-client-jersey3-2.0.5.jar
2026-04-09 22:33:43,622 [AetherRepositoryConnector-repo.maven.apache.org-0-0] INFO  o.e.m.c.i.e.AbstractTransferListenerAdapter - Downloaded https://repo.maven.apache.org/maven2/org/glassfish/jersey/connectors/jersey-apache-connector/3.0.5/jersey-apache-connector-3.0.5.jar
2026-04-09 22:33:43,716 [AetherRepositoryConnector-repo.maven.apache.org-0-4] INFO  o.e.m.c.i.e.AbstractTransferListenerAdapter - Downloaded https://repo.maven.apache.org/maven2/com/google/guava/failureaccess/1.0.2/failureaccess-1.0.2.jar
2026-04-09 22:33:43,769 [AetherRepositoryConnector-repo.maven.apache.org-0-1] INFO  o.e.m.c.i.e.AbstractTransferListenerAdapter - Downloading https://repo.maven.apache.org/maven2/com/google/guava/listenablefuture/9999.0-empty-to-avoid-conflict-with-guava/listenablefuture-9999.0-empty-to-avoid-conflict-with-guava.jar
2026-04-09 22:33:43,881 [AetherRepositoryConnector-repo.maven.apache.org-0-0] INFO  o.e.m.c.i.e.AbstractTransferListenerAdapter - Downloading https://repo.maven.apache.org/maven2/com/google/errorprone/error_prone_annotations/2.23.0/error_prone_annotations-2.23.0.jar
2026-04-09 22:33:43,883 [AetherRepositoryConnector-repo.maven.apache.org-0-3] INFO  o.e.m.c.i.e.AbstractTransferListenerAdapter - Downloading https://repo.maven.apache.org/maven2/org/checkerframework/checker-qual/3.41.0/checker-qual-3.41.0.jar
2026-04-09 22:33:43,908 [AetherRepositoryConnector-repo.maven.apache.org-0-4] INFO  o.e.m.c.i.e.AbstractTransferListenerAdapter - Downloading https://repo.maven.apache.org/maven2/com/google/j2objc/j2objc-annotations/2.8/j2objc-annotations-2.8.jar
2026-04-09 22:33:45,573 [AetherRepositoryConnector-repo.maven.apache.org-0-1] INFO  o.e.m.c.i.e.AbstractTransferListenerAdapter - Downloaded https://repo.maven.apache.org/maven2/com/google/guava/listenablefuture/9999.0-empty-to-avoid-conflict-with-guava/listenablefuture-9999.0-empty-to-avoid-conflict-with-guava.jar
2026-04-09 22:33:45,602 [AetherRepositoryConnector-repo.maven.apache.org-0-3] INFO  o.e.m.c.i.e.AbstractTransferListenerAdapter - Downloaded https://repo.maven.apache.org/maven2/org/checkerframework/checker-qual/3.41.0/checker-qual-3.41.0.jar
2026-04-09 22:33:45,643 [AetherRepositoryConnector-repo.maven.apache.org-0-1] INFO  o.e.m.c.i.e.AbstractTransferListenerAdapter - Downloading https://repo.maven.apache.org/maven2/org/glassfish/jersey/containers/jersey-container-servlet/4.0.2/jersey-container-servlet-4.0.2.jar
2026-04-09 22:33:45,712 [AetherRepositoryConnector-repo.maven.apache.org-0-3] INFO  o.e.m.c.i.e.AbstractTransferListenerAdapter - Downloading https://repo.maven.apache.org/maven2/org/glassfish/jersey/core/jersey-common/4.0.2/jersey-common-4.0.2.jar
2026-04-09 22:33:45,792 [AetherRepositoryConnector-repo.maven.apache.org-0-2] INFO  o.e.m.c.i.e.AbstractTransferListenerAdapter - Downloaded https://repo.maven.apache.org/maven2/com/google/guava/guava/33.0.0-jre/guava-33.0.0-jre.jar
2026-04-09 22:33:45,889 [AetherRepositoryConnector-repo.maven.apache.org-0-4] INFO  o.e.m.c.i.e.AbstractTransferListenerAdapter - Downloaded https://repo.maven.apache.org/maven2/com/google/j2objc/j2objc-annotations/2.8/j2objc-annotations-2.8.jar
2026-04-09 22:33:46,012 [AetherRepositoryConnector-repo.maven.apache.org-0-2] INFO  o.e.m.c.i.e.AbstractTransferListenerAdapter - Downloading https://repo.maven.apache.org/maven2/org/glassfish/hk2/osgi-resource-locator/3.0.0/osgi-resource-locator-3.0.0.jar
2026-04-09 22:33:46,199 [AetherRepositoryConnector-repo.maven.apache.org-0-4] INFO  o.e.m.c.i.e.AbstractTransferListenerAdapter - Downloading https://repo.maven.apache.org/maven2/jakarta/ws/rs/jakarta.ws.rs-api/4.0.0/jakarta.ws.rs-api-4.0.0.jar
2026-04-09 22:33:46,217 [AetherRepositoryConnector-repo.maven.apache.org-0-1] INFO  o.e.m.c.i.e.AbstractTransferListenerAdapter - Downloaded https://repo.maven.apache.org/maven2/org/glassfish/jersey/containers/jersey-container-servlet/4.0.2/jersey-container-servlet-4.0.2.jar
2026-04-09 22:33:46,246 [AetherRepositoryConnector-repo.maven.apache.org-0-0] INFO  o.e.m.c.i.e.AbstractTransferListenerAdapter - Downloaded https://repo.maven.apache.org/maven2/com/google/errorprone/error_prone_annotations/2.23.0/error_prone_annotations-2.23.0.jar
2026-04-09 22:33:46,454 [AetherRepositoryConnector-repo.maven.apache.org-0-1] INFO  o.e.m.c.i.e.AbstractTransferListenerAdapter - Downloading https://repo.maven.apache.org/maven2/org/glassfish/jersey/core/jersey-server/4.0.2/jersey-server-4.0.2.jar
2026-04-09 22:33:46,493 [AetherRepositoryConnector-repo.maven.apache.org-0-0] INFO  o.e.m.c.i.e.AbstractTransferListenerAdapter - Downloading https://repo.maven.apache.org/maven2/jakarta/validation/jakarta.validation-api/3.1.1/jakarta.validation-api-3.1.1.jar
2026-04-09 22:33:46,861 [AetherRepositoryConnector-repo.maven.apache.org-0-3] INFO  o.e.m.c.i.e.AbstractTransferListenerAdapter - Downloaded https://repo.maven.apache.org/maven2/org/glassfish/jersey/core/jersey-common/4.0.2/jersey-common-4.0.2.jar
2026-04-09 22:33:46,928 [AetherRepositoryConnector-repo.maven.apache.org-0-4] INFO  o.e.m.c.i.e.AbstractTransferListenerAdapter - Downloaded https://repo.maven.apache.org/maven2/jakarta/ws/rs/jakarta.ws.rs-api/4.0.0/jakarta.ws.rs-api-4.0.0.jar
2026-04-09 22:33:47,001 [AetherRepositoryConnector-repo.maven.apache.org-0-3] INFO  o.e.m.c.i.e.AbstractTransferListenerAdapter - Downloading https://repo.maven.apache.org/maven2/org/glassfish/jersey/core/jersey-client/4.0.2/jersey-client-4.0.2.jar
2026-04-09 22:33:47,044 [AetherRepositoryConnector-repo.maven.apache.org-0-0] INFO  o.e.m.c.i.e.AbstractTransferListenerAdapter - Downloaded https://repo.maven.apache.org/maven2/jakarta/validation/jakarta.validation-api/3.1.1/jakarta.validation-api-3.1.1.jar
2026-04-09 22:33:47,152 [AetherRepositoryConnector-repo.maven.apache.org-0-4] INFO  o.e.m.c.i.e.AbstractTransferListenerAdapter - Downloading https://repo.maven.apache.org/maven2/org/glassfish/jersey/inject/jersey-hk2/4.0.2/jersey-hk2-4.0.2.jar
2026-04-09 22:33:47,177 [AetherRepositoryConnector-repo.maven.apache.org-0-0] INFO  o.e.m.c.i.e.AbstractTransferListenerAdapter - Downloading https://repo.maven.apache.org/maven2/org/glassfish/hk2/hk2-locator/4.0.0-M3/hk2-locator-4.0.0-M3.jar
2026-04-09 22:33:47,309 [AetherRepositoryConnector-repo.maven.apache.org-0-2] INFO  o.e.m.c.i.e.AbstractTransferListenerAdapter - Downloaded https://repo.maven.apache.org/maven2/org/glassfish/hk2/osgi-resource-locator/3.0.0/osgi-resource-locator-3.0.0.jar
2026-04-09 22:33:47,319 [AetherRepositoryConnector-repo.maven.apache.org-0-3] INFO  o.e.m.c.i.e.AbstractTransferListenerAdapter - Downloaded https://repo.maven.apache.org/maven2/org/glassfish/jersey/core/jersey-client/4.0.2/jersey-client-4.0.2.jar
2026-04-09 22:33:47,336 [AetherRepositoryConnector-repo.maven.apache.org-0-4] INFO  o.e.m.c.i.e.AbstractTransferListenerAdapter - Downloaded https://repo.maven.apache.org/maven2/org/glassfish/jersey/inject/jersey-hk2/4.0.2/jersey-hk2-4.0.2.jar
2026-04-09 22:33:47,382 [AetherRepositoryConnector-repo.maven.apache.org-0-1] INFO  o.e.m.c.i.e.AbstractTransferListenerAdapter - Downloaded https://repo.maven.apache.org/maven2/org/glassfish/jersey/core/jersey-server/4.0.2/jersey-server-4.0.2.jar
2026-04-09 22:33:47,390 [AetherRepositoryConnector-repo.maven.apache.org-0-0] INFO  o.e.m.c.i.e.AbstractTransferListenerAdapter - Downloaded https://repo.maven.apache.org/maven2/org/glassfish/hk2/hk2-locator/4.0.0-M3/hk2-locator-4.0.0-M3.jar
2026-04-09 22:33:47,412 [AetherRepositoryConnector-repo.maven.apache.org-0-3] INFO  o.e.m.c.i.e.AbstractTransferListenerAdapter - Downloading https://repo.maven.apache.org/maven2/org/javassist/javassist/3.30.2-GA/javassist-3.30.2-GA.jar
2026-04-09 22:33:47,483 [AetherRepositoryConnector-repo.maven.apache.org-0-4] INFO  o.e.m.c.i.e.AbstractTransferListenerAdapter - Downloading https://repo.maven.apache.org/maven2/org/glassfish/hk2/spring-bridge/3.1.1/spring-bridge-3.1.1.jar
2026-04-09 22:33:47,488 [AetherRepositoryConnector-repo.maven.apache.org-0-2] INFO  o.e.m.c.i.e.AbstractTransferListenerAdapter - Downloading https://repo.maven.apache.org/maven2/org/glassfish/hk2/hk2-utils/4.0.0-M3/hk2-utils-4.0.0-M3.jar
2026-04-09 22:33:47,648 [AetherRepositoryConnector-repo.maven.apache.org-0-1] INFO  o.e.m.c.i.e.AbstractTransferListenerAdapter - Downloading https://repo.maven.apache.org/maven2/org/glassfish/hk2/hk2-api/3.1.1/hk2-api-3.1.1.jar
2026-04-09 22:33:47,650 [AetherRepositoryConnector-repo.maven.apache.org-0-0] INFO  o.e.m.c.i.e.AbstractTransferListenerAdapter - Downloading https://repo.maven.apache.org/maven2/com/fasterxml/jackson/dataformat/jackson-dataformat-xml/2.21.2/jackson-dataformat-xml-2.21.2.jar
2026-04-09 22:33:48,164 [AetherRepositoryConnector-repo.maven.apache.org-0-2] INFO  o.e.m.c.i.e.AbstractTransferListenerAdapter - Downloaded https://repo.maven.apache.org/maven2/org/glassfish/hk2/hk2-utils/4.0.0-M3/hk2-utils-4.0.0-M3.jar
2026-04-09 22:33:48,166 [AetherRepositoryConnector-repo.maven.apache.org-0-0] INFO  o.e.m.c.i.e.AbstractTransferListenerAdapter - Downloaded https://repo.maven.apache.org/maven2/com/fasterxml/jackson/dataformat/jackson-dataformat-xml/2.21.2/jackson-dataformat-xml-2.21.2.jar
2026-04-09 22:33:48,167 [AetherRepositoryConnector-repo.maven.apache.org-0-1] INFO  o.e.m.c.i.e.AbstractTransferListenerAdapter - Downloaded https://repo.maven.apache.org/maven2/org/glassfish/hk2/hk2-api/3.1.1/hk2-api-3.1.1.jar
2026-04-09 22:33:48,179 [AetherRepositoryConnector-repo.maven.apache.org-0-3] INFO  o.e.m.c.i.e.AbstractTransferListenerAdapter - Downloaded https://repo.maven.apache.org/maven2/org/javassist/javassist/3.30.2-GA/javassist-3.30.2-GA.jar
2026-04-09 22:33:48,219 [AetherRepositoryConnector-repo.maven.apache.org-0-2] INFO  o.e.m.c.i.e.AbstractTransferListenerAdapter - Downloading https://repo.maven.apache.org/maven2/org/codehaus/woodstox/stax2-api/4.2.2/stax2-api-4.2.2.jar
2026-04-09 22:33:48,319 [AetherRepositoryConnector-repo.maven.apache.org-0-0] INFO  o.e.m.c.i.e.AbstractTransferListenerAdapter - Downloading https://repo.maven.apache.org/maven2/com/fasterxml/woodstox/woodstox-core/7.1.1/woodstox-core-7.1.1.jar
2026-04-09 22:33:48,396 [AetherRepositoryConnector-repo.maven.apache.org-0-1] INFO  o.e.m.c.i.e.AbstractTransferListenerAdapter - Downloading https://repo.maven.apache.org/maven2/org/springframework/cloud/spring-cloud-starter-loadbalancer/5.0.1/spring-cloud-starter-loadbalancer-5.0.1.jar
2026-04-09 22:33:48,397 [AetherRepositoryConnector-repo.maven.apache.org-0-3] INFO  o.e.m.c.i.e.AbstractTransferListenerAdapter - Downloading https://repo.maven.apache.org/maven2/org/springframework/cloud/spring-cloud-loadbalancer/5.0.1/spring-cloud-loadbalancer-5.0.1.jar
2026-04-09 22:33:48,473 [AetherRepositoryConnector-repo.maven.apache.org-0-4] INFO  o.e.m.c.i.e.AbstractTransferListenerAdapter - Downloaded https://repo.maven.apache.org/maven2/org/glassfish/hk2/spring-bridge/3.1.1/spring-bridge-3.1.1.jar
2026-04-09 22:33:49,007 [AetherRepositoryConnector-repo.maven.apache.org-0-2] INFO  o.e.m.c.i.e.AbstractTransferListenerAdapter - Downloaded https://repo.maven.apache.org/maven2/org/codehaus/woodstox/stax2-api/4.2.2/stax2-api-4.2.2.jar
2026-04-09 22:33:49,076 [AetherRepositoryConnector-repo.maven.apache.org-0-4] INFO  o.e.m.c.i.e.AbstractTransferListenerAdapter - Downloading https://repo.maven.apache.org/maven2/io/projectreactor/reactor-core/3.8.4/reactor-core-3.8.4.jar
2026-04-09 22:33:49,340 [AetherRepositoryConnector-repo.maven.apache.org-0-2] INFO  o.e.m.c.i.e.AbstractTransferListenerAdapter - Downloading https://repo.maven.apache.org/maven2/org/reactivestreams/reactive-streams/1.0.4/reactive-streams-1.0.4.jar
2026-04-09 22:33:49,543 [AetherRepositoryConnector-repo.maven.apache.org-0-1] INFO  o.e.m.c.i.e.AbstractTransferListenerAdapter - Downloaded https://repo.maven.apache.org/maven2/org/springframework/cloud/spring-cloud-starter-loadbalancer/5.0.1/spring-cloud-starter-loadbalancer-5.0.1.jar
2026-04-09 22:33:49,553 [AetherRepositoryConnector-repo.maven.apache.org-0-3] INFO  o.e.m.c.i.e.AbstractTransferListenerAdapter - Downloaded https://repo.maven.apache.org/maven2/org/springframework/cloud/spring-cloud-loadbalancer/5.0.1/spring-cloud-loadbalancer-5.0.1.jar
2026-04-09 22:33:49,823 [AetherRepositoryConnector-repo.maven.apache.org-0-1] INFO  o.e.m.c.i.e.AbstractTransferListenerAdapter - Downloading https://repo.maven.apache.org/maven2/io/projectreactor/addons/reactor-extra/3.6.0/reactor-extra-3.6.0.jar
2026-04-09 22:33:49,823 [AetherRepositoryConnector-repo.maven.apache.org-0-3] INFO  o.e.m.c.i.e.AbstractTransferListenerAdapter - Downloading https://repo.maven.apache.org/maven2/org/springframework/boot/spring-boot-starter-cache/4.0.5/spring-boot-starter-cache-4.0.5.jar
2026-04-09 22:33:50,147 [AetherRepositoryConnector-repo.maven.apache.org-0-2] INFO  o.e.m.c.i.e.AbstractTransferListenerAdapter - Downloaded https://repo.maven.apache.org/maven2/org/reactivestreams/reactive-streams/1.0.4/reactive-streams-1.0.4.jar
2026-04-09 22:33:50,430 [AetherRepositoryConnector-repo.maven.apache.org-0-2] INFO  o.e.m.c.i.e.AbstractTransferListenerAdapter - Downloading https://repo.maven.apache.org/maven2/org/springframework/boot/spring-boot-cache/4.0.5/spring-boot-cache-4.0.5.jar
2026-04-09 22:33:50,457 [AetherRepositoryConnector-repo.maven.apache.org-0-3] INFO  o.e.m.c.i.e.AbstractTransferListenerAdapter - Downloaded https://repo.maven.apache.org/maven2/org/springframework/boot/spring-boot-starter-cache/4.0.5/spring-boot-starter-cache-4.0.5.jar
2026-04-09 22:33:50,460 [AetherRepositoryConnector-repo.maven.apache.org-0-1] INFO  o.e.m.c.i.e.AbstractTransferListenerAdapter - Downloaded https://repo.maven.apache.org/maven2/io/projectreactor/addons/reactor-extra/3.6.0/reactor-extra-3.6.0.jar
2026-04-09 22:33:50,460 [AetherRepositoryConnector-repo.maven.apache.org-0-0] INFO  o.e.m.c.i.e.AbstractTransferListenerAdapter - Downloaded https://repo.maven.apache.org/maven2/com/fasterxml/woodstox/woodstox-core/7.1.1/woodstox-core-7.1.1.jar
2026-04-09 22:33:50,618 [AetherRepositoryConnector-repo.maven.apache.org-0-3] INFO  o.e.m.c.i.e.AbstractTransferListenerAdapter - Downloading https://repo.maven.apache.org/maven2/com/stoyanr/evictor/1.0.0/evictor-1.0.0.jar
2026-04-09 22:33:50,786 [AetherRepositoryConnector-repo.maven.apache.org-0-2] INFO  o.e.m.c.i.e.AbstractTransferListenerAdapter - Downloaded https://repo.maven.apache.org/maven2/org/springframework/boot/spring-boot-cache/4.0.5/spring-boot-cache-4.0.5.jar
2026-04-09 22:33:50,874 [AetherRepositoryConnector-repo.maven.apache.org-0-4] INFO  o.e.m.c.i.e.AbstractTransferListenerAdapter - Downloaded https://repo.maven.apache.org/maven2/io/projectreactor/reactor-core/3.8.4/reactor-core-3.8.4.jar
2026-04-09 22:33:51,558 [AetherRepositoryConnector-repo.maven.apache.org-0-3] INFO  o.e.m.c.i.e.AbstractTransferListenerAdapter - Downloaded https://repo.maven.apache.org/maven2/com/stoyanr/evictor/1.0.0/evictor-1.0.0.jar
2026-04-09 22:34:09,695 [Worker-3: Importing Maven projects] INFO  o.e.m.c.i.l.LifecycleMappingFactory - Using org.maven.ide.eclipse.wtp.WarLifecycleMapping lifecycle mapping for MavenProject: com.employee:EMPLOYEE:0.0.1-SNAPSHOT @ C:\Users\Rishabh patil\Desktop\Microservices\EMPLOYEE\pom.xml.
2026-04-09 22:34:10,609 [Worker-3: Importing Maven projects] INFO  o.e.m.c.i.l.LifecycleMappingFactory - Using org.maven.ide.eclipse.wtp.WarLifecycleMapping lifecycle mapping for MavenProject: com.example:Address:0.0.1-SNAPSHOT @ C:\Users\Rishabh patil\Desktop\Microservices\Address\pom.xml.
2026-04-09 22:34:10,965 [Worker-3: Importing Maven projects] INFO  o.e.m.c.i.l.LifecycleMappingFactory - Using org.maven.ide.eclipse.wtp.WarLifecycleMapping lifecycle mapping for MavenProject: com.eureka-server:Eureka-Server:0.0.1-SNAPSHOT @ C:\Users\Rishabh patil\Desktop\Microservices\Eureka-Server\pom.xml.
2026-04-09 22:34:16,666 [Worker-3: Importing Maven projects] INFO  o.e.m.j.i.AbstractJavaProjectConfigurator - Adding source folder /Eureka-Server/src/main/java
2026-04-09 22:34:16,666 [Worker-3: Importing Maven projects] INFO  o.e.m.j.i.AbstractJavaProjectConfigurator - Adding resource folder /Eureka-Server/src/main/resources
2026-04-09 22:34:16,685 [Worker-3: Importing Maven projects] INFO  o.e.m.j.i.AbstractJavaProjectConfigurator - Adding resource folder /Eureka-Server/src/main/resources
2026-04-09 22:34:16,720 [Worker-3: Importing Maven projects] INFO  o.e.m.j.i.AbstractJavaProjectConfigurator - Adding source folder /Eureka-Server/src/test/java
2026-04-09 22:34:19,152 [Worker-6: Download sources and javadoc] INFO  o.e.m.c.i.e.AbstractTransferListenerAdapter - Downloaded https://repo.maven.apache.org/maven2/org/springframework/cloud/spring-cloud-starter-netflix-eureka-server/5.0.1/spring-cloud-starter-netflix-eureka-server-5.0.1-sources.jar
2026-04-09 22:34:19,158 [Worker-6: Download sources and javadoc] ERROR o.e.m.j.internal.DownloadSourcesJob - Could not download sources for org.springframework.cloud:spring-cloud-starter-netflix-eureka-server:5.0.1
org.eclipse.core.runtime.CoreException: Could not resolve artifact org.springframework.cloud:spring-cloud-starter-netflix-eureka-server:jar:sources:5.0.1
	at org.eclipse.m2e.core.internal.embedder.MavenImpl.lambda$4(MavenImpl.java:828)
	at org.eclipse.m2e.core.internal.embedder.MavenExecutionContext.executeBare(MavenExecutionContext.java:182)
	at org.eclipse.m2e.core.internal.embedder.MavenExecutionContext.execute(MavenExecutionContext.java:117)
	at org.eclipse.m2e.core.internal.embedder.MavenExecutionContext.execute(MavenExecutionContext.java:103)
	at org.eclipse.m2e.core.internal.embedder.MavenImpl.resolve(MavenImpl.java:796)
	at org.eclipse.m2e.core.internal.embedder.MavenImpl.resolve(MavenImpl.java:773)
	at org.eclipse.m2e.jdt.internal.DownloadSourcesJob.download(DownloadSourcesJob.java:311)
	at org.eclipse.m2e.jdt.internal.DownloadSourcesJob.downloadAttachments(DownloadSourcesJob.java:285)
	at org.eclipse.m2e.jdt.internal.DownloadSourcesJob.downloadMaven(DownloadSourcesJob.java:255)
	at org.eclipse.m2e.jdt.internal.DownloadSourcesJob.downloadFilesAndPopulateToUpdate(DownloadSourcesJob.java:223)
	at org.eclipse.m2e.jdt.internal.DownloadSourcesJob.lambda$0(DownloadSourcesJob.java:152)
	at org.eclipse.m2e.core.internal.embedder.MavenExecutionContext.executeBare(MavenExecutionContext.java:182)
	at org.eclipse.m2e.core.internal.embedder.MavenExecutionContext.execute(MavenExecutionContext.java:156)
	at org.eclipse.m2e.core.internal.embedder.MavenExecutionContext.execute(MavenExecutionContext.java:103)
	at org.eclipse.m2e.core.internal.embedder.MavenImpl.execute(MavenImpl.java:1416)
	at org.eclipse.m2e.jdt.internal.DownloadSourcesJob.run(DownloadSourcesJob.java:152)
	at org.eclipse.core.internal.jobs.Worker.run(Worker.java:63)
2026-04-09 22:34:19,563 [Worker-6: Download sources and javadoc] INFO  o.e.m.c.i.e.AbstractTransferListenerAdapter - Downloaded https://repo.maven.apache.org/maven2/org/springframework/cloud/spring-cloud-starter/5.0.1/spring-cloud-starter-5.0.1-sources.jar
2026-04-09 22:34:19,567 [Worker-6: Download sources and javadoc] ERROR o.e.m.j.internal.DownloadSourcesJob - Could not download sources for org.springframework.cloud:spring-cloud-starter:5.0.1
org.eclipse.core.runtime.CoreException: Could not resolve artifact org.springframework.cloud:spring-cloud-starter:jar:sources:5.0.1
	at org.eclipse.m2e.core.internal.embedder.MavenImpl.lambda$4(MavenImpl.java:828)
	at org.eclipse.m2e.core.internal.embedder.MavenExecutionContext.executeBare(MavenExecutionContext.java:182)
	at org.eclipse.m2e.core.internal.embedder.MavenExecutionContext.execute(MavenExecutionContext.java:117)
	at org.eclipse.m2e.core.internal.embedder.MavenExecutionContext.execute(MavenExecutionContext.java:103)
	at org.eclipse.m2e.core.internal.embedder.MavenImpl.resolve(MavenImpl.java:796)
	at org.eclipse.m2e.core.internal.embedder.MavenImpl.resolve(MavenImpl.java:773)
	at org.eclipse.m2e.jdt.internal.DownloadSourcesJob.download(DownloadSourcesJob.java:311)
	at org.eclipse.m2e.jdt.internal.DownloadSourcesJob.downloadAttachments(DownloadSourcesJob.java:285)
	at org.eclipse.m2e.jdt.internal.DownloadSourcesJob.downloadMaven(DownloadSourcesJob.java:255)
	at org.eclipse.m2e.jdt.internal.DownloadSourcesJob.downloadFilesAndPopulateToUpdate(DownloadSourcesJob.java:223)
	at org.eclipse.m2e.jdt.internal.DownloadSourcesJob.lambda$0(DownloadSourcesJob.java:152)
	at org.eclipse.m2e.core.internal.embedder.MavenExecutionContext.executeBare(MavenExecutionContext.java:182)
	at org.eclipse.m2e.core.internal.embedder.MavenExecutionContext.execute(MavenExecutionContext.java:156)
	at org.eclipse.m2e.core.internal.embedder.MavenExecutionContext.execute(MavenExecutionContext.java:103)
	at org.eclipse.m2e.core.internal.embedder.MavenImpl.execute(MavenImpl.java:1416)
	at org.eclipse.m2e.jdt.internal.DownloadSourcesJob.run(DownloadSourcesJob.java:152)
	at org.eclipse.core.internal.jobs.Worker.run(Worker.java:63)
2026-04-09 22:34:19,808 [Worker-6: Download sources and javadoc] INFO  o.e.m.c.i.e.AbstractTransferListenerAdapter - Downloading https://repo.maven.apache.org/maven2/org/springframework/cloud/spring-cloud-context/5.0.1/spring-cloud-context-5.0.1-sources.jar
2026-04-09 22:34:20,274 [Worker-6: Download sources and javadoc] INFO  o.e.m.c.i.e.AbstractTransferListenerAdapter - Downloaded https://repo.maven.apache.org/maven2/org/springframework/cloud/spring-cloud-context/5.0.1/spring-cloud-context-5.0.1-sources.jar
2026-04-09 22:34:20,515 [Worker-6: Download sources and javadoc] INFO  o.e.m.j.internal.DownloadSourcesJob - Downloaded sources for org.springframework.cloud:spring-cloud-context:5.0.1
2026-04-09 22:34:20,759 [Worker-6: Download sources and javadoc] INFO  o.e.m.c.i.e.AbstractTransferListenerAdapter - Downloading https://repo.maven.apache.org/maven2/org/springframework/boot/spring-boot-restclient/4.0.5/spring-boot-restclient-4.0.5-sources.jar
2026-04-09 22:34:21,736 [Worker-6: Download sources and javadoc] INFO  o.e.m.c.i.e.AbstractTransferListenerAdapter - Downloaded https://repo.maven.apache.org/maven2/org/springframework/boot/spring-boot-restclient/4.0.5/spring-boot-restclient-4.0.5-sources.jar
2026-04-09 22:34:22,870 [Worker-6: Download sources and javadoc] INFO  o.e.m.j.internal.DownloadSourcesJob - Downloaded sources for org.springframework.boot:spring-boot-restclient:4.0.5
2026-04-09 22:34:23,140 [Worker-6: Download sources and javadoc] INFO  o.e.m.c.i.e.AbstractTransferListenerAdapter - Downloading https://repo.maven.apache.org/maven2/org/springframework/boot/spring-boot-http-client/4.0.5/spring-boot-http-client-4.0.5-sources.jar
2026-04-09 22:34:23,648 [Worker-6: Download sources and javadoc] INFO  o.e.m.c.i.e.AbstractTransferListenerAdapter - Downloaded https://repo.maven.apache.org/maven2/org/springframework/boot/spring-boot-http-client/4.0.5/spring-boot-http-client-4.0.5-sources.jar
2026-04-09 22:34:23,929 [Worker-6: Download sources and javadoc] INFO  o.e.m.j.internal.DownloadSourcesJob - Downloaded sources for org.springframework.boot:spring-boot-http-client:4.0.5
2026-04-09 22:34:24,156 [Worker-6: Download sources and javadoc] INFO  o.e.m.c.i.e.AbstractTransferListenerAdapter - Downloading https://repo.maven.apache.org/maven2/org/springframework/security/spring-security-crypto/7.0.4/spring-security-crypto-7.0.4-sources.jar
2026-04-09 22:34:24,353 [Worker-6: Download sources and javadoc] INFO  o.e.m.c.i.e.AbstractTransferListenerAdapter - Downloaded https://repo.maven.apache.org/maven2/org/springframework/security/spring-security-crypto/7.0.4/spring-security-crypto-7.0.4-sources.jar
2026-04-09 22:34:24,813 [Worker-6: Download sources and javadoc] INFO  o.e.m.j.internal.DownloadSourcesJob - Downloaded sources for org.springframework.security:spring-security-crypto:7.0.4
2026-04-09 22:34:25,156 [Worker-6: Download sources and javadoc] INFO  o.e.m.c.i.e.AbstractTransferListenerAdapter - Downloading https://repo.maven.apache.org/maven2/org/springframework/cloud/spring-cloud-commons/5.0.1/spring-cloud-commons-5.0.1-sources.jar
2026-04-09 22:34:25,450 [Worker-6: Download sources and javadoc] INFO  o.e.m.c.i.e.AbstractTransferListenerAdapter - Downloaded https://repo.maven.apache.org/maven2/org/springframework/cloud/spring-cloud-commons/5.0.1/spring-cloud-commons-5.0.1-sources.jar
2026-04-09 22:34:26,091 [Worker-6: Download sources and javadoc] INFO  o.e.m.j.internal.DownloadSourcesJob - Downloaded sources for org.springframework.cloud:spring-cloud-commons:5.0.1
2026-04-09 22:34:26,650 [Worker-6: Download sources and javadoc] INFO  o.e.m.c.i.e.AbstractTransferListenerAdapter - Downloading https://repo.maven.apache.org/maven2/org/bouncycastle/bcprov-jdk18on/1.81/bcprov-jdk18on-1.81-sources.jar
2026-04-09 22:34:27,357 [Worker-3: Importing Maven projects] INFO  o.e.m.c.i.p.ProjectConfigurationManager - Imported and configured 1 project(s) in 120 sec
2026-04-09 22:34:29,967 [Worker-3: Building] INFO  o.a.m.s.f.DefaultMavenResourcesFiltering - Copying 1 resource from src\main\resources to target\classes
2026-04-09 22:34:30,039 [Worker-3: Building] INFO  o.a.m.s.f.DefaultMavenResourcesFiltering - Copying 0 resource from src\main\resources to target\classes
2026-04-09 22:34:30,057 [Worker-3: Building] INFO  o.a.m.s.f.DefaultMavenResourcesFiltering - skip non existing resourceDirectory C:\Users\Rishabh patil\Desktop\Microservices\Address\src\test\resources
2026-04-09 22:34:31,342 [Worker-3: Building] INFO  o.a.m.s.f.DefaultMavenResourcesFiltering - Copying 1 resource from src\main\resources to target\classes
2026-04-09 22:34:31,357 [Worker-3: Building] INFO  o.a.m.s.f.DefaultMavenResourcesFiltering - Copying 0 resource from src\main\resources to target\classes
2026-04-09 22:34:31,362 [Worker-3: Building] INFO  o.a.m.s.f.DefaultMavenResourcesFiltering - skip non existing resourceDirectory C:\Users\Rishabh patil\Desktop\Microservices\EMPLOYEE\src\test\resources
2026-04-09 22:34:31,546 [Worker-6: Download sources and javadoc] INFO  o.e.m.c.i.e.AbstractTransferListenerAdapter - Downloaded https://repo.maven.apache.org/maven2/org/bouncycastle/bcprov-jdk18on/1.81/bcprov-jdk18on-1.81-sources.jar
2026-04-09 22:34:32,070 [Worker-3: Building] INFO  o.a.m.s.f.DefaultMavenResourcesFiltering - Copying 1 resource from src\main\resources to target\classes
2026-04-09 22:34:32,106 [Worker-3: Building] INFO  o.a.m.s.f.DefaultMavenResourcesFiltering - Copying 0 resource from src\main\resources to target\classes
2026-04-09 22:34:32,110 [Worker-3: Building] INFO  o.a.m.s.f.DefaultMavenResourcesFiltering - skip non existing resourceDirectory C:\Users\Rishabh patil\Desktop\Microservices\Eureka-Server\src\test\resources
2026-04-09 22:34:32,120 [Worker-6: Download sources and javadoc] INFO  o.e.m.j.internal.DownloadSourcesJob - Downloaded sources for org.bouncycastle:bcprov-jdk18on:1.81
2026-04-09 22:34:32,364 [Worker-6: Download sources and javadoc] INFO  o.e.m.c.i.e.AbstractTransferListenerAdapter - Downloading https://repo.maven.apache.org/maven2/org/springframework/cloud/spring-cloud-netflix-eureka-server/5.0.1/spring-cloud-netflix-eureka-server-5.0.1-sources.jar
2026-04-09 22:34:33,305 [Worker-6: Download sources and javadoc] INFO  o.e.m.c.i.e.AbstractTransferListenerAdapter - Downloaded https://repo.maven.apache.org/maven2/org/springframework/cloud/spring-cloud-netflix-eureka-server/5.0.1/spring-cloud-netflix-eureka-server-5.0.1-sources.jar
2026-04-09 22:34:33,578 [Worker-6: Download sources and javadoc] INFO  o.e.m.j.internal.DownloadSourcesJob - Downloaded sources for org.springframework.cloud:spring-cloud-netflix-eureka-server:5.0.1
2026-04-09 22:34:33,791 [Worker-6: Download sources and javadoc] INFO  o.e.m.c.i.e.AbstractTransferListenerAdapter - Downloading https://repo.maven.apache.org/maven2/org/springframework/boot/spring-boot-starter-web/4.0.5/spring-boot-starter-web-4.0.5-sources.jar
2026-04-09 22:34:33,945 [Worker-6: Download sources and javadoc] INFO  o.e.m.c.i.e.AbstractTransferListenerAdapter - Downloaded https://repo.maven.apache.org/maven2/org/springframework/boot/spring-boot-starter-web/4.0.5/spring-boot-starter-web-4.0.5-sources.jar
2026-04-09 22:34:34,189 [Worker-6: Download sources and javadoc] INFO  o.e.m.j.internal.DownloadSourcesJob - Downloaded sources for org.springframework.boot:spring-boot-starter-web:4.0.5
2026-04-09 22:34:34,423 [Worker-6: Download sources and javadoc] INFO  o.e.m.c.i.e.AbstractTransferListenerAdapter - Downloading https://repo.maven.apache.org/maven2/org/springframework/boot/spring-boot-starter-actuator/4.0.5/spring-boot-starter-actuator-4.0.5-sources.jar
2026-04-09 22:34:34,555 [Worker-6: Download sources and javadoc] INFO  o.e.m.c.i.e.AbstractTransferListenerAdapter - Downloaded https://repo.maven.apache.org/maven2/org/springframework/boot/spring-boot-starter-actuator/4.0.5/spring-boot-starter-actuator-4.0.5-sources.jar
2026-04-09 22:34:34,802 [Worker-6: Download sources and javadoc] INFO  o.e.m.j.internal.DownloadSourcesJob - Downloaded sources for org.springframework.boot:spring-boot-starter-actuator:4.0.5
2026-04-09 22:34:35,154 [Worker-6: Download sources and javadoc] INFO  o.e.m.c.i.e.AbstractTransferListenerAdapter - Downloading https://repo.maven.apache.org/maven2/org/springframework/boot/spring-boot-starter-micrometer-metrics/4.0.5/spring-boot-starter-micrometer-metrics-4.0.5-sources.jar
2026-04-09 22:34:35,297 [Worker-6: Download sources and javadoc] INFO  o.e.m.c.i.e.AbstractTransferListenerAdapter - Downloaded https://repo.maven.apache.org/maven2/org/springframework/boot/spring-boot-starter-micrometer-metrics/4.0.5/spring-boot-starter-micrometer-metrics-4.0.5-sources.jar
2026-04-09 22:34:35,441 [Worker-6: Download sources and javadoc] INFO  o.e.m.j.internal.DownloadSourcesJob - Downloaded sources for org.springframework.boot:spring-boot-starter-micrometer-metrics:4.0.5
2026-04-09 22:34:35,623 [Worker-6: Download sources and javadoc] INFO  o.e.m.c.i.e.AbstractTransferListenerAdapter - Downloading https://repo.maven.apache.org/maven2/org/springframework/boot/spring-boot-micrometer-metrics/4.0.5/spring-boot-micrometer-metrics-4.0.5-sources.jar
2026-04-09 22:34:35,933 [Worker-6: Download sources and javadoc] INFO  o.e.m.c.i.e.AbstractTransferListenerAdapter - Downloaded https://repo.maven.apache.org/maven2/org/springframework/boot/spring-boot-micrometer-metrics/4.0.5/spring-boot-micrometer-metrics-4.0.5-sources.jar
2026-04-09 22:34:36,070 [Worker-6: Download sources and javadoc] INFO  o.e.m.j.internal.DownloadSourcesJob - Downloaded sources for org.springframework.boot:spring-boot-micrometer-metrics:4.0.5
2026-04-09 22:34:36,220 [Worker-6: Download sources and javadoc] INFO  o.e.m.c.i.e.AbstractTransferListenerAdapter - Downloading https://repo.maven.apache.org/maven2/org/springframework/boot/spring-boot-micrometer-observation/4.0.5/spring-boot-micrometer-observation-4.0.5-sources.jar
2026-04-09 22:34:36,650 [Worker-6: Download sources and javadoc] INFO  o.e.m.c.i.e.AbstractTransferListenerAdapter - Downloaded https://repo.maven.apache.org/maven2/org/springframework/boot/spring-boot-micrometer-observation/4.0.5/spring-boot-micrometer-observation-4.0.5-sources.jar
2026-04-09 22:34:37,040 [Worker-6: Download sources and javadoc] INFO  o.e.m.j.internal.DownloadSourcesJob - Downloaded sources for org.springframework.boot:spring-boot-micrometer-observation:4.0.5
2026-04-09 22:34:37,254 [Worker-6: Download sources and javadoc] INFO  o.e.m.c.i.e.AbstractTransferListenerAdapter - Downloading https://repo.maven.apache.org/maven2/org/springframework/boot/spring-boot-actuator-autoconfigure/4.0.5/spring-boot-actuator-autoconfigure-4.0.5-sources.jar
2026-04-09 22:34:37,479 [Worker-6: Download sources and javadoc] INFO  o.e.m.c.i.e.AbstractTransferListenerAdapter - Downloaded https://repo.maven.apache.org/maven2/org/springframework/boot/spring-boot-actuator-autoconfigure/4.0.5/spring-boot-actuator-autoconfigure-4.0.5-sources.jar
2026-04-09 22:34:37,627 [Worker-6: Download sources and javadoc] INFO  o.e.m.j.internal.DownloadSourcesJob - Downloaded sources for org.springframework.boot:spring-boot-actuator-autoconfigure:4.0.5
2026-04-09 22:34:37,795 [Worker-6: Download sources and javadoc] INFO  o.e.m.c.i.e.AbstractTransferListenerAdapter - Downloading https://repo.maven.apache.org/maven2/org/springframework/boot/spring-boot-actuator/4.0.5/spring-boot-actuator-4.0.5-sources.jar
2026-04-09 22:34:38,107 [Worker-6: Download sources and javadoc] INFO  o.e.m.c.i.e.AbstractTransferListenerAdapter - Downloaded https://repo.maven.apache.org/maven2/org/springframework/boot/spring-boot-actuator/4.0.5/spring-boot-actuator-4.0.5-sources.jar
2026-04-09 22:34:38,316 [Worker-6: Download sources and javadoc] INFO  o.e.m.j.internal.DownloadSourcesJob - Downloaded sources for org.springframework.boot:spring-boot-actuator:4.0.5
2026-04-09 22:34:38,475 [Worker-6: Download sources and javadoc] INFO  o.e.m.c.i.e.AbstractTransferListenerAdapter - Downloading https://repo.maven.apache.org/maven2/org/springframework/boot/spring-boot-health/4.0.5/spring-boot-health-4.0.5-sources.jar
2026-04-09 22:34:38,653 [Worker-6: Download sources and javadoc] INFO  o.e.m.c.i.e.AbstractTransferListenerAdapter - Downloaded https://repo.maven.apache.org/maven2/org/springframework/boot/spring-boot-health/4.0.5/spring-boot-health-4.0.5-sources.jar
2026-04-09 22:34:39,034 [Worker-6: Download sources and javadoc] INFO  o.e.m.j.internal.DownloadSourcesJob - Downloaded sources for org.springframework.boot:spring-boot-health:4.0.5
2026-04-09 22:34:39,206 [Worker-6: Download sources and javadoc] INFO  o.e.m.c.i.e.AbstractTransferListenerAdapter - Downloading https://repo.maven.apache.org/maven2/io/micrometer/micrometer-jakarta9/1.16.4/micrometer-jakarta9-1.16.4-sources.jar
2026-04-09 22:34:39,835 [Worker-6: Download sources and javadoc] INFO  o.e.m.c.i.e.AbstractTransferListenerAdapter - Downloaded https://repo.maven.apache.org/maven2/io/micrometer/micrometer-jakarta9/1.16.4/micrometer-jakarta9-1.16.4-sources.jar
2026-04-09 22:34:40,373 [Worker-6: Download sources and javadoc] INFO  o.e.m.j.internal.DownloadSourcesJob - Downloaded sources for io.micrometer:micrometer-jakarta9:1.16.4
2026-04-09 22:34:40,551 [Worker-6: Download sources and javadoc] INFO  o.e.m.c.i.e.AbstractTransferListenerAdapter - Downloading https://repo.maven.apache.org/maven2/io/micrometer/micrometer-core/1.16.4/micrometer-core-1.16.4-sources.jar
2026-04-09 22:34:41,122 [Worker-6: Download sources and javadoc] INFO  o.e.m.c.i.e.AbstractTransferListenerAdapter - Downloaded https://repo.maven.apache.org/maven2/io/micrometer/micrometer-core/1.16.4/micrometer-core-1.16.4-sources.jar
2026-04-09 22:34:41,272 [Worker-6: Download sources and javadoc] INFO  o.e.m.j.internal.DownloadSourcesJob - Downloaded sources for io.micrometer:micrometer-core:1.16.4
2026-04-09 22:34:41,474 [Worker-6: Download sources and javadoc] INFO  o.e.m.c.i.e.AbstractTransferListenerAdapter - Downloading https://repo.maven.apache.org/maven2/org/hdrhistogram/HdrHistogram/2.2.2/HdrHistogram-2.2.2-sources.jar
2026-04-09 22:34:41,717 [Worker-6: Download sources and javadoc] INFO  o.e.m.c.i.e.AbstractTransferListenerAdapter - Downloaded https://repo.maven.apache.org/maven2/org/hdrhistogram/HdrHistogram/2.2.2/HdrHistogram-2.2.2-sources.jar
2026-04-09 22:34:41,907 [Worker-6: Download sources and javadoc] INFO  o.e.m.j.internal.DownloadSourcesJob - Downloaded sources for org.hdrhistogram:HdrHistogram:2.2.2
2026-04-09 22:34:42,084 [Worker-6: Download sources and javadoc] INFO  o.e.m.c.i.e.AbstractTransferListenerAdapter - Downloading https://repo.maven.apache.org/maven2/org/latencyutils/LatencyUtils/2.0.3/LatencyUtils-2.0.3-sources.jar
2026-04-09 22:34:42,333 [Worker-6: Download sources and javadoc] INFO  o.e.m.c.i.e.AbstractTransferListenerAdapter - Downloaded https://repo.maven.apache.org/maven2/org/latencyutils/LatencyUtils/2.0.3/LatencyUtils-2.0.3-sources.jar
2026-04-09 22:34:42,621 [Worker-6: Download sources and javadoc] INFO  o.e.m.j.internal.DownloadSourcesJob - Downloaded sources for org.latencyutils:LatencyUtils:2.0.3
2026-04-09 22:34:42,774 [Worker-6: Download sources and javadoc] INFO  o.e.m.c.i.e.AbstractTransferListenerAdapter - Downloading https://repo.maven.apache.org/maven2/org/springframework/boot/spring-boot-starter-freemarker/4.0.5/spring-boot-starter-freemarker-4.0.5-sources.jar
2026-04-09 22:34:43,285 [Worker-6: Download sources and javadoc] INFO  o.e.m.c.i.e.AbstractTransferListenerAdapter - Downloaded https://repo.maven.apache.org/maven2/org/springframework/boot/spring-boot-starter-freemarker/4.0.5/spring-boot-starter-freemarker-4.0.5-sources.jar
2026-04-09 22:34:43,488 [Worker-6: Download sources and javadoc] INFO  o.e.m.j.internal.DownloadSourcesJob - Downloaded sources for org.springframework.boot:spring-boot-starter-freemarker:4.0.5
2026-04-09 22:34:43,722 [Worker-6: Download sources and javadoc] INFO  o.e.m.c.i.e.AbstractTransferListenerAdapter - Downloading https://repo.maven.apache.org/maven2/org/springframework/boot/spring-boot-freemarker/4.0.5/spring-boot-freemarker-4.0.5-sources.jar
2026-04-09 22:34:44,138 [Worker-6: Download sources and javadoc] INFO  o.e.m.c.i.e.AbstractTransferListenerAdapter - Downloaded https://repo.maven.apache.org/maven2/org/springframework/boot/spring-boot-freemarker/4.0.5/spring-boot-freemarker-4.0.5-sources.jar
2026-04-09 22:34:44,655 [Worker-6: Download sources and javadoc] INFO  o.e.m.j.internal.DownloadSourcesJob - Downloaded sources for org.springframework.boot:spring-boot-freemarker:4.0.5
2026-04-09 22:34:44,824 [Worker-6: Download sources and javadoc] INFO  o.e.m.c.i.e.AbstractTransferListenerAdapter - Downloading https://repo.maven.apache.org/maven2/org/freemarker/freemarker/2.3.34/freemarker-2.3.34-sources.jar
2026-04-09 22:34:45,732 [Worker-6: Download sources and javadoc] INFO  o.e.m.c.i.e.AbstractTransferListenerAdapter - Downloaded https://repo.maven.apache.org/maven2/org/freemarker/freemarker/2.3.34/freemarker-2.3.34-sources.jar
2026-04-09 22:34:45,879 [Worker-6: Download sources and javadoc] INFO  o.e.m.j.internal.DownloadSourcesJob - Downloaded sources for org.freemarker:freemarker:2.3.34
2026-04-09 22:34:46,068 [Worker-6: Download sources and javadoc] INFO  o.e.m.c.i.e.AbstractTransferListenerAdapter - Downloading https://repo.maven.apache.org/maven2/org/springframework/spring-context-support/7.0.6/spring-context-support-7.0.6-sources.jar
2026-04-09 22:34:46,288 [Worker-6: Download sources and javadoc] INFO  o.e.m.c.i.e.AbstractTransferListenerAdapter - Downloaded https://repo.maven.apache.org/maven2/org/springframework/spring-context-support/7.0.6/spring-context-support-7.0.6-sources.jar
2026-04-09 22:34:46,434 [Worker-6: Download sources and javadoc] INFO  o.e.m.j.internal.DownloadSourcesJob - Downloaded sources for org.springframework:spring-context-support:7.0.6
2026-04-09 22:34:46,597 [Worker-6: Download sources and javadoc] INFO  o.e.m.c.i.e.AbstractTransferListenerAdapter - Downloading https://repo.maven.apache.org/maven2/org/springframework/cloud/spring-cloud-netflix-eureka-client/5.0.1/spring-cloud-netflix-eureka-client-5.0.1-sources.jar
2026-04-09 22:34:46,791 [Worker-6: Download sources and javadoc] INFO  o.e.m.c.i.e.AbstractTransferListenerAdapter - Downloaded https://repo.maven.apache.org/maven2/org/springframework/cloud/spring-cloud-netflix-eureka-client/5.0.1/spring-cloud-netflix-eureka-client-5.0.1-sources.jar
2026-04-09 22:34:47,164 [Worker-6: Download sources and javadoc] INFO  o.e.m.j.internal.DownloadSourcesJob - Downloaded sources for org.springframework.cloud:spring-cloud-netflix-eureka-client:5.0.1
2026-04-09 22:34:47,368 [Worker-6: Download sources and javadoc] INFO  o.e.m.c.i.e.AbstractTransferListenerAdapter - Downloading https://repo.maven.apache.org/maven2/org/springframework/boot/spring-boot-jackson2/4.0.5/spring-boot-jackson2-4.0.5-sources.jar
2026-04-09 22:34:47,944 [Worker-6: Download sources and javadoc] INFO  o.e.m.c.i.e.AbstractTransferListenerAdapter - Downloaded https://repo.maven.apache.org/maven2/org/springframework/boot/spring-boot-jackson2/4.0.5/spring-boot-jackson2-4.0.5-sources.jar
2026-04-09 22:34:48,529 [Worker-6: Download sources and javadoc] INFO  o.e.m.j.internal.DownloadSourcesJob - Downloaded sources for org.springframework.boot:spring-boot-jackson2:4.0.5
2026-04-09 22:34:50,788 [Worker-6: Download sources and javadoc] INFO  o.e.m.c.i.e.AbstractTransferListenerAdapter - Downloading https://repo.maven.apache.org/maven2/com/netflix/eureka/eureka-client/2.0.5/eureka-client-2.0.5-sources.jar
2026-04-09 22:34:51,325 [Worker-6: Download sources and javadoc] INFO  o.e.m.c.i.e.AbstractTransferListenerAdapter - Downloaded https://repo.maven.apache.org/maven2/com/netflix/eureka/eureka-client/2.0.5/eureka-client-2.0.5-sources.jar
2026-04-09 22:34:51,469 [Worker-6: Download sources and javadoc] INFO  o.e.m.j.internal.DownloadSourcesJob - Downloaded sources for com.netflix.eureka:eureka-client:2.0.5
2026-04-09 22:34:51,795 [Worker-6: Download sources and javadoc] INFO  o.e.m.c.i.e.AbstractTransferListenerAdapter - Downloading https://repo.maven.apache.org/maven2/com/thoughtworks/xstream/xstream/1.4.21/xstream-1.4.21-sources.jar
2026-04-09 22:34:53,064 [Worker-6: Download sources and javadoc] INFO  o.e.m.c.i.e.AbstractTransferListenerAdapter - Downloaded https://repo.maven.apache.org/maven2/com/thoughtworks/xstream/xstream/1.4.21/xstream-1.4.21-sources.jar
2026-04-09 22:34:53,247 [Worker-6: Download sources and javadoc] INFO  o.e.m.j.internal.DownloadSourcesJob - Downloaded sources for com.thoughtworks.xstream:xstream:1.4.21
2026-04-09 22:34:53,429 [Worker-6: Download sources and javadoc] INFO  o.e.m.c.i.e.AbstractTransferListenerAdapter - Downloading https://repo.maven.apache.org/maven2/io/github/x-stream/mxparser/1.2.2/mxparser-1.2.2-sources.jar
2026-04-09 22:34:53,737 [Worker-6: Download sources and javadoc] INFO  o.e.m.c.i.e.AbstractTransferListenerAdapter - Downloaded https://repo.maven.apache.org/maven2/io/github/x-stream/mxparser/1.2.2/mxparser-1.2.2-sources.jar
2026-04-09 22:34:54,109 [Worker-6: Download sources and javadoc] INFO  o.e.m.j.internal.DownloadSourcesJob - Downloaded sources for io.github.x-stream:mxparser:1.2.2
2026-04-09 22:34:54,497 [Worker-6: Download sources and javadoc] INFO  o.e.m.c.i.e.AbstractTransferListenerAdapter - Downloaded https://repo.maven.apache.org/maven2/xmlpull/xmlpull/1.1.3.1/xmlpull-1.1.3.1-sources.jar
2026-04-09 22:34:54,503 [Worker-6: Download sources and javadoc] ERROR o.e.m.j.internal.DownloadSourcesJob - Could not download sources for xmlpull:xmlpull:1.1.3.1
org.eclipse.core.runtime.CoreException: Could not resolve artifact xmlpull:xmlpull:jar:sources:1.1.3.1
	at org.eclipse.m2e.core.internal.embedder.MavenImpl.lambda$4(MavenImpl.java:828)
	at org.eclipse.m2e.core.internal.embedder.MavenExecutionContext.executeBare(MavenExecutionContext.java:182)
	at org.eclipse.m2e.core.internal.embedder.MavenExecutionContext.execute(MavenExecutionContext.java:117)
	at org.eclipse.m2e.core.internal.embedder.MavenExecutionContext.execute(MavenExecutionContext.java:103)
	at org.eclipse.m2e.core.internal.embedder.MavenImpl.resolve(MavenImpl.java:796)
	at org.eclipse.m2e.core.internal.embedder.MavenImpl.resolve(MavenImpl.java:773)
	at org.eclipse.m2e.jdt.internal.DownloadSourcesJob.download(DownloadSourcesJob.java:311)
	at org.eclipse.m2e.jdt.internal.DownloadSourcesJob.downloadAttachments(DownloadSourcesJob.java:285)
	at org.eclipse.m2e.jdt.internal.DownloadSourcesJob.downloadMaven(DownloadSourcesJob.java:255)
	at org.eclipse.m2e.jdt.internal.DownloadSourcesJob.downloadFilesAndPopulateToUpdate(DownloadSourcesJob.java:223)
	at org.eclipse.m2e.jdt.internal.DownloadSourcesJob.lambda$0(DownloadSourcesJob.java:152)
	at org.eclipse.m2e.core.internal.embedder.MavenExecutionContext.executeBare(MavenExecutionContext.java:182)
	at org.eclipse.m2e.core.internal.embedder.MavenExecutionContext.execute(MavenExecutionContext.java:156)
	at org.eclipse.m2e.core.internal.embedder.MavenExecutionContext.execute(MavenExecutionContext.java:103)
	at org.eclipse.m2e.core.internal.embedder.MavenImpl.execute(MavenImpl.java:1416)
	at org.eclipse.m2e.jdt.internal.DownloadSourcesJob.run(DownloadSourcesJob.java:152)
	at org.eclipse.core.internal.jobs.Worker.run(Worker.java:63)
2026-04-09 22:34:54,675 [Worker-6: Download sources and javadoc] INFO  o.e.m.c.i.e.AbstractTransferListenerAdapter - Downloading https://repo.maven.apache.org/maven2/com/netflix/spectator/spectator-api/1.7.3/spectator-api-1.7.3-sources.jar
2026-04-09 22:34:54,941 [Worker-6: Download sources and javadoc] INFO  o.e.m.c.i.e.AbstractTransferListenerAdapter - Downloaded https://repo.maven.apache.org/maven2/com/netflix/spectator/spectator-api/1.7.3/spectator-api-1.7.3-sources.jar
2026-04-09 22:34:55,089 [Worker-6: Download sources and javadoc] INFO  o.e.m.j.internal.DownloadSourcesJob - Downloaded sources for com.netflix.spectator:spectator-api:1.7.3
2026-04-09 22:34:55,252 [Worker-6: Download sources and javadoc] INFO  o.e.m.c.i.e.AbstractTransferListenerAdapter - Downloading https://repo.maven.apache.org/maven2/org/apache/httpcomponents/httpclient/4.5.3/httpclient-4.5.3-sources.jar
2026-04-09 22:34:55,766 [Worker-6: Download sources and javadoc] INFO  o.e.m.c.i.e.AbstractTransferListenerAdapter - Downloaded https://repo.maven.apache.org/maven2/org/apache/httpcomponents/httpclient/4.5.3/httpclient-4.5.3-sources.jar
2026-04-09 22:34:55,907 [Worker-6: Download sources and javadoc] INFO  o.e.m.j.internal.DownloadSourcesJob - Downloaded sources for org.apache.httpcomponents:httpclient:4.5.3
2026-04-09 22:34:56,068 [Worker-6: Download sources and javadoc] INFO  o.e.m.c.i.e.AbstractTransferListenerAdapter - Downloading https://repo.maven.apache.org/maven2/org/apache/httpcomponents/httpcore/4.4.16/httpcore-4.4.16-sources.jar
2026-04-09 22:34:56,439 [Worker-6: Download sources and javadoc] INFO  o.e.m.c.i.e.AbstractTransferListenerAdapter - Downloaded https://repo.maven.apache.org/maven2/org/apache/httpcomponents/httpcore/4.4.16/httpcore-4.4.16-sources.jar
2026-04-09 22:34:56,586 [Worker-6: Download sources and javadoc] INFO  o.e.m.j.internal.DownloadSourcesJob - Downloaded sources for org.apache.httpcomponents:httpcore:4.4.16
2026-04-09 22:34:56,759 [Worker-6: Download sources and javadoc] INFO  o.e.m.c.i.e.AbstractTransferListenerAdapter - Downloading https://repo.maven.apache.org/maven2/commons-codec/commons-codec/1.19.0/commons-codec-1.19.0-sources.jar
2026-04-09 22:34:57,119 [Worker-6: Download sources and javadoc] INFO  o.e.m.c.i.e.AbstractTransferListenerAdapter - Downloaded https://repo.maven.apache.org/maven2/commons-codec/commons-codec/1.19.0/commons-codec-1.19.0-sources.jar
2026-04-09 22:34:57,330 [Worker-6: Download sources and javadoc] INFO  o.e.m.j.internal.DownloadSourcesJob - Downloaded sources for commons-codec:commons-codec:1.19.0
2026-04-09 22:34:57,531 [Worker-6: Download sources and javadoc] INFO  o.e.m.c.i.e.AbstractTransferListenerAdapter - Downloading https://repo.maven.apache.org/maven2/commons-configuration/commons-configuration/1.10/commons-configuration-1.10-sources.jar
2026-04-09 22:34:57,964 [Worker-6: Download sources and javadoc] INFO  o.e.m.c.i.e.AbstractTransferListenerAdapter - Downloaded https://repo.maven.apache.org/maven2/commons-configuration/commons-configuration/1.10/commons-configuration-1.10-sources.jar
2026-04-09 22:34:58,316 [Worker-6: Download sources and javadoc] INFO  o.e.m.j.internal.DownloadSourcesJob - Downloaded sources for commons-configuration:commons-configuration:1.10
2026-04-09 22:34:58,464 [Worker-6: Download sources and javadoc] INFO  o.e.m.c.i.e.AbstractTransferListenerAdapter - Downloading https://repo.maven.apache.org/maven2/commons-lang/commons-lang/2.6/commons-lang-2.6-sources.jar
2026-04-09 22:34:58,863 [Worker-6: Download sources and javadoc] INFO  o.e.m.c.i.e.AbstractTransferListenerAdapter - Downloaded https://repo.maven.apache.org/maven2/commons-lang/commons-lang/2.6/commons-lang-2.6-sources.jar
2026-04-09 22:34:59,142 [Worker-6: Download sources and javadoc] INFO  o.e.m.j.internal.DownloadSourcesJob - Downloaded sources for commons-lang:commons-lang:2.6
2026-04-09 22:34:59,303 [Worker-6: Download sources and javadoc] INFO  o.e.m.c.i.e.AbstractTransferListenerAdapter - Downloading https://repo.maven.apache.org/maven2/com/netflix/netflix-commons/netflix-eventbus/0.3.0/netflix-eventbus-0.3.0-sources.jar
2026-04-09 22:35:00,184 [Worker-6: Download sources and javadoc] INFO  o.e.m.c.i.e.AbstractTransferListenerAdapter - Downloaded https://repo.maven.apache.org/maven2/com/netflix/netflix-commons/netflix-eventbus/0.3.0/netflix-eventbus-0.3.0-sources.jar
2026-04-09 22:35:00,924 [Worker-6: Download sources and javadoc] INFO  o.e.m.j.internal.DownloadSourcesJob - Downloaded sources for com.netflix.netflix-commons:netflix-eventbus:0.3.0
2026-04-09 22:35:01,094 [Worker-6: Download sources and javadoc] INFO  o.e.m.c.i.e.AbstractTransferListenerAdapter - Downloading https://repo.maven.apache.org/maven2/com/netflix/netflix-commons/netflix-infix/0.3.0/netflix-infix-0.3.0-sources.jar
2026-04-09 22:35:01,269 [Worker-6: Download sources and javadoc] INFO  o.e.m.c.i.e.AbstractTransferListenerAdapter - Downloaded https://repo.maven.apache.org/maven2/com/netflix/netflix-commons/netflix-infix/0.3.0/netflix-infix-0.3.0-sources.jar
2026-04-09 22:35:01,480 [Worker-6: Download sources and javadoc] INFO  o.e.m.j.internal.DownloadSourcesJob - Downloaded sources for com.netflix.netflix-commons:netflix-infix:0.3.0
2026-04-09 22:35:01,682 [Worker-6: Download sources and javadoc] INFO  o.e.m.c.i.e.AbstractTransferListenerAdapter - Downloading https://repo.maven.apache.org/maven2/commons-jxpath/commons-jxpath/1.3/commons-jxpath-1.3-sources.jar
2026-04-09 22:35:02,145 [Worker-6: Download sources and javadoc] INFO  o.e.m.c.i.e.AbstractTransferListenerAdapter - Downloaded https://repo.maven.apache.org/maven2/commons-jxpath/commons-jxpath/1.3/commons-jxpath-1.3-sources.jar
2026-04-09 22:35:02,733 [Worker-6: Download sources and javadoc] INFO  o.e.m.j.internal.DownloadSourcesJob - Downloaded sources for commons-jxpath:commons-jxpath:1.3
2026-04-09 22:35:02,958 [Worker-6: Download sources and javadoc] INFO  o.e.m.c.i.e.AbstractTransferListenerAdapter - Downloading https://repo.maven.apache.org/maven2/joda-time/joda-time/2.3/joda-time-2.3-sources.jar
2026-04-09 22:35:03,800 [Worker-6: Download sources and javadoc] INFO  o.e.m.c.i.e.AbstractTransferListenerAdapter - Downloaded https://repo.maven.apache.org/maven2/joda-time/joda-time/2.3/joda-time-2.3-sources.jar
2026-04-09 22:35:04,077 [Worker-6: Download sources and javadoc] INFO  o.e.m.j.internal.DownloadSourcesJob - Downloaded sources for joda-time:joda-time:2.3
2026-04-09 22:35:04,276 [Worker-6: Download sources and javadoc] INFO  o.e.m.c.i.e.AbstractTransferListenerAdapter - Downloading https://repo.maven.apache.org/maven2/org/antlr/antlr-runtime/3.4/antlr-runtime-3.4-sources.jar
2026-04-09 22:35:04,688 [Worker-6: Download sources and javadoc] INFO  o.e.m.c.i.e.AbstractTransferListenerAdapter - Downloaded https://repo.maven.apache.org/maven2/org/antlr/antlr-runtime/3.4/antlr-runtime-3.4-sources.jar
2026-04-09 22:35:04,897 [Worker-6: Download sources and javadoc] INFO  o.e.m.j.internal.DownloadSourcesJob - Downloaded sources for org.antlr:antlr-runtime:3.4
2026-04-09 22:35:05,082 [Worker-6: Download sources and javadoc] INFO  o.e.m.c.i.e.AbstractTransferListenerAdapter - Downloading https://repo.maven.apache.org/maven2/org/antlr/stringtemplate/3.2.1/stringtemplate-3.2.1-sources.jar
2026-04-09 22:35:05,932 [Worker-6: Download sources and javadoc] INFO  o.e.m.c.i.e.AbstractTransferListenerAdapter - Downloaded https://repo.maven.apache.org/maven2/org/antlr/stringtemplate/3.2.1/stringtemplate-3.2.1-sources.jar
2026-04-09 22:35:06,110 [Worker-6: Download sources and javadoc] INFO  o.e.m.j.internal.DownloadSourcesJob - Downloaded sources for org.antlr:stringtemplate:3.2.1
2026-04-09 22:35:06,255 [Worker-6: Download sources and javadoc] INFO  o.e.m.c.i.e.AbstractTransferListenerAdapter - Downloading https://repo.maven.apache.org/maven2/com/google/code/gson/gson/2.13.2/gson-2.13.2-sources.jar
2026-04-09 22:35:06,501 [Worker-6: Download sources and javadoc] INFO  o.e.m.c.i.e.AbstractTransferListenerAdapter - Downloaded https://repo.maven.apache.org/maven2/com/google/code/gson/gson/2.13.2/gson-2.13.2-sources.jar
2026-04-09 22:35:06,729 [Worker-6: Download sources and javadoc] INFO  o.e.m.j.internal.DownloadSourcesJob - Downloaded sources for com.google.code.gson:gson:2.13.2
2026-04-09 22:35:06,958 [Worker-6: Download sources and javadoc] INFO  o.e.m.c.i.e.AbstractTransferListenerAdapter - Downloading https://repo.maven.apache.org/maven2/com/netflix/servo/servo-core/0.5.3/servo-core-0.5.3-sources.jar
2026-04-09 22:35:07,362 [Worker-6: Download sources and javadoc] INFO  o.e.m.c.i.e.AbstractTransferListenerAdapter - Downloaded https://repo.maven.apache.org/maven2/com/netflix/servo/servo-core/0.5.3/servo-core-0.5.3-sources.jar
2026-04-09 22:35:08,031 [Worker-6: Download sources and javadoc] INFO  o.e.m.j.internal.DownloadSourcesJob - Downloaded sources for com.netflix.servo:servo-core:0.5.3
2026-04-09 22:35:08,237 [Worker-6: Download sources and javadoc] INFO  o.e.m.c.i.e.AbstractTransferListenerAdapter - Downloading https://repo.maven.apache.org/maven2/org/apache/commons/commons-math/2.2/commons-math-2.2-sources.jar
2026-04-09 22:35:09,813 [Worker-6: Download sources and javadoc] INFO  o.e.m.c.i.e.AbstractTransferListenerAdapter - Downloaded https://repo.maven.apache.org/maven2/org/apache/commons/commons-math/2.2/commons-math-2.2-sources.jar
2026-04-09 22:35:09,948 [Worker-6: Download sources and javadoc] INFO  o.e.m.j.internal.DownloadSourcesJob - Downloaded sources for org.apache.commons:commons-math:2.2
2026-04-09 22:35:10,091 [Worker-6: Download sources and javadoc] INFO  o.e.m.c.i.e.AbstractTransferListenerAdapter - Downloading https://repo.maven.apache.org/maven2/javax/annotation/javax.annotation-api/1.2/javax.annotation-api-1.2-sources.jar
2026-04-09 22:35:10,522 [Worker-6: Download sources and javadoc] INFO  o.e.m.c.i.e.AbstractTransferListenerAdapter - Downloaded https://repo.maven.apache.org/maven2/javax/annotation/javax.annotation-api/1.2/javax.annotation-api-1.2-sources.jar
2026-04-09 22:35:11,291 [Worker-6: Download sources and javadoc] INFO  o.e.m.j.internal.DownloadSourcesJob - Downloaded sources for javax.annotation:javax.annotation-api:1.2
2026-04-09 22:35:12,481 [Worker-6: Download sources and javadoc] INFO  o.e.m.c.i.e.AbstractTransferListenerAdapter - Downloading https://repo.maven.apache.org/maven2/org/codehaus/jettison/jettison/1.5.4/jettison-1.5.4-sources.jar
2026-04-09 22:35:12,647 [Worker-6: Download sources and javadoc] INFO  o.e.m.c.i.e.AbstractTransferListenerAdapter - Downloaded https://repo.maven.apache.org/maven2/org/codehaus/jettison/jettison/1.5.4/jettison-1.5.4-sources.jar
2026-04-09 22:35:12,782 [Worker-6: Download sources and javadoc] INFO  o.e.m.j.internal.DownloadSourcesJob - Downloaded sources for org.codehaus.jettison:jettison:1.5.4
2026-04-09 22:35:12,965 [Worker-6: Download sources and javadoc] INFO  o.e.m.c.i.e.AbstractTransferListenerAdapter - Downloading https://repo.maven.apache.org/maven2/org/apache/httpcomponents/client5/httpclient5/5.5.2/httpclient5-5.5.2-sources.jar
2026-04-09 22:35:13,495 [Worker-6: Download sources and javadoc] INFO  o.e.m.c.i.e.AbstractTransferListenerAdapter - Downloaded https://repo.maven.apache.org/maven2/org/apache/httpcomponents/client5/httpclient5/5.5.2/httpclient5-5.5.2-sources.jar
2026-04-09 22:35:13,730 [Worker-6: Download sources and javadoc] INFO  o.e.m.j.internal.DownloadSourcesJob - Downloaded sources for org.apache.httpcomponents.client5:httpclient5:5.5.2
2026-04-09 22:35:13,885 [Worker-6: Download sources and javadoc] INFO  o.e.m.c.i.e.AbstractTransferListenerAdapter - Downloading https://repo.maven.apache.org/maven2/org/apache/httpcomponents/core5/httpcore5/5.3.6/httpcore5-5.3.6-sources.jar
2026-04-09 22:35:14,316 [Worker-6: Download sources and javadoc] INFO  o.e.m.c.i.e.AbstractTransferListenerAdapter - Downloaded https://repo.maven.apache.org/maven2/org/apache/httpcomponents/core5/httpcore5/5.3.6/httpcore5-5.3.6-sources.jar
2026-04-09 22:35:14,482 [Worker-6: Download sources and javadoc] INFO  o.e.m.j.internal.DownloadSourcesJob - Downloaded sources for org.apache.httpcomponents.core5:httpcore5:5.3.6
2026-04-09 22:35:14,632 [Worker-6: Download sources and javadoc] INFO  o.e.m.c.i.e.AbstractTransferListenerAdapter - Downloading https://repo.maven.apache.org/maven2/org/apache/httpcomponents/core5/httpcore5-h2/5.3.6/httpcore5-h2-5.3.6-sources.jar
2026-04-09 22:35:14,947 [Worker-6: Download sources and javadoc] INFO  o.e.m.c.i.e.AbstractTransferListenerAdapter - Downloaded https://repo.maven.apache.org/maven2/org/apache/httpcomponents/core5/httpcore5-h2/5.3.6/httpcore5-h2-5.3.6-sources.jar
2026-04-09 22:35:15,090 [Worker-6: Download sources and javadoc] INFO  o.e.m.j.internal.DownloadSourcesJob - Downloaded sources for org.apache.httpcomponents.core5:httpcore5-h2:5.3.6
2026-04-09 22:35:15,259 [Worker-6: Download sources and javadoc] INFO  o.e.m.c.i.e.AbstractTransferListenerAdapter - Downloading https://repo.maven.apache.org/maven2/com/netflix/eureka/eureka-client-jersey3/2.0.5/eureka-client-jersey3-2.0.5-sources.jar
2026-04-09 22:35:15,653 [Worker-6: Download sources and javadoc] INFO  o.e.m.c.i.e.AbstractTransferListenerAdapter - Downloaded https://repo.maven.apache.org/maven2/com/netflix/eureka/eureka-client-jersey3/2.0.5/eureka-client-jersey3-2.0.5-sources.jar
2026-04-09 22:35:16,030 [Worker-6: Download sources and javadoc] INFO  o.e.m.j.internal.DownloadSourcesJob - Downloaded sources for com.netflix.eureka:eureka-client-jersey3:2.0.5
2026-04-09 22:35:16,196 [Worker-6: Download sources and javadoc] INFO  o.e.m.c.i.e.AbstractTransferListenerAdapter - Downloading https://repo.maven.apache.org/maven2/org/glassfish/jersey/connectors/jersey-apache-connector/3.0.5/jersey-apache-connector-3.0.5-sources.jar
2026-04-09 22:35:16,784 [Worker-6: Download sources and javadoc] INFO  o.e.m.c.i.e.AbstractTransferListenerAdapter - Downloaded https://repo.maven.apache.org/maven2/org/glassfish/jersey/connectors/jersey-apache-connector/3.0.5/jersey-apache-connector-3.0.5-sources.jar
2026-04-09 22:35:17,578 [Worker-6: Download sources and javadoc] INFO  o.e.m.j.internal.DownloadSourcesJob - Downloaded sources for org.glassfish.jersey.connectors:jersey-apache-connector:3.0.5
2026-04-09 22:35:17,728 [Worker-6: Download sources and javadoc] INFO  o.e.m.c.i.e.AbstractTransferListenerAdapter - Downloading https://repo.maven.apache.org/maven2/com/netflix/eureka/eureka-core-jersey3/2.0.5/eureka-core-jersey3-2.0.5-sources.jar
2026-04-09 22:35:18,093 [Worker-6: Download sources and javadoc] INFO  o.e.m.c.i.e.AbstractTransferListenerAdapter - Downloaded https://repo.maven.apache.org/maven2/com/netflix/eureka/eureka-core-jersey3/2.0.5/eureka-core-jersey3-2.0.5-sources.jar
2026-04-09 22:35:19,124 [Worker-6: Download sources and javadoc] INFO  o.e.m.j.internal.DownloadSourcesJob - Downloaded sources for com.netflix.eureka:eureka-core-jersey3:2.0.5
2026-04-09 22:35:19,320 [Worker-6: Download sources and javadoc] INFO  o.e.m.c.i.e.AbstractTransferListenerAdapter - Downloading https://repo.maven.apache.org/maven2/com/netflix/eureka/eureka-core/2.0.5/eureka-core-2.0.5-sources.jar
2026-04-09 22:35:19,623 [Worker-6: Download sources and javadoc] INFO  o.e.m.c.i.e.AbstractTransferListenerAdapter - Downloaded https://repo.maven.apache.org/maven2/com/netflix/eureka/eureka-core/2.0.5/eureka-core-2.0.5-sources.jar
2026-04-09 22:35:19,938 [Worker-6: Download sources and javadoc] INFO  o.e.m.j.internal.DownloadSourcesJob - Downloaded sources for com.netflix.eureka:eureka-core:2.0.5
2026-04-09 22:35:20,138 [Worker-6: Download sources and javadoc] INFO  o.e.m.c.i.e.AbstractTransferListenerAdapter - Downloading https://repo.maven.apache.org/maven2/com/google/guava/guava/33.0.0-jre/guava-33.0.0-jre-sources.jar
2026-04-09 22:35:21,252 [Worker-6: Download sources and javadoc] INFO  o.e.m.c.i.e.AbstractTransferListenerAdapter - Downloaded https://repo.maven.apache.org/maven2/com/google/guava/guava/33.0.0-jre/guava-33.0.0-jre-sources.jar
2026-04-09 22:35:21,417 [Worker-6: Download sources and javadoc] INFO  o.e.m.j.internal.DownloadSourcesJob - Downloaded sources for com.google.guava:guava:33.0.0-jre
2026-04-09 22:35:21,619 [Worker-6: Download sources and javadoc] INFO  o.e.m.c.i.e.AbstractTransferListenerAdapter - Downloading https://repo.maven.apache.org/maven2/com/google/guava/failureaccess/1.0.2/failureaccess-1.0.2-sources.jar
2026-04-09 22:35:21,784 [Worker-6: Download sources and javadoc] INFO  o.e.m.c.i.e.AbstractTransferListenerAdapter - Downloaded https://repo.maven.apache.org/maven2/com/google/guava/failureaccess/1.0.2/failureaccess-1.0.2-sources.jar
2026-04-09 22:35:22,001 [Worker-6: Download sources and javadoc] INFO  o.e.m.j.internal.DownloadSourcesJob - Downloaded sources for com.google.guava:failureaccess:1.0.2
2026-04-09 22:35:22,284 [Worker-6: Download sources and javadoc] INFO  o.e.m.c.i.e.AbstractTransferListenerAdapter - Downloaded https://repo.maven.apache.org/maven2/com/google/guava/listenablefuture/9999.0-empty-to-avoid-conflict-with-guava/listenablefuture-9999.0-empty-to-avoid-conflict-with-guava-sources.jar
2026-04-09 22:35:22,289 [Worker-6: Download sources and javadoc] ERROR o.e.m.j.internal.DownloadSourcesJob - Could not download sources for com.google.guava:listenablefuture:9999.0-empty-to-avoid-conflict-with-guava
org.eclipse.core.runtime.CoreException: Could not resolve artifact com.google.guava:listenablefuture:jar:sources:9999.0-empty-to-avoid-conflict-with-guava
	at org.eclipse.m2e.core.internal.embedder.MavenImpl.lambda$4(MavenImpl.java:828)
	at org.eclipse.m2e.core.internal.embedder.MavenExecutionContext.executeBare(MavenExecutionContext.java:182)
	at org.eclipse.m2e.core.internal.embedder.MavenExecutionContext.execute(MavenExecutionContext.java:117)
	at org.eclipse.m2e.core.internal.embedder.MavenExecutionContext.execute(MavenExecutionContext.java:103)
	at org.eclipse.m2e.core.internal.embedder.MavenImpl.resolve(MavenImpl.java:796)
	at org.eclipse.m2e.core.internal.embedder.MavenImpl.resolve(MavenImpl.java:773)
	at org.eclipse.m2e.jdt.internal.DownloadSourcesJob.download(DownloadSourcesJob.java:311)
	at org.eclipse.m2e.jdt.internal.DownloadSourcesJob.downloadAttachments(DownloadSourcesJob.java:285)
	at org.eclipse.m2e.jdt.internal.DownloadSourcesJob.downloadMaven(DownloadSourcesJob.java:255)
	at org.eclipse.m2e.jdt.internal.DownloadSourcesJob.downloadFilesAndPopulateToUpdate(DownloadSourcesJob.java:223)
	at org.eclipse.m2e.jdt.internal.DownloadSourcesJob.lambda$0(DownloadSourcesJob.java:152)
	at org.eclipse.m2e.core.internal.embedder.MavenExecutionContext.executeBare(MavenExecutionContext.java:182)
	at org.eclipse.m2e.core.internal.embedder.MavenExecutionContext.execute(MavenExecutionContext.java:156)
	at org.eclipse.m2e.core.internal.embedder.MavenExecutionContext.execute(MavenExecutionContext.java:103)
	at org.eclipse.m2e.core.internal.embedder.MavenImpl.execute(MavenImpl.java:1416)
	at org.eclipse.m2e.jdt.internal.DownloadSourcesJob.run(DownloadSourcesJob.java:152)
	at org.eclipse.core.internal.jobs.Worker.run(Worker.java:63)
2026-04-09 22:35:22,490 [Worker-6: Download sources and javadoc] INFO  o.e.m.c.i.e.AbstractTransferListenerAdapter - Downloading https://repo.maven.apache.org/maven2/org/checkerframework/checker-qual/3.41.0/checker-qual-3.41.0-sources.jar
2026-04-09 22:35:22,941 [Worker-6: Download sources and javadoc] INFO  o.e.m.c.i.e.AbstractTransferListenerAdapter - Downloaded https://repo.maven.apache.org/maven2/org/checkerframework/checker-qual/3.41.0/checker-qual-3.41.0-sources.jar
2026-04-09 22:35:23,079 [Worker-6: Download sources and javadoc] INFO  o.e.m.j.internal.DownloadSourcesJob - Downloaded sources for org.checkerframework:checker-qual:3.41.0
2026-04-09 22:35:23,259 [Worker-6: Download sources and javadoc] INFO  o.e.m.c.i.e.AbstractTransferListenerAdapter - Downloading https://repo.maven.apache.org/maven2/com/google/errorprone/error_prone_annotations/2.23.0/error_prone_annotations-2.23.0-sources.jar
2026-04-09 22:35:24,378 [Worker-6: Download sources and javadoc] INFO  o.e.m.c.i.e.AbstractTransferListenerAdapter - Downloaded https://repo.maven.apache.org/maven2/com/google/errorprone/error_prone_annotations/2.23.0/error_prone_annotations-2.23.0-sources.jar
2026-04-09 22:35:25,056 [Worker-6: Download sources and javadoc] INFO  o.e.m.j.internal.DownloadSourcesJob - Downloaded sources for com.google.errorprone:error_prone_annotations:2.23.0
2026-04-09 22:35:25,225 [Worker-6: Download sources and javadoc] INFO  o.e.m.c.i.e.AbstractTransferListenerAdapter - Downloading https://repo.maven.apache.org/maven2/com/google/j2objc/j2objc-annotations/2.8/j2objc-annotations-2.8-sources.jar
2026-04-09 22:35:25,549 [Worker-6: Download sources and javadoc] INFO  o.e.m.c.i.e.AbstractTransferListenerAdapter - Downloaded https://repo.maven.apache.org/maven2/com/google/j2objc/j2objc-annotations/2.8/j2objc-annotations-2.8-sources.jar
2026-04-09 22:35:25,936 [Worker-6: Download sources and javadoc] INFO  o.e.m.j.internal.DownloadSourcesJob - Downloaded sources for com.google.j2objc:j2objc-annotations:2.8
2026-04-09 22:35:26,118 [Worker-6: Download sources and javadoc] INFO  o.e.m.c.i.e.AbstractTransferListenerAdapter - Downloading https://repo.maven.apache.org/maven2/org/glassfish/jersey/containers/jersey-container-servlet/4.0.2/jersey-container-servlet-4.0.2-sources.jar
2026-04-09 22:35:26,335 [Worker-6: Download sources and javadoc] INFO  o.e.m.c.i.e.AbstractTransferListenerAdapter - Downloaded https://repo.maven.apache.org/maven2/org/glassfish/jersey/containers/jersey-container-servlet/4.0.2/jersey-container-servlet-4.0.2-sources.jar
2026-04-09 22:35:26,487 [Worker-6: Download sources and javadoc] INFO  o.e.m.j.internal.DownloadSourcesJob - Downloaded sources for org.glassfish.jersey.containers:jersey-container-servlet:4.0.2
2026-04-09 22:35:26,646 [Worker-6: Download sources and javadoc] INFO  o.e.m.c.i.e.AbstractTransferListenerAdapter - Downloading https://repo.maven.apache.org/maven2/org/glassfish/jersey/core/jersey-common/4.0.2/jersey-common-4.0.2-sources.jar
2026-04-09 22:35:27,240 [Worker-6: Download sources and javadoc] INFO  o.e.m.c.i.e.AbstractTransferListenerAdapter - Downloaded https://repo.maven.apache.org/maven2/org/glassfish/jersey/core/jersey-common/4.0.2/jersey-common-4.0.2-sources.jar
2026-04-09 22:35:27,373 [Worker-6: Download sources and javadoc] INFO  o.e.m.j.internal.DownloadSourcesJob - Downloaded sources for org.glassfish.jersey.core:jersey-common:4.0.2
2026-04-09 22:35:27,560 [Worker-6: Download sources and javadoc] INFO  o.e.m.c.i.e.AbstractTransferListenerAdapter - Downloading https://repo.maven.apache.org/maven2/org/glassfish/hk2/osgi-resource-locator/3.0.0/osgi-resource-locator-3.0.0-sources.jar
2026-04-09 22:35:27,879 [Worker-6: Download sources and javadoc] INFO  o.e.m.c.i.e.AbstractTransferListenerAdapter - Downloaded https://repo.maven.apache.org/maven2/org/glassfish/hk2/osgi-resource-locator/3.0.0/osgi-resource-locator-3.0.0-sources.jar
2026-04-09 22:35:28,345 [Worker-6: Download sources and javadoc] INFO  o.e.m.j.internal.DownloadSourcesJob - Downloaded sources for org.glassfish.hk2:osgi-resource-locator:3.0.0
2026-04-09 22:35:28,522 [Worker-6: Download sources and javadoc] INFO  o.e.m.c.i.e.AbstractTransferListenerAdapter - Downloading https://repo.maven.apache.org/maven2/jakarta/ws/rs/jakarta.ws.rs-api/4.0.0/jakarta.ws.rs-api-4.0.0-sources.jar
2026-04-09 22:35:28,949 [Worker-6: Download sources and javadoc] INFO  o.e.m.c.i.e.AbstractTransferListenerAdapter - Downloaded https://repo.maven.apache.org/maven2/jakarta/ws/rs/jakarta.ws.rs-api/4.0.0/jakarta.ws.rs-api-4.0.0-sources.jar
2026-04-09 22:35:29,080 [Worker-6: Download sources and javadoc] INFO  o.e.m.j.internal.DownloadSourcesJob - Downloaded sources for jakarta.ws.rs:jakarta.ws.rs-api:4.0.0
2026-04-09 22:35:29,262 [Worker-6: Download sources and javadoc] INFO  o.e.m.c.i.e.AbstractTransferListenerAdapter - Downloading https://repo.maven.apache.org/maven2/org/glassfish/jersey/core/jersey-server/4.0.2/jersey-server-4.0.2-sources.jar
2026-04-09 22:35:29,926 [Worker-6: Download sources and javadoc] INFO  o.e.m.c.i.e.AbstractTransferListenerAdapter - Downloaded https://repo.maven.apache.org/maven2/org/glassfish/jersey/core/jersey-server/4.0.2/jersey-server-4.0.2-sources.jar
2026-04-09 22:35:30,140 [Worker-6: Download sources and javadoc] INFO  o.e.m.j.internal.DownloadSourcesJob - Downloaded sources for org.glassfish.jersey.core:jersey-server:4.0.2
2026-04-09 22:35:30,312 [Worker-6: Download sources and javadoc] INFO  o.e.m.c.i.e.AbstractTransferListenerAdapter - Downloading https://repo.maven.apache.org/maven2/jakarta/validation/jakarta.validation-api/3.1.1/jakarta.validation-api-3.1.1-sources.jar
2026-04-09 22:35:30,510 [Worker-6: Download sources and javadoc] INFO  o.e.m.c.i.e.AbstractTransferListenerAdapter - Downloaded https://repo.maven.apache.org/maven2/jakarta/validation/jakarta.validation-api/3.1.1/jakarta.validation-api-3.1.1-sources.jar
2026-04-09 22:35:30,687 [Worker-6: Download sources and javadoc] INFO  o.e.m.j.internal.DownloadSourcesJob - Downloaded sources for jakarta.validation:jakarta.validation-api:3.1.1
2026-04-09 22:35:30,909 [Worker-6: Download sources and javadoc] INFO  o.e.m.c.i.e.AbstractTransferListenerAdapter - Downloading https://repo.maven.apache.org/maven2/org/glassfish/jersey/core/jersey-client/4.0.2/jersey-client-4.0.2-sources.jar
2026-04-09 22:35:31,193 [Worker-6: Download sources and javadoc] INFO  o.e.m.c.i.e.AbstractTransferListenerAdapter - Downloaded https://repo.maven.apache.org/maven2/org/glassfish/jersey/core/jersey-client/4.0.2/jersey-client-4.0.2-sources.jar
2026-04-09 22:35:31,334 [Worker-6: Download sources and javadoc] INFO  o.e.m.j.internal.DownloadSourcesJob - Downloaded sources for org.glassfish.jersey.core:jersey-client:4.0.2
2026-04-09 22:35:31,514 [Worker-6: Download sources and javadoc] INFO  o.e.m.c.i.e.AbstractTransferListenerAdapter - Downloading https://repo.maven.apache.org/maven2/org/glassfish/jersey/inject/jersey-hk2/4.0.2/jersey-hk2-4.0.2-sources.jar
2026-04-09 22:35:31,703 [Worker-6: Download sources and javadoc] INFO  o.e.m.c.i.e.AbstractTransferListenerAdapter - Downloaded https://repo.maven.apache.org/maven2/org/glassfish/jersey/inject/jersey-hk2/4.0.2/jersey-hk2-4.0.2-sources.jar
2026-04-09 22:35:31,841 [Worker-6: Download sources and javadoc] INFO  o.e.m.j.internal.DownloadSourcesJob - Downloaded sources for org.glassfish.jersey.inject:jersey-hk2:4.0.2
2026-04-09 22:35:31,985 [Worker-6: Download sources and javadoc] INFO  o.e.m.c.i.e.AbstractTransferListenerAdapter - Downloading https://repo.maven.apache.org/maven2/org/glassfish/hk2/hk2-locator/4.0.0-M3/hk2-locator-4.0.0-M3-sources.jar
2026-04-09 22:35:32,181 [Worker-6: Download sources and javadoc] INFO  o.e.m.c.i.e.AbstractTransferListenerAdapter - Downloaded https://repo.maven.apache.org/maven2/org/glassfish/hk2/hk2-locator/4.0.0-M3/hk2-locator-4.0.0-M3-sources.jar
2026-04-09 22:35:32,315 [Worker-6: Download sources and javadoc] INFO  o.e.m.j.internal.DownloadSourcesJob - Downloaded sources for org.glassfish.hk2:hk2-locator:4.0.0-M3
2026-04-09 22:35:32,516 [Worker-6: Download sources and javadoc] INFO  o.e.m.c.i.e.AbstractTransferListenerAdapter - Downloading https://repo.maven.apache.org/maven2/org/glassfish/hk2/hk2-utils/4.0.0-M3/hk2-utils-4.0.0-M3-sources.jar
2026-04-09 22:35:32,712 [Worker-6: Download sources and javadoc] INFO  o.e.m.c.i.e.AbstractTransferListenerAdapter - Downloaded https://repo.maven.apache.org/maven2/org/glassfish/hk2/hk2-utils/4.0.0-M3/hk2-utils-4.0.0-M3-sources.jar
2026-04-09 22:35:32,933 [Worker-6: Download sources and javadoc] INFO  o.e.m.j.internal.DownloadSourcesJob - Downloaded sources for org.glassfish.hk2:hk2-utils:4.0.0-M3
2026-04-09 22:35:33,085 [Worker-6: Download sources and javadoc] INFO  o.e.m.c.i.e.AbstractTransferListenerAdapter - Downloading https://repo.maven.apache.org/maven2/org/javassist/javassist/3.30.2-GA/javassist-3.30.2-GA-sources.jar
2026-04-09 22:35:33,625 [Worker-6: Download sources and javadoc] INFO  o.e.m.c.i.e.AbstractTransferListenerAdapter - Downloaded https://repo.maven.apache.org/maven2/org/javassist/javassist/3.30.2-GA/javassist-3.30.2-GA-sources.jar
2026-04-09 22:35:33,840 [Worker-6: Download sources and javadoc] INFO  o.e.m.j.internal.DownloadSourcesJob - Downloaded sources for org.javassist:javassist:3.30.2-GA
2026-04-09 22:35:34,039 [Worker-6: Download sources and javadoc] INFO  o.e.m.c.i.e.AbstractTransferListenerAdapter - Downloading https://repo.maven.apache.org/maven2/org/glassfish/hk2/spring-bridge/3.1.1/spring-bridge-3.1.1-sources.jar
2026-04-09 22:35:34,575 [Worker-6: Download sources and javadoc] INFO  o.e.m.c.i.e.AbstractTransferListenerAdapter - Downloaded https://repo.maven.apache.org/maven2/org/glassfish/hk2/spring-bridge/3.1.1/spring-bridge-3.1.1-sources.jar
2026-04-09 22:35:35,135 [Worker-6: Download sources and javadoc] INFO  o.e.m.j.internal.DownloadSourcesJob - Downloaded sources for org.glassfish.hk2:spring-bridge:3.1.1
2026-04-09 22:35:35,298 [Worker-6: Download sources and javadoc] INFO  o.e.m.c.i.e.AbstractTransferListenerAdapter - Downloading https://repo.maven.apache.org/maven2/org/glassfish/hk2/hk2-api/3.1.1/hk2-api-3.1.1-sources.jar
2026-04-09 22:35:35,596 [Worker-6: Download sources and javadoc] INFO  o.e.m.c.i.e.AbstractTransferListenerAdapter - Downloaded https://repo.maven.apache.org/maven2/org/glassfish/hk2/hk2-api/3.1.1/hk2-api-3.1.1-sources.jar
2026-04-09 22:35:35,726 [Worker-6: Download sources and javadoc] INFO  o.e.m.j.internal.DownloadSourcesJob - Downloaded sources for org.glassfish.hk2:hk2-api:3.1.1
2026-04-09 22:35:35,900 [Worker-6: Download sources and javadoc] INFO  o.e.m.c.i.e.AbstractTransferListenerAdapter - Downloading https://repo.maven.apache.org/maven2/com/fasterxml/jackson/dataformat/jackson-dataformat-xml/2.21.2/jackson-dataformat-xml-2.21.2-sources.jar
2026-04-09 22:35:36,308 [Worker-6: Download sources and javadoc] INFO  o.e.m.c.i.e.AbstractTransferListenerAdapter - Downloaded https://repo.maven.apache.org/maven2/com/fasterxml/jackson/dataformat/jackson-dataformat-xml/2.21.2/jackson-dataformat-xml-2.21.2-sources.jar
2026-04-09 22:35:36,453 [Worker-6: Download sources and javadoc] INFO  o.e.m.j.internal.DownloadSourcesJob - Downloaded sources for com.fasterxml.jackson.dataformat:jackson-dataformat-xml:2.21.2
2026-04-09 22:35:36,601 [Worker-6: Download sources and javadoc] INFO  o.e.m.c.i.e.AbstractTransferListenerAdapter - Downloading https://repo.maven.apache.org/maven2/org/codehaus/woodstox/stax2-api/4.2.2/stax2-api-4.2.2-sources.jar
2026-04-09 22:35:36,950 [Worker-6: Download sources and javadoc] INFO  o.e.m.c.i.e.AbstractTransferListenerAdapter - Downloaded https://repo.maven.apache.org/maven2/org/codehaus/woodstox/stax2-api/4.2.2/stax2-api-4.2.2-sources.jar
2026-04-09 22:35:37,094 [Worker-6: Download sources and javadoc] INFO  o.e.m.j.internal.DownloadSourcesJob - Downloaded sources for org.codehaus.woodstox:stax2-api:4.2.2
2026-04-09 22:35:37,303 [Worker-6: Download sources and javadoc] INFO  o.e.m.c.i.e.AbstractTransferListenerAdapter - Downloading https://repo.maven.apache.org/maven2/com/fasterxml/woodstox/woodstox-core/7.1.1/woodstox-core-7.1.1-sources.jar
2026-04-09 22:35:37,871 [Worker-6: Download sources and javadoc] INFO  o.e.m.c.i.e.AbstractTransferListenerAdapter - Downloaded https://repo.maven.apache.org/maven2/com/fasterxml/woodstox/woodstox-core/7.1.1/woodstox-core-7.1.1-sources.jar
2026-04-09 22:35:38,003 [Worker-6: Download sources and javadoc] INFO  o.e.m.j.internal.DownloadSourcesJob - Downloaded sources for com.fasterxml.woodstox:woodstox-core:7.1.1
2026-04-09 22:35:38,176 [Worker-6: Download sources and javadoc] INFO  o.e.m.c.i.e.AbstractTransferListenerAdapter - Downloaded https://repo.maven.apache.org/maven2/org/springframework/cloud/spring-cloud-starter-loadbalancer/5.0.1/spring-cloud-starter-loadbalancer-5.0.1-sources.jar
2026-04-09 22:35:38,180 [Worker-6: Download sources and javadoc] ERROR o.e.m.j.internal.DownloadSourcesJob - Could not download sources for org.springframework.cloud:spring-cloud-starter-loadbalancer:5.0.1
org.eclipse.core.runtime.CoreException: Could not resolve artifact org.springframework.cloud:spring-cloud-starter-loadbalancer:jar:sources:5.0.1
	at org.eclipse.m2e.core.internal.embedder.MavenImpl.lambda$4(MavenImpl.java:828)
	at org.eclipse.m2e.core.internal.embedder.MavenExecutionContext.executeBare(MavenExecutionContext.java:182)
	at org.eclipse.m2e.core.internal.embedder.MavenExecutionContext.execute(MavenExecutionContext.java:117)
	at org.eclipse.m2e.core.internal.embedder.MavenExecutionContext.execute(MavenExecutionContext.java:103)
	at org.eclipse.m2e.core.internal.embedder.MavenImpl.resolve(MavenImpl.java:796)
	at org.eclipse.m2e.core.internal.embedder.MavenImpl.resolve(MavenImpl.java:773)
	at org.eclipse.m2e.jdt.internal.DownloadSourcesJob.download(DownloadSourcesJob.java:311)
	at org.eclipse.m2e.jdt.internal.DownloadSourcesJob.downloadAttachments(DownloadSourcesJob.java:285)
	at org.eclipse.m2e.jdt.internal.DownloadSourcesJob.downloadMaven(DownloadSourcesJob.java:255)
	at org.eclipse.m2e.jdt.internal.DownloadSourcesJob.downloadFilesAndPopulateToUpdate(DownloadSourcesJob.java:223)
	at org.eclipse.m2e.jdt.internal.DownloadSourcesJob.lambda$0(DownloadSourcesJob.java:152)
	at org.eclipse.m2e.core.internal.embedder.MavenExecutionContext.executeBare(MavenExecutionContext.java:182)
	at org.eclipse.m2e.core.internal.embedder.MavenExecutionContext.execute(MavenExecutionContext.java:156)
	at org.eclipse.m2e.core.internal.embedder.MavenExecutionContext.execute(MavenExecutionContext.java:103)
	at org.eclipse.m2e.core.internal.embedder.MavenImpl.execute(MavenImpl.java:1416)
	at org.eclipse.m2e.jdt.internal.DownloadSourcesJob.run(DownloadSourcesJob.java:152)
	at org.eclipse.core.internal.jobs.Worker.run(Worker.java:63)
2026-04-09 22:35:38,349 [Worker-6: Download sources and javadoc] INFO  o.e.m.c.i.e.AbstractTransferListenerAdapter - Downloading https://repo.maven.apache.org/maven2/org/springframework/cloud/spring-cloud-loadbalancer/5.0.1/spring-cloud-loadbalancer-5.0.1-sources.jar
2026-04-09 22:35:38,706 [Worker-6: Download sources and javadoc] INFO  o.e.m.c.i.e.AbstractTransferListenerAdapter - Downloaded https://repo.maven.apache.org/maven2/org/springframework/cloud/spring-cloud-loadbalancer/5.0.1/spring-cloud-loadbalancer-5.0.1-sources.jar
2026-04-09 22:35:38,856 [Worker-6: Download sources and javadoc] INFO  o.e.m.j.internal.DownloadSourcesJob - Downloaded sources for org.springframework.cloud:spring-cloud-loadbalancer:5.0.1
2026-04-09 22:35:39,001 [Worker-6: Download sources and javadoc] INFO  o.e.m.c.i.e.AbstractTransferListenerAdapter - Downloading https://repo.maven.apache.org/maven2/io/projectreactor/reactor-core/3.8.4/reactor-core-3.8.4-sources.jar
2026-04-09 22:35:41,174 [Worker-6: Download sources and javadoc] INFO  o.e.m.c.i.e.AbstractTransferListenerAdapter - Downloaded https://repo.maven.apache.org/maven2/io/projectreactor/reactor-core/3.8.4/reactor-core-3.8.4-sources.jar
2026-04-09 22:35:41,340 [Worker-6: Download sources and javadoc] INFO  o.e.m.j.internal.DownloadSourcesJob - Downloaded sources for io.projectreactor:reactor-core:3.8.4
2026-04-09 22:35:41,645 [Worker-6: Download sources and javadoc] INFO  o.e.m.c.i.e.AbstractTransferListenerAdapter - Downloading https://repo.maven.apache.org/maven2/org/reactivestreams/reactive-streams/1.0.4/reactive-streams-1.0.4-sources.jar
2026-04-09 22:35:41,837 [Worker-6: Download sources and javadoc] INFO  o.e.m.c.i.e.AbstractTransferListenerAdapter - Downloaded https://repo.maven.apache.org/maven2/org/reactivestreams/reactive-streams/1.0.4/reactive-streams-1.0.4-sources.jar
2026-04-09 22:35:42,099 [Worker-6: Download sources and javadoc] INFO  o.e.m.j.internal.DownloadSourcesJob - Downloaded sources for org.reactivestreams:reactive-streams:1.0.4
2026-04-09 22:35:42,238 [Worker-6: Download sources and javadoc] INFO  o.e.m.c.i.e.AbstractTransferListenerAdapter - Downloading https://repo.maven.apache.org/maven2/io/projectreactor/addons/reactor-extra/3.6.0/reactor-extra-3.6.0-sources.jar
2026-04-09 22:35:42,401 [Worker-6: Download sources and javadoc] INFO  o.e.m.c.i.e.AbstractTransferListenerAdapter - Downloaded https://repo.maven.apache.org/maven2/io/projectreactor/addons/reactor-extra/3.6.0/reactor-extra-3.6.0-sources.jar
2026-04-09 22:35:42,557 [Worker-6: Download sources and javadoc] INFO  o.e.m.j.internal.DownloadSourcesJob - Downloaded sources for io.projectreactor.addons:reactor-extra:3.6.0
2026-04-09 22:35:42,736 [Worker-6: Download sources and javadoc] INFO  o.e.m.c.i.e.AbstractTransferListenerAdapter - Downloading https://repo.maven.apache.org/maven2/org/springframework/boot/spring-boot-starter-cache/4.0.5/spring-boot-starter-cache-4.0.5-sources.jar
2026-04-09 22:35:42,851 [Worker-6: Download sources and javadoc] INFO  o.e.m.c.i.e.AbstractTransferListenerAdapter - Downloaded https://repo.maven.apache.org/maven2/org/springframework/boot/spring-boot-starter-cache/4.0.5/spring-boot-starter-cache-4.0.5-sources.jar
2026-04-09 22:35:43,172 [Worker-6: Download sources and javadoc] INFO  o.e.m.j.internal.DownloadSourcesJob - Downloaded sources for org.springframework.boot:spring-boot-starter-cache:4.0.5
2026-04-09 22:35:43,318 [Worker-6: Download sources and javadoc] INFO  o.e.m.c.i.e.AbstractTransferListenerAdapter - Downloading https://repo.maven.apache.org/maven2/org/springframework/boot/spring-boot-cache/4.0.5/spring-boot-cache-4.0.5-sources.jar
2026-04-09 22:35:43,623 [Worker-6: Download sources and javadoc] INFO  o.e.m.c.i.e.AbstractTransferListenerAdapter - Downloaded https://repo.maven.apache.org/maven2/org/springframework/boot/spring-boot-cache/4.0.5/spring-boot-cache-4.0.5-sources.jar
2026-04-09 22:35:43,760 [Worker-6: Download sources and javadoc] INFO  o.e.m.j.internal.DownloadSourcesJob - Downloaded sources for org.springframework.boot:spring-boot-cache:4.0.5
2026-04-09 22:35:43,921 [Worker-6: Download sources and javadoc] INFO  o.e.m.c.i.e.AbstractTransferListenerAdapter - Downloading https://repo.maven.apache.org/maven2/com/stoyanr/evictor/1.0.0/evictor-1.0.0-sources.jar
2026-04-09 22:35:44,305 [Worker-6: Download sources and javadoc] INFO  o.e.m.c.i.e.AbstractTransferListenerAdapter - Downloaded https://repo.maven.apache.org/maven2/com/stoyanr/evictor/1.0.0/evictor-1.0.0-sources.jar
2026-04-09 22:35:44,726 [Worker-6: Download sources and javadoc] INFO  o.e.m.j.internal.DownloadSourcesJob - Downloaded sources for com.stoyanr:evictor:1.0.0
2026-04-09 22:35:45,734 [Worker-1: Building] INFO  o.a.m.s.f.DefaultMavenResourcesFiltering - Copying 0 resource from src\main\resources to target\classes
2026-04-09 22:35:45,736 [Worker-1: Building] INFO  o.a.m.s.f.DefaultMavenResourcesFiltering - Copying 0 resource from src\main\resources to target\classes
2026-04-09 22:35:45,744 [Worker-1: Building] INFO  o.a.m.s.f.DefaultMavenResourcesFiltering - skip non existing resourceDirectory C:\Users\Rishabh patil\Desktop\Microservices\Eureka-Server\src\test\resources
2026-04-09 22:36:51,800 [Worker-1: Building] INFO  o.a.m.s.f.DefaultMavenResourcesFiltering - Copying 1 resource from src\main\resources to target\classes
2026-04-09 22:36:51,814 [Worker-1: Building] INFO  o.a.m.s.f.DefaultMavenResourcesFiltering - Copying 0 resource from src\main\resources to target\classes
2026-04-09 22:36:51,818 [Worker-1: Building] INFO  o.a.m.s.f.DefaultMavenResourcesFiltering - skip non existing resourceDirectory C:\Users\Rishabh patil\Desktop\Microservices\Eureka-Server\src\test\resources
2026-04-09 22:39:20,312 [Worker-1: Building] INFO  o.a.m.s.f.DefaultMavenResourcesFiltering - Copying 1 resource from src\main\resources to target\classes
2026-04-09 22:39:20,351 [Worker-1: Building] INFO  o.a.m.s.f.DefaultMavenResourcesFiltering - Copying 0 resource from src\main\resources to target\classes
2026-04-09 22:39:20,357 [Worker-1: Building] INFO  o.a.m.s.f.DefaultMavenResourcesFiltering - skip non existing resourceDirectory C:\Users\Rishabh patil\Desktop\Microservices\Eureka-Server\src\test\resources
2026-04-09 22:40:32,189 [Worker-7: Building] INFO  o.a.m.s.f.DefaultMavenResourcesFiltering - Copying 1 resource from src\main\resources to target\classes
2026-04-09 22:40:32,200 [Worker-7: Building] INFO  o.a.m.s.f.DefaultMavenResourcesFiltering - Copying 0 resource from src\main\resources to target\classes
2026-04-09 22:40:32,206 [Worker-7: Building] INFO  o.a.m.s.f.DefaultMavenResourcesFiltering - skip non existing resourceDirectory C:\Users\Rishabh patil\Desktop\Microservices\Eureka-Server\src\test\resources
2026-04-09 22:41:04,145 [Worker-6: Building] INFO  o.a.m.s.f.DefaultMavenResourcesFiltering - Copying 1 resource from src\main\resources to target\classes
2026-04-09 22:41:04,182 [Worker-6: Building] INFO  o.a.m.s.f.DefaultMavenResourcesFiltering - Copying 0 resource from src\main\resources to target\classes
2026-04-09 22:41:04,191 [Worker-6: Building] INFO  o.a.m.s.f.DefaultMavenResourcesFiltering - skip non existing resourceDirectory C:\Users\Rishabh patil\Desktop\Microservices\Eureka-Server\src\test\resources
2026-04-09 22:41:22,053 [Worker-3: Download sources and javadoc] INFO  o.e.m.c.i.e.AbstractTransferListenerAdapter - Downloaded https://repo.maven.apache.org/maven2/org/springframework/cloud/spring-cloud-starter-netflix-eureka-server/5.0.1/spring-cloud-starter-netflix-eureka-server-5.0.1-javadoc.jar
2026-04-09 22:41:22,059 [Worker-3: Download sources and javadoc] ERROR o.e.m.j.internal.DownloadSourcesJob - Could not download javadoc for org.springframework.cloud:spring-cloud-starter-netflix-eureka-server:5.0.1
org.eclipse.core.runtime.CoreException: Could not resolve artifact org.springframework.cloud:spring-cloud-starter-netflix-eureka-server:jar:javadoc:5.0.1
	at org.eclipse.m2e.core.internal.embedder.MavenImpl.lambda$4(MavenImpl.java:828)
	at org.eclipse.m2e.core.internal.embedder.MavenExecutionContext.executeBare(MavenExecutionContext.java:182)
	at org.eclipse.m2e.core.internal.embedder.MavenExecutionContext.execute(MavenExecutionContext.java:117)
	at org.eclipse.m2e.core.internal.embedder.MavenExecutionContext.execute(MavenExecutionContext.java:103)
	at org.eclipse.m2e.core.internal.embedder.MavenImpl.resolve(MavenImpl.java:796)
	at org.eclipse.m2e.core.internal.embedder.MavenImpl.resolve(MavenImpl.java:773)
	at org.eclipse.m2e.jdt.internal.DownloadSourcesJob.download(DownloadSourcesJob.java:311)
	at org.eclipse.m2e.jdt.internal.DownloadSourcesJob.downloadAttachments(DownloadSourcesJob.java:297)
	at org.eclipse.m2e.jdt.internal.DownloadSourcesJob.downloadMaven(DownloadSourcesJob.java:255)
	at org.eclipse.m2e.jdt.internal.DownloadSourcesJob.downloadFilesAndPopulateToUpdate(DownloadSourcesJob.java:223)
	at org.eclipse.m2e.jdt.internal.DownloadSourcesJob.lambda$0(DownloadSourcesJob.java:152)
	at org.eclipse.m2e.core.internal.embedder.MavenExecutionContext.executeBare(MavenExecutionContext.java:182)
	at org.eclipse.m2e.core.internal.embedder.MavenExecutionContext.execute(MavenExecutionContext.java:156)
	at org.eclipse.m2e.core.internal.embedder.MavenExecutionContext.execute(MavenExecutionContext.java:103)
	at org.eclipse.m2e.core.internal.embedder.MavenImpl.execute(MavenImpl.java:1416)
	at org.eclipse.m2e.jdt.internal.DownloadSourcesJob.run(DownloadSourcesJob.java:152)
	at org.eclipse.core.internal.jobs.Worker.run(Worker.java:63)
2026-04-09 22:41:22,634 [Worker-3: Download sources and javadoc] INFO  o.e.m.c.i.e.AbstractTransferListenerAdapter - Downloaded https://repo.maven.apache.org/maven2/org/springframework/cloud/spring-cloud-starter/5.0.1/spring-cloud-starter-5.0.1-javadoc.jar
2026-04-09 22:41:22,639 [Worker-3: Download sources and javadoc] ERROR o.e.m.j.internal.DownloadSourcesJob - Could not download javadoc for org.springframework.cloud:spring-cloud-starter:5.0.1
org.eclipse.core.runtime.CoreException: Could not resolve artifact org.springframework.cloud:spring-cloud-starter:jar:javadoc:5.0.1
	at org.eclipse.m2e.core.internal.embedder.MavenImpl.lambda$4(MavenImpl.java:828)
	at org.eclipse.m2e.core.internal.embedder.MavenExecutionContext.executeBare(MavenExecutionContext.java:182)
	at org.eclipse.m2e.core.internal.embedder.MavenExecutionContext.execute(MavenExecutionContext.java:117)
	at org.eclipse.m2e.core.internal.embedder.MavenExecutionContext.execute(MavenExecutionContext.java:103)
	at org.eclipse.m2e.core.internal.embedder.MavenImpl.resolve(MavenImpl.java:796)
	at org.eclipse.m2e.core.internal.embedder.MavenImpl.resolve(MavenImpl.java:773)
	at org.eclipse.m2e.jdt.internal.DownloadSourcesJob.download(DownloadSourcesJob.java:311)
	at org.eclipse.m2e.jdt.internal.DownloadSourcesJob.downloadAttachments(DownloadSourcesJob.java:297)
	at org.eclipse.m2e.jdt.internal.DownloadSourcesJob.downloadMaven(DownloadSourcesJob.java:255)
	at org.eclipse.m2e.jdt.internal.DownloadSourcesJob.downloadFilesAndPopulateToUpdate(DownloadSourcesJob.java:223)
	at org.eclipse.m2e.jdt.internal.DownloadSourcesJob.lambda$0(DownloadSourcesJob.java:152)
	at org.eclipse.m2e.core.internal.embedder.MavenExecutionContext.executeBare(MavenExecutionContext.java:182)
	at org.eclipse.m2e.core.internal.embedder.MavenExecutionContext.execute(MavenExecutionContext.java:156)
	at org.eclipse.m2e.core.internal.embedder.MavenExecutionContext.execute(MavenExecutionContext.java:103)
	at org.eclipse.m2e.core.internal.embedder.MavenImpl.execute(MavenImpl.java:1416)
	at org.eclipse.m2e.jdt.internal.DownloadSourcesJob.run(DownloadSourcesJob.java:152)
	at org.eclipse.core.internal.jobs.Worker.run(Worker.java:63)
2026-04-09 22:41:23,244 [Worker-3: Download sources and javadoc] INFO  o.e.m.c.i.e.AbstractTransferListenerAdapter - Downloaded https://repo.maven.apache.org/maven2/xmlpull/xmlpull/1.1.3.1/xmlpull-1.1.3.1-javadoc.jar
2026-04-09 22:41:23,251 [Worker-3: Download sources and javadoc] ERROR o.e.m.j.internal.DownloadSourcesJob - Could not download javadoc for xmlpull:xmlpull:1.1.3.1
org.eclipse.core.runtime.CoreException: Could not resolve artifact xmlpull:xmlpull:jar:javadoc:1.1.3.1
	at org.eclipse.m2e.core.internal.embedder.MavenImpl.lambda$4(MavenImpl.java:828)
	at org.eclipse.m2e.core.internal.embedder.MavenExecutionContext.executeBare(MavenExecutionContext.java:182)
	at org.eclipse.m2e.core.internal.embedder.MavenExecutionContext.execute(MavenExecutionContext.java:117)
	at org.eclipse.m2e.core.internal.embedder.MavenExecutionContext.execute(MavenExecutionContext.java:103)
	at org.eclipse.m2e.core.internal.embedder.MavenImpl.resolve(MavenImpl.java:796)
	at org.eclipse.m2e.core.internal.embedder.MavenImpl.resolve(MavenImpl.java:773)
	at org.eclipse.m2e.jdt.internal.DownloadSourcesJob.download(DownloadSourcesJob.java:311)
	at org.eclipse.m2e.jdt.internal.DownloadSourcesJob.downloadAttachments(DownloadSourcesJob.java:297)
	at org.eclipse.m2e.jdt.internal.DownloadSourcesJob.downloadMaven(DownloadSourcesJob.java:255)
	at org.eclipse.m2e.jdt.internal.DownloadSourcesJob.downloadFilesAndPopulateToUpdate(DownloadSourcesJob.java:223)
	at org.eclipse.m2e.jdt.internal.DownloadSourcesJob.lambda$0(DownloadSourcesJob.java:152)
	at org.eclipse.m2e.core.internal.embedder.MavenExecutionContext.executeBare(MavenExecutionContext.java:182)
	at org.eclipse.m2e.core.internal.embedder.MavenExecutionContext.execute(MavenExecutionContext.java:156)
	at org.eclipse.m2e.core.internal.embedder.MavenExecutionContext.execute(MavenExecutionContext.java:103)
	at org.eclipse.m2e.core.internal.embedder.MavenImpl.execute(MavenImpl.java:1416)
	at org.eclipse.m2e.jdt.internal.DownloadSourcesJob.run(DownloadSourcesJob.java:152)
	at org.eclipse.core.internal.jobs.Worker.run(Worker.java:63)
2026-04-09 22:41:23,484 [Worker-3: Download sources and javadoc] INFO  o.e.m.c.i.e.AbstractTransferListenerAdapter - Downloaded https://repo.maven.apache.org/maven2/com/google/guava/listenablefuture/9999.0-empty-to-avoid-conflict-with-guava/listenablefuture-9999.0-empty-to-avoid-conflict-with-guava-javadoc.jar
2026-04-09 22:41:23,489 [Worker-3: Download sources and javadoc] ERROR o.e.m.j.internal.DownloadSourcesJob - Could not download javadoc for com.google.guava:listenablefuture:9999.0-empty-to-avoid-conflict-with-guava
org.eclipse.core.runtime.CoreException: Could not resolve artifact com.google.guava:listenablefuture:jar:javadoc:9999.0-empty-to-avoid-conflict-with-guava
	at org.eclipse.m2e.core.internal.embedder.MavenImpl.lambda$4(MavenImpl.java:828)
	at org.eclipse.m2e.core.internal.embedder.MavenExecutionContext.executeBare(MavenExecutionContext.java:182)
	at org.eclipse.m2e.core.internal.embedder.MavenExecutionContext.execute(MavenExecutionContext.java:117)
	at org.eclipse.m2e.core.internal.embedder.MavenExecutionContext.execute(MavenExecutionContext.java:103)
	at org.eclipse.m2e.core.internal.embedder.MavenImpl.resolve(MavenImpl.java:796)
	at org.eclipse.m2e.core.internal.embedder.MavenImpl.resolve(MavenImpl.java:773)
	at org.eclipse.m2e.jdt.internal.DownloadSourcesJob.download(DownloadSourcesJob.java:311)
	at org.eclipse.m2e.jdt.internal.DownloadSourcesJob.downloadAttachments(DownloadSourcesJob.java:297)
	at org.eclipse.m2e.jdt.internal.DownloadSourcesJob.downloadMaven(DownloadSourcesJob.java:255)
	at org.eclipse.m2e.jdt.internal.DownloadSourcesJob.downloadFilesAndPopulateToUpdate(DownloadSourcesJob.java:223)
	at org.eclipse.m2e.jdt.internal.DownloadSourcesJob.lambda$0(DownloadSourcesJob.java:152)
	at org.eclipse.m2e.core.internal.embedder.MavenExecutionContext.executeBare(MavenExecutionContext.java:182)
	at org.eclipse.m2e.core.internal.embedder.MavenExecutionContext.execute(MavenExecutionContext.java:156)
	at org.eclipse.m2e.core.internal.embedder.MavenExecutionContext.execute(MavenExecutionContext.java:103)
	at org.eclipse.m2e.core.internal.embedder.MavenImpl.execute(MavenImpl.java:1416)
	at org.eclipse.m2e.jdt.internal.DownloadSourcesJob.run(DownloadSourcesJob.java:152)
	at org.eclipse.core.internal.jobs.Worker.run(Worker.java:63)
2026-04-09 22:41:23,960 [Worker-3: Download sources and javadoc] INFO  o.e.m.c.i.e.AbstractTransferListenerAdapter - Downloaded https://repo.maven.apache.org/maven2/org/springframework/cloud/spring-cloud-starter-loadbalancer/5.0.1/spring-cloud-starter-loadbalancer-5.0.1-javadoc.jar
2026-04-09 22:41:23,965 [Worker-3: Download sources and javadoc] ERROR o.e.m.j.internal.DownloadSourcesJob - Could not download javadoc for org.springframework.cloud:spring-cloud-starter-loadbalancer:5.0.1
org.eclipse.core.runtime.CoreException: Could not resolve artifact org.springframework.cloud:spring-cloud-starter-loadbalancer:jar:javadoc:5.0.1
	at org.eclipse.m2e.core.internal.embedder.MavenImpl.lambda$4(MavenImpl.java:828)
	at org.eclipse.m2e.core.internal.embedder.MavenExecutionContext.executeBare(MavenExecutionContext.java:182)
	at org.eclipse.m2e.core.internal.embedder.MavenExecutionContext.execute(MavenExecutionContext.java:117)
	at org.eclipse.m2e.core.internal.embedder.MavenExecutionContext.execute(MavenExecutionContext.java:103)
	at org.eclipse.m2e.core.internal.embedder.MavenImpl.resolve(MavenImpl.java:796)
	at org.eclipse.m2e.core.internal.embedder.MavenImpl.resolve(MavenImpl.java:773)
	at org.eclipse.m2e.jdt.internal.DownloadSourcesJob.download(DownloadSourcesJob.java:311)
	at org.eclipse.m2e.jdt.internal.DownloadSourcesJob.downloadAttachments(DownloadSourcesJob.java:297)
	at org.eclipse.m2e.jdt.internal.DownloadSourcesJob.downloadMaven(DownloadSourcesJob.java:255)
	at org.eclipse.m2e.jdt.internal.DownloadSourcesJob.downloadFilesAndPopulateToUpdate(DownloadSourcesJob.java:223)
	at org.eclipse.m2e.jdt.internal.DownloadSourcesJob.lambda$0(DownloadSourcesJob.java:152)
	at org.eclipse.m2e.core.internal.embedder.MavenExecutionContext.executeBare(MavenExecutionContext.java:182)
	at org.eclipse.m2e.core.internal.embedder.MavenExecutionContext.execute(MavenExecutionContext.java:156)
	at org.eclipse.m2e.core.internal.embedder.MavenExecutionContext.execute(MavenExecutionContext.java:103)
	at org.eclipse.m2e.core.internal.embedder.MavenImpl.execute(MavenImpl.java:1416)
	at org.eclipse.m2e.jdt.internal.DownloadSourcesJob.run(DownloadSourcesJob.java:152)
	at org.eclipse.core.internal.jobs.Worker.run(Worker.java:63)
2026-04-09 22:43:31,110 [Worker-6: Building] INFO  o.a.m.s.f.DefaultMavenResourcesFiltering - Copying 1 resource from src\main\resources to target\classes
2026-04-09 22:43:31,127 [Worker-6: Building] INFO  o.a.m.s.f.DefaultMavenResourcesFiltering - Copying 0 resource from src\main\resources to target\classes
2026-04-09 22:43:31,132 [Worker-6: Building] INFO  o.a.m.s.f.DefaultMavenResourcesFiltering - skip non existing resourceDirectory C:\Users\Rishabh patil\Desktop\Microservices\EMPLOYEE\src\test\resources
2026-04-09 22:43:41,841 [Worker-6: Building] INFO  o.a.m.s.f.DefaultMavenResourcesFiltering - Copying 1 resource from src\main\resources to target\classes
2026-04-09 22:43:41,854 [Worker-6: Building] INFO  o.a.m.s.f.DefaultMavenResourcesFiltering - Copying 0 resource from src\main\resources to target\classes
2026-04-09 22:43:41,857 [Worker-6: Building] INFO  o.a.m.s.f.DefaultMavenResourcesFiltering - skip non existing resourceDirectory C:\Users\Rishabh patil\Desktop\Microservices\EMPLOYEE\src\test\resources
2026-04-09 22:44:50,214 [Worker-2: Building] INFO  o.a.m.s.f.DefaultMavenResourcesFiltering - Copying 1 resource from src\main\resources to target\classes
2026-04-09 22:44:50,257 [Worker-2: Building] INFO  o.a.m.s.f.DefaultMavenResourcesFiltering - Copying 0 resource from src\main\resources to target\classes
2026-04-09 22:44:50,261 [Worker-2: Building] INFO  o.a.m.s.f.DefaultMavenResourcesFiltering - skip non existing resourceDirectory C:\Users\Rishabh patil\Desktop\Microservices\EMPLOYEE\src\test\resources
2026-04-09 22:45:37,839 [Worker-1: Building] INFO  o.e.m.c.i.l.LifecycleMappingFactory - Using org.maven.ide.eclipse.wtp.WarLifecycleMapping lifecycle mapping for MavenProject: com.employee:EMPLOYEE:0.0.1-SNAPSHOT @ C:\Users\Rishabh patil\Desktop\Microservices\EMPLOYEE\pom.xml.
2026-04-09 22:45:39,428 [Worker-1: Building] INFO  o.a.m.s.f.DefaultMavenResourcesFiltering - Copying 0 resource from src\main\resources to target\classes
2026-04-09 22:45:39,429 [Worker-1: Building] INFO  o.a.m.s.f.DefaultMavenResourcesFiltering - Copying 0 resource from src\main\resources to target\classes
2026-04-09 22:45:39,447 [Worker-1: Building] INFO  o.a.m.s.f.DefaultMavenResourcesFiltering - skip non existing resourceDirectory C:\Users\Rishabh patil\Desktop\Microservices\EMPLOYEE\src\test\resources
2026-04-09 22:45:39,454 [Worker-1: Building] INFO  o.e.m.w.i.f.ResourceFilteringBuildParticipant - Changed resources require a complete clean of filtered resources of EMPLOYEE
2026-04-09 22:45:39,455 [Worker-1: Building] INFO  o.e.m.w.i.f.ResourceFilteringBuildParticipant - Executing resource filtering for EMPLOYEE
2026-04-09 22:51:16,425 [Worker-1: reload maven project] ERROR o.e.m2e.editor.pom.MavenPomEditor - failed to load maven project for org.eclipse.ui.part.FileEditorInput(/EMPLOYEE/pom.xml)
org.eclipse.core.runtime.CoreException: Could not read maven project
	at org.eclipse.m2e.core.internal.project.registry.ProjectRegistryManager.readProjectWithDependencies(ProjectRegistryManager.java:831)
	at org.eclipse.m2e.core.internal.project.registry.ProjectRegistryManager.lambda$26(ProjectRegistryManager.java:1049)
	at java.base/java.util.HashMap.computeIfAbsent(HashMap.java:1220)
	at java.base/java.util.Collections$SynchronizedMap.computeIfAbsent(Collections.java:2760)
	at org.eclipse.m2e.core.internal.project.registry.ProjectRegistryManager.lambda$25(ProjectRegistryManager.java:1048)
	at java.base/java.util.Map.computeIfAbsent(Map.java:1054)
	at org.eclipse.m2e.core.internal.project.registry.ProjectRegistryManager.getMavenProject(ProjectRegistryManager.java:1048)
	at org.eclipse.m2e.core.internal.project.registry.MavenProjectFacade.getMavenProject(MavenProjectFacade.java:261)
	at org.eclipse.m2e.core.ui.internal.actions.SelectionUtil.getMavenProject(SelectionUtil.java:257)
	at org.eclipse.m2e.editor.pom.MavenPomEditor.readMavenProject(MavenPomEditor.java:659)
	at org.eclipse.m2e.editor.pom.MavenPomEditor$3.run(MavenPomEditor.java:979)
	at org.eclipse.core.internal.jobs.Worker.run(Worker.java:63)
2026-04-09 22:51:16,822 [Worker-5: Building] INFO  o.e.m.c.i.l.LifecycleMappingFactory - Using org.maven.ide.eclipse.wtp.WarLifecycleMapping lifecycle mapping for MavenProject: com.employee:EMPLOYEE:0.0.1-SNAPSHOT @ C:\Users\Rishabh patil\Desktop\Microservices\EMPLOYEE\pom.xml.
2026-04-09 22:51:18,687 [Worker-5: Building] INFO  o.e.m.w.i.f.ResourceFilteringBuildParticipant - Changed resources require a complete clean of filtered resources of EMPLOYEE
2026-04-09 22:51:18,688 [Worker-5: Building] INFO  o.e.m.w.i.f.ResourceFilteringBuildParticipant - Executing resource filtering for EMPLOYEE
2026-04-09 22:51:23,732 [Worker-7: reload maven project] ERROR o.e.m2e.editor.pom.MavenPomEditor - failed to load maven project for org.eclipse.ui.part.FileEditorInput(/EMPLOYEE/pom.xml)
org.eclipse.core.runtime.CoreException: Could not read maven project
	at org.eclipse.m2e.core.internal.project.registry.ProjectRegistryManager.readProjectWithDependencies(ProjectRegistryManager.java:831)
	at org.eclipse.m2e.core.internal.project.registry.ProjectRegistryManager.lambda$26(ProjectRegistryManager.java:1049)
	at java.base/java.util.HashMap.computeIfAbsent(HashMap.java:1220)
	at java.base/java.util.Collections$SynchronizedMap.computeIfAbsent(Collections.java:2760)
	at org.eclipse.m2e.core.internal.project.registry.ProjectRegistryManager.lambda$25(ProjectRegistryManager.java:1048)
	at java.base/java.util.Map.computeIfAbsent(Map.java:1054)
	at org.eclipse.m2e.core.internal.project.registry.ProjectRegistryManager.getMavenProject(ProjectRegistryManager.java:1048)
	at org.eclipse.m2e.core.internal.project.registry.MavenProjectFacade.getMavenProject(MavenProjectFacade.java:261)
	at org.eclipse.m2e.core.ui.internal.actions.SelectionUtil.getMavenProject(SelectionUtil.java:257)
	at org.eclipse.m2e.editor.pom.MavenPomEditor.readMavenProject(MavenPomEditor.java:659)
	at org.eclipse.m2e.editor.pom.MavenPomEditor$3.run(MavenPomEditor.java:979)
	at org.eclipse.core.internal.jobs.Worker.run(Worker.java:63)
2026-04-09 22:51:23,992 [Worker-5: Building] INFO  o.e.m.c.i.l.LifecycleMappingFactory - Using org.maven.ide.eclipse.wtp.WarLifecycleMapping lifecycle mapping for MavenProject: com.employee:EMPLOYEE:0.0.1-SNAPSHOT @ C:\Users\Rishabh patil\Desktop\Microservices\EMPLOYEE\pom.xml.
2026-04-09 22:51:25,482 [Worker-5: Building] INFO  o.e.m.w.i.f.ResourceFilteringBuildParticipant - Changed resources require a complete clean of filtered resources of EMPLOYEE
2026-04-09 22:51:25,483 [Worker-5: Building] INFO  o.e.m.w.i.f.ResourceFilteringBuildParticipant - Executing resource filtering for EMPLOYEE
2026-04-09 22:52:08,736 [Worker-5: reload maven project] ERROR o.e.m2e.editor.pom.MavenPomEditor - failed to load maven project for org.eclipse.ui.part.FileEditorInput(/EMPLOYEE/pom.xml)
org.eclipse.core.runtime.CoreException: Could not read maven project
	at org.eclipse.m2e.core.internal.project.registry.ProjectRegistryManager.readProjectWithDependencies(ProjectRegistryManager.java:831)
	at org.eclipse.m2e.core.internal.project.registry.ProjectRegistryManager.lambda$26(ProjectRegistryManager.java:1049)
	at java.base/java.util.HashMap.computeIfAbsent(HashMap.java:1220)
	at java.base/java.util.Collections$SynchronizedMap.computeIfAbsent(Collections.java:2760)
	at org.eclipse.m2e.core.internal.project.registry.ProjectRegistryManager.lambda$25(ProjectRegistryManager.java:1048)
	at java.base/java.util.Map.computeIfAbsent(Map.java:1054)
	at org.eclipse.m2e.core.internal.project.registry.ProjectRegistryManager.getMavenProject(ProjectRegistryManager.java:1048)
	at org.eclipse.m2e.core.internal.project.registry.MavenProjectFacade.getMavenProject(MavenProjectFacade.java:261)
	at org.eclipse.m2e.core.ui.internal.actions.SelectionUtil.getMavenProject(SelectionUtil.java:257)
	at org.eclipse.m2e.editor.pom.MavenPomEditor.readMavenProject(MavenPomEditor.java:659)
	at org.eclipse.m2e.editor.pom.MavenPomEditor$3.run(MavenPomEditor.java:979)
	at org.eclipse.core.internal.jobs.Worker.run(Worker.java:63)
2026-04-09 22:52:08,978 [Worker-8: Building] INFO  o.e.m.c.i.l.LifecycleMappingFactory - Using org.maven.ide.eclipse.wtp.WarLifecycleMapping lifecycle mapping for MavenProject: com.employee:EMPLOYEE:0.0.1-SNAPSHOT @ C:\Users\Rishabh patil\Desktop\Microservices\EMPLOYEE\pom.xml.
2026-04-09 22:52:10,626 [Worker-8: Building] INFO  o.e.m.w.i.f.ResourceFilteringBuildParticipant - Changed resources require a complete clean of filtered resources of EMPLOYEE
2026-04-09 22:52:10,627 [Worker-8: Building] INFO  o.e.m.w.i.f.ResourceFilteringBuildParticipant - Executing resource filtering for EMPLOYEE
2026-04-09 22:52:26,231 [Worker-8: Cleaning all projects] INFO  o.e.m.w.i.f.ResourceFilteringBuildParticipant - Cleaning filtered folder for Address
2026-04-09 22:52:26,458 [Worker-8: Cleaning all projects] INFO  o.e.m.w.i.f.ResourceFilteringBuildParticipant - Cleaning filtered folder for Eureka-Server
2026-04-09 22:52:28,059 [Worker-3: Building] INFO  o.a.m.s.f.DefaultMavenResourcesFiltering - Copying 1 resource from src\main\resources to target\classes
2026-04-09 22:52:28,064 [Worker-3: Building] INFO  o.a.m.s.f.DefaultMavenResourcesFiltering - Copying 0 resource from src\main\resources to target\classes
2026-04-09 22:52:28,080 [Worker-3: Building] INFO  o.a.m.s.f.DefaultMavenResourcesFiltering - skip non existing resourceDirectory C:\Users\Rishabh patil\Desktop\Microservices\Address\src\test\resources
2026-04-09 22:52:28,080 [Worker-3: Building] INFO  o.e.m.w.i.f.ResourceFilteringBuildParticipant - Changed resources require a complete clean of filtered resources of Address
2026-04-09 22:52:28,081 [Worker-3: Building] INFO  o.e.m.w.i.f.ResourceFilteringBuildParticipant - Executing resource filtering for Address
2026-04-09 22:52:29,638 [Worker-3: Building] INFO  o.a.m.s.f.DefaultMavenResourcesFiltering - Copying 1 resource from src\main\resources to target\classes
2026-04-09 22:52:29,643 [Worker-3: Building] INFO  o.a.m.s.f.DefaultMavenResourcesFiltering - Copying 0 resource from src\main\resources to target\classes
2026-04-09 22:52:29,647 [Worker-3: Building] INFO  o.a.m.s.f.DefaultMavenResourcesFiltering - skip non existing resourceDirectory C:\Users\Rishabh patil\Desktop\Microservices\Eureka-Server\src\test\resources
2026-04-09 22:52:29,647 [Worker-3: Building] INFO  o.e.m.w.i.f.ResourceFilteringBuildParticipant - Changed resources require a complete clean of filtered resources of Eureka-Server
2026-04-09 22:52:29,648 [Worker-3: Building] INFO  o.e.m.w.i.f.ResourceFilteringBuildParticipant - Executing resource filtering for Eureka-Server
2026-04-09 22:53:43,398 [Worker-7: reload maven project] ERROR o.e.m2e.editor.pom.MavenPomEditor - failed to load maven project for org.eclipse.ui.part.FileEditorInput(/EMPLOYEE/pom.xml)
org.eclipse.core.runtime.CoreException: Could not read maven project
	at org.eclipse.m2e.core.internal.project.registry.ProjectRegistryManager.readProjectWithDependencies(ProjectRegistryManager.java:831)
	at org.eclipse.m2e.core.internal.project.registry.ProjectRegistryManager.lambda$26(ProjectRegistryManager.java:1049)
	at java.base/java.util.HashMap.computeIfAbsent(HashMap.java:1220)
	at java.base/java.util.Collections$SynchronizedMap.computeIfAbsent(Collections.java:2760)
	at org.eclipse.m2e.core.internal.project.registry.ProjectRegistryManager.lambda$25(ProjectRegistryManager.java:1048)
	at java.base/java.util.Map.computeIfAbsent(Map.java:1054)
	at org.eclipse.m2e.core.internal.project.registry.ProjectRegistryManager.getMavenProject(ProjectRegistryManager.java:1048)
	at org.eclipse.m2e.core.internal.project.registry.MavenProjectFacade.getMavenProject(MavenProjectFacade.java:261)
	at org.eclipse.m2e.core.ui.internal.actions.SelectionUtil.getMavenProject(SelectionUtil.java:257)
	at org.eclipse.m2e.editor.pom.MavenPomEditor.readMavenProject(MavenPomEditor.java:659)
	at org.eclipse.m2e.editor.pom.MavenPomEditor$3.run(MavenPomEditor.java:979)
	at org.eclipse.core.internal.jobs.Worker.run(Worker.java:63)
2026-04-09 22:53:44,006 [Worker-7: Building] INFO  o.e.m.c.i.l.LifecycleMappingFactory - Using org.maven.ide.eclipse.wtp.WarLifecycleMapping lifecycle mapping for MavenProject: com.employee:EMPLOYEE:0.0.1-SNAPSHOT @ C:\Users\Rishabh patil\Desktop\Microservices\EMPLOYEE\pom.xml.
2026-04-09 22:53:45,806 [Worker-7: Building] INFO  o.e.m.w.i.f.ResourceFilteringBuildParticipant - Changed resources require a complete clean of filtered resources of EMPLOYEE
2026-04-09 22:53:45,807 [Worker-7: Building] INFO  o.e.m.w.i.f.ResourceFilteringBuildParticipant - Executing resource filtering for EMPLOYEE
2026-04-09 22:55:40,381 [Worker-5: reload maven project] ERROR o.e.m2e.editor.pom.MavenPomEditor - failed to load maven project for org.eclipse.ui.part.FileEditorInput(/EMPLOYEE/pom.xml)
org.eclipse.core.runtime.CoreException: Could not read maven project
	at org.eclipse.m2e.core.internal.project.registry.ProjectRegistryManager.readProjectWithDependencies(ProjectRegistryManager.java:831)
	at org.eclipse.m2e.core.internal.project.registry.ProjectRegistryManager.lambda$26(ProjectRegistryManager.java:1049)
	at java.base/java.util.HashMap.computeIfAbsent(HashMap.java:1220)
	at java.base/java.util.Collections$SynchronizedMap.computeIfAbsent(Collections.java:2760)
	at org.eclipse.m2e.core.internal.project.registry.ProjectRegistryManager.lambda$25(ProjectRegistryManager.java:1048)
	at java.base/java.util.Map.computeIfAbsent(Map.java:1054)
	at org.eclipse.m2e.core.internal.project.registry.ProjectRegistryManager.getMavenProject(ProjectRegistryManager.java:1048)
	at org.eclipse.m2e.core.internal.project.registry.MavenProjectFacade.getMavenProject(MavenProjectFacade.java:261)
	at org.eclipse.m2e.core.ui.internal.actions.SelectionUtil.getMavenProject(SelectionUtil.java:257)
	at org.eclipse.m2e.editor.pom.MavenPomEditor.readMavenProject(MavenPomEditor.java:659)
	at org.eclipse.m2e.editor.pom.MavenPomEditor$3.run(MavenPomEditor.java:979)
	at org.eclipse.core.internal.jobs.Worker.run(Worker.java:63)
2026-04-09 22:55:40,517 [Worker-3: Building] ERROR o.e.m.c.i.p.r.ProjectRegistryManager - Could not read pom.xml
org.eclipse.core.runtime.CoreException: Could not read pom.xml
	at org.eclipse.m2e.core.internal.embedder.MavenImpl.readModel(MavenImpl.java:579)
	at org.eclipse.m2e.core.internal.project.registry.ProjectRegistryManager.refreshPhase2(ProjectRegistryManager.java:547)
	at org.eclipse.m2e.core.internal.project.registry.ProjectRegistryManager.refresh(ProjectRegistryManager.java:503)
	at org.eclipse.m2e.core.internal.project.registry.ProjectRegistryManager.refresh(ProjectRegistryManager.java:349)
	at org.eclipse.m2e.core.internal.project.registry.ProjectRegistryManager.refresh(ProjectRegistryManager.java:303)
	at org.eclipse.m2e.core.internal.builder.MavenBuilder$BuildMethod.getProjectFacade(MavenBuilder.java:151)
	at org.eclipse.m2e.core.internal.builder.MavenBuilder$BuildMethod.lambda$0(MavenBuilder.java:89)
	at org.eclipse.m2e.core.internal.embedder.MavenExecutionContext.executeBare(MavenExecutionContext.java:182)
	at org.eclipse.m2e.core.internal.embedder.MavenExecutionContext.execute(MavenExecutionContext.java:156)
	at org.eclipse.m2e.core.internal.embedder.MavenExecutionContext.execute(MavenExecutionContext.java:103)
	at org.eclipse.m2e.core.internal.builder.MavenBuilder$BuildMethod.execute(MavenBuilder.java:88)
	at org.eclipse.m2e.core.internal.builder.MavenBuilder.build(MavenBuilder.java:198)
	at org.eclipse.core.internal.events.BuildManager$2.run(BuildManager.java:860)
	at org.eclipse.core.runtime.SafeRunner.run(SafeRunner.java:45)
	at org.eclipse.core.internal.events.BuildManager.basicBuild(BuildManager.java:232)
	at org.eclipse.core.internal.events.BuildManager.basicBuild(BuildManager.java:281)
	at org.eclipse.core.internal.events.BuildManager$1.run(BuildManager.java:334)
	at org.eclipse.core.runtime.SafeRunner.run(SafeRunner.java:45)
	at org.eclipse.core.internal.events.BuildManager.basicBuild(BuildManager.java:337)
	at org.eclipse.core.internal.events.BuildManager.basicBuildLoop(BuildManager.java:392)
	at org.eclipse.core.internal.events.BuildManager.build(BuildManager.java:417)
	at org.eclipse.core.internal.events.AutoBuildJob.doBuild(AutoBuildJob.java:161)
	at org.eclipse.core.internal.events.AutoBuildJob.run(AutoBuildJob.java:255)
	at org.eclipse.core.internal.jobs.Worker.run(Worker.java:63)
Caused by: org.apache.maven.model.io.ModelParseException: end tag name </dependency> must match start tag name <dependencies> from line 35 (position: TEXT seen ...</dependency>\n    </dependency>... @65:18) 
	at org.apache.maven.model.io.DefaultModelReader.read(DefaultModelReader.java:117)
	at org.apache.maven.model.io.DefaultModelReader.read(DefaultModelReader.java:85)
	at org.eclipse.m2e.core.internal.embedder.MavenImpl.readModel(MavenImpl.java:577)
	... 23 common frames omitted
Caused by: org.codehaus.plexus.util.xml.pull.XmlPullParserException: end tag name </dependency> must match start tag name <dependencies> from line 35 (position: TEXT seen ...</dependency>\n    </dependency>... @65:18) 
	at org.codehaus.plexus.util.xml.pull.MXParser.parseEndTag(MXParser.java:2090)
	at org.codehaus.plexus.util.xml.pull.MXParser.nextImpl(MXParser.java:1361)
	at org.codehaus.plexus.util.xml.pull.MXParser.next(MXParser.java:1319)
	at org.codehaus.plexus.util.xml.pull.MXParser.nextTag(MXParser.java:1305)
	at org.apache.maven.model.io.xpp3.MavenXpp3Reader.parseModel(MavenXpp3Reader.java:2235)
	at org.apache.maven.model.io.xpp3.MavenXpp3Reader.read(MavenXpp3Reader.java:3872)
	at org.apache.maven.model.io.xpp3.MavenXpp3Reader.read(MavenXpp3Reader.java:595)
	at org.apache.maven.model.io.DefaultModelReader.read(DefaultModelReader.java:112)
	... 25 common frames omitted
2026-04-09 22:55:42,333 [Worker-1: Building] ERROR o.e.m.c.i.p.r.ProjectRegistryManager - Could not read pom.xml
org.eclipse.core.runtime.CoreException: Could not read pom.xml
	at org.eclipse.m2e.core.internal.embedder.MavenImpl.readModel(MavenImpl.java:579)
	at org.eclipse.m2e.core.internal.project.registry.ProjectRegistryManager.refreshPhase2(ProjectRegistryManager.java:547)
	at org.eclipse.m2e.core.internal.project.registry.ProjectRegistryManager.refresh(ProjectRegistryManager.java:503)
	at org.eclipse.m2e.core.internal.project.registry.ProjectRegistryManager.refresh(ProjectRegistryManager.java:349)
	at org.eclipse.m2e.core.internal.project.registry.ProjectRegistryManager.refresh(ProjectRegistryManager.java:303)
	at org.eclipse.m2e.core.internal.builder.MavenBuilder$BuildMethod.getProjectFacade(MavenBuilder.java:151)
	at org.eclipse.m2e.core.internal.builder.MavenBuilder$BuildMethod.lambda$0(MavenBuilder.java:89)
	at org.eclipse.m2e.core.internal.embedder.MavenExecutionContext.executeBare(MavenExecutionContext.java:182)
	at org.eclipse.m2e.core.internal.embedder.MavenExecutionContext.execute(MavenExecutionContext.java:156)
	at org.eclipse.m2e.core.internal.embedder.MavenExecutionContext.execute(MavenExecutionContext.java:103)
	at org.eclipse.m2e.core.internal.builder.MavenBuilder$BuildMethod.execute(MavenBuilder.java:88)
	at org.eclipse.m2e.core.internal.builder.MavenBuilder.build(MavenBuilder.java:198)
	at org.eclipse.core.internal.events.BuildManager$2.run(BuildManager.java:860)
	at org.eclipse.core.runtime.SafeRunner.run(SafeRunner.java:45)
	at org.eclipse.core.internal.events.BuildManager.basicBuild(BuildManager.java:232)
	at org.eclipse.core.internal.events.BuildManager.basicBuild(BuildManager.java:281)
	at org.eclipse.core.internal.events.BuildManager$1.run(BuildManager.java:334)
	at org.eclipse.core.runtime.SafeRunner.run(SafeRunner.java:45)
	at org.eclipse.core.internal.events.BuildManager.basicBuild(BuildManager.java:337)
	at org.eclipse.core.internal.events.BuildManager.basicBuildLoop(BuildManager.java:392)
	at org.eclipse.core.internal.events.BuildManager.build(BuildManager.java:417)
	at org.eclipse.core.internal.events.AutoBuildJob.doBuild(AutoBuildJob.java:161)
	at org.eclipse.core.internal.events.AutoBuildJob.run(AutoBuildJob.java:255)
	at org.eclipse.core.internal.jobs.Worker.run(Worker.java:63)
Caused by: org.apache.maven.model.io.ModelParseException: end tag name </dependency> must match start tag name <dependencies> from line 35 (position: TEXT seen ...</dependency>\n    </dependency>... @65:18) 
	at org.apache.maven.model.io.DefaultModelReader.read(DefaultModelReader.java:117)
	at org.apache.maven.model.io.DefaultModelReader.read(DefaultModelReader.java:85)
	at org.eclipse.m2e.core.internal.embedder.MavenImpl.readModel(MavenImpl.java:577)
	... 23 common frames omitted
Caused by: org.codehaus.plexus.util.xml.pull.XmlPullParserException: end tag name </dependency> must match start tag name <dependencies> from line 35 (position: TEXT seen ...</dependency>\n    </dependency>... @65:18) 
	at org.codehaus.plexus.util.xml.pull.MXParser.parseEndTag(MXParser.java:2090)
	at org.codehaus.plexus.util.xml.pull.MXParser.nextImpl(MXParser.java:1361)
	at org.codehaus.plexus.util.xml.pull.MXParser.next(MXParser.java:1319)
	at org.codehaus.plexus.util.xml.pull.MXParser.nextTag(MXParser.java:1305)
	at org.apache.maven.model.io.xpp3.MavenXpp3Reader.parseModel(MavenXpp3Reader.java:2235)
	at org.apache.maven.model.io.xpp3.MavenXpp3Reader.read(MavenXpp3Reader.java:3872)
	at org.apache.maven.model.io.xpp3.MavenXpp3Reader.read(MavenXpp3Reader.java:595)
	at org.apache.maven.model.io.DefaultModelReader.read(DefaultModelReader.java:112)
	... 25 common frames omitted
2026-04-09 22:56:08,591 [Worker-3: Building] INFO  o.e.m.c.i.l.LifecycleMappingFactory - Using org.maven.ide.eclipse.wtp.WarLifecycleMapping lifecycle mapping for MavenProject: com.employee:EMPLOYEE:0.0.1-SNAPSHOT @ C:\Users\Rishabh patil\Desktop\Microservices\EMPLOYEE\pom.xml.
2026-04-09 22:56:09,303 [Worker-10: reload maven project] INFO  o.e.m.c.i.e.AbstractTransferListenerAdapter - Downloaded https://repo.maven.apache.org/maven2/org/springframework/cloud/spring-cloud-starter-netflix-eureka-client/4.1.0/spring-cloud-starter-netflix-eureka-client-4.1.0.pom
2026-04-09 22:56:09,496 [Worker-10: reload maven project] INFO  o.e.m.c.i.e.AbstractTransferListenerAdapter - Downloaded https://repo.maven.apache.org/maven2/org/springframework/cloud/spring-cloud-netflix/4.1.0/spring-cloud-netflix-4.1.0.pom
2026-04-09 22:56:09,601 [Worker-3: Building] INFO  o.e.m.c.i.e.AbstractTransferListenerAdapter - Downloaded https://repo.maven.apache.org/maven2/org/springframework/cloud/spring-cloud-starter-netflix-eureka-client/4.1.0/spring-cloud-starter-netflix-eureka-client-4.1.0.pom
2026-04-09 22:56:09,740 [Worker-10: reload maven project] INFO  o.e.m.c.i.e.AbstractTransferListenerAdapter - Downloaded https://repo.maven.apache.org/maven2/org/springframework/cloud/spring-cloud-build/4.1.0/spring-cloud-build-4.1.0.pom
2026-04-09 22:56:09,886 [Worker-3: Building] INFO  o.e.m.c.i.e.AbstractTransferListenerAdapter - Downloaded https://repo.maven.apache.org/maven2/org/springframework/cloud/spring-cloud-build/4.1.0/spring-cloud-build-4.1.0.pom
2026-04-09 22:56:09,942 [Worker-10: reload maven project] INFO  o.e.m.c.i.e.AbstractTransferListenerAdapter - Downloaded https://repo.maven.apache.org/maven2/org/springframework/cloud/spring-cloud-build-dependencies/4.1.0/spring-cloud-build-dependencies-4.1.0.pom
2026-04-09 22:56:10,137 [Worker-3: Building] INFO  o.e.m.c.i.e.AbstractTransferListenerAdapter - Downloaded https://repo.maven.apache.org/maven2/org/springframework/cloud/spring-cloud-build-dependencies/4.1.0/spring-cloud-build-dependencies-4.1.0.pom
2026-04-09 22:56:10,202 [Worker-10: reload maven project] INFO  o.e.m.c.i.e.AbstractTransferListenerAdapter - Downloaded https://repo.maven.apache.org/maven2/org/springframework/boot/spring-boot-dependencies/3.2.0/spring-boot-dependencies-3.2.0.pom
2026-04-09 22:56:10,367 [Worker-3: Building] INFO  o.e.m.c.i.e.AbstractTransferListenerAdapter - Downloaded https://repo.maven.apache.org/maven2/org/springframework/boot/spring-boot-dependencies/3.2.0/spring-boot-dependencies-3.2.0.pom
2026-04-09 22:56:10,369 [Worker-10: reload maven project] INFO  o.e.m.c.i.e.AbstractTransferListenerAdapter - Downloaded https://repo.maven.apache.org/maven2/org/assertj/assertj-bom/3.24.2/assertj-bom-3.24.2.pom
2026-04-09 22:56:10,519 [Worker-10: reload maven project] INFO  o.e.m.c.i.e.AbstractTransferListenerAdapter - Downloaded https://repo.maven.apache.org/maven2/io/zipkin/brave/brave-bom/5.16.0/brave-bom-5.16.0.pom
2026-04-09 22:56:10,602 [Worker-3: Building] INFO  o.e.m.c.i.e.AbstractTransferListenerAdapter - Downloaded https://repo.maven.apache.org/maven2/io/zipkin/brave/brave-bom/5.16.0/brave-bom-5.16.0.pom
2026-04-09 22:56:10,698 [Worker-10: reload maven project] INFO  o.e.m.c.i.e.AbstractTransferListenerAdapter - Downloaded https://repo.maven.apache.org/maven2/io/zipkin/reporter2/zipkin-reporter-bom/2.16.3/zipkin-reporter-bom-2.16.3.pom
2026-04-09 22:56:10,789 [Worker-3: Building] INFO  o.e.m.c.i.e.AbstractTransferListenerAdapter - Downloaded https://repo.maven.apache.org/maven2/io/zipkin/reporter2/zipkin-reporter-bom/2.16.3/zipkin-reporter-bom-2.16.3.pom
2026-04-09 22:56:10,884 [Worker-10: reload maven project] INFO  o.e.m.c.i.e.AbstractTransferListenerAdapter - Downloaded https://repo.maven.apache.org/maven2/com/datastax/oss/java-driver-bom/4.17.0/java-driver-bom-4.17.0.pom
2026-04-09 22:56:10,977 [Worker-3: Building] INFO  o.e.m.c.i.e.AbstractTransferListenerAdapter - Downloaded https://repo.maven.apache.org/maven2/com/datastax/oss/java-driver-bom/4.17.0/java-driver-bom-4.17.0.pom
2026-04-09 22:56:11,049 [Worker-10: reload maven project] INFO  o.e.m.c.i.e.AbstractTransferListenerAdapter - Downloaded https://repo.maven.apache.org/maven2/io/dropwizard/metrics/metrics-bom/4.2.22/metrics-bom-4.2.22.pom
2026-04-09 22:56:11,147 [Worker-3: Building] INFO  o.e.m.c.i.e.AbstractTransferListenerAdapter - Downloaded https://repo.maven.apache.org/maven2/io/dropwizard/metrics/metrics-bom/4.2.22/metrics-bom-4.2.22.pom
2026-04-09 22:56:11,214 [Worker-10: reload maven project] INFO  o.e.m.c.i.e.AbstractTransferListenerAdapter - Downloaded https://repo.maven.apache.org/maven2/io/dropwizard/metrics/metrics-parent/4.2.22/metrics-parent-4.2.22.pom
2026-04-09 22:56:11,353 [Worker-3: Building] INFO  o.e.m.c.i.e.AbstractTransferListenerAdapter - Downloaded https://repo.maven.apache.org/maven2/io/dropwizard/metrics/metrics-parent/4.2.22/metrics-parent-4.2.22.pom
2026-04-09 22:56:11,421 [Worker-10: reload maven project] INFO  o.e.m.c.i.e.AbstractTransferListenerAdapter - Downloaded https://repo.maven.apache.org/maven2/org/glassfish/jaxb/jaxb-bom/4.0.4/jaxb-bom-4.0.4.pom
2026-04-09 22:56:11,548 [Worker-3: Building] INFO  o.e.m.c.i.e.AbstractTransferListenerAdapter - Downloaded https://repo.maven.apache.org/maven2/org/glassfish/jaxb/jaxb-bom/4.0.4/jaxb-bom-4.0.4.pom
2026-04-09 22:56:11,597 [Worker-10: reload maven project] INFO  o.e.m.c.i.e.AbstractTransferListenerAdapter - Downloaded https://repo.maven.apache.org/maven2/org/eclipse/ee4j/project/1.0.8/project-1.0.8.pom
2026-04-09 22:56:11,755 [Worker-3: Building] INFO  o.e.m.c.i.e.AbstractTransferListenerAdapter - Downloaded https://repo.maven.apache.org/maven2/org/eclipse/ee4j/project/1.0.8/project-1.0.8.pom
2026-04-09 22:56:11,757 [Worker-10: reload maven project] INFO  o.e.m.c.i.e.AbstractTransferListenerAdapter - Downloaded https://repo.maven.apache.org/maven2/org/apache/groovy/groovy-bom/4.0.15/groovy-bom-4.0.15.pom
2026-04-09 22:56:11,907 [Worker-10: reload maven project] INFO  o.e.m.c.i.e.AbstractTransferListenerAdapter - Downloaded https://repo.maven.apache.org/maven2/org/infinispan/infinispan-bom/14.0.21.Final/infinispan-bom-14.0.21.Final.pom
2026-04-09 22:56:11,959 [Worker-3: Building] INFO  o.e.m.c.i.e.AbstractTransferListenerAdapter - Downloaded https://repo.maven.apache.org/maven2/org/infinispan/infinispan-bom/14.0.21.Final/infinispan-bom-14.0.21.Final.pom
2026-04-09 22:56:12,093 [Worker-10: reload maven project] INFO  o.e.m.c.i.e.AbstractTransferListenerAdapter - Downloaded https://repo.maven.apache.org/maven2/org/infinispan/infinispan-build-configuration-parent/14.0.21.Final/infinispan-build-configuration-parent-14.0.21.Final.pom
2026-04-09 22:56:12,187 [Worker-3: Building] INFO  o.e.m.c.i.e.AbstractTransferListenerAdapter - Downloaded https://repo.maven.apache.org/maven2/org/infinispan/infinispan-build-configuration-parent/14.0.21.Final/infinispan-build-configuration-parent-14.0.21.Final.pom
2026-04-09 22:56:12,310 [Worker-10: reload maven project] INFO  o.e.m.c.i.e.AbstractTransferListenerAdapter - Downloaded https://repo.maven.apache.org/maven2/com/fasterxml/jackson/jackson-bom/2.15.3/jackson-bom-2.15.3.pom
2026-04-09 22:56:12,464 [Worker-3: Building] INFO  o.e.m.c.i.e.AbstractTransferListenerAdapter - Downloaded https://repo.maven.apache.org/maven2/com/fasterxml/jackson/jackson-bom/2.15.3/jackson-bom-2.15.3.pom
2026-04-09 22:56:12,532 [Worker-10: reload maven project] INFO  o.e.m.c.i.e.AbstractTransferListenerAdapter - Downloaded https://repo.maven.apache.org/maven2/com/fasterxml/jackson/jackson-parent/2.15/jackson-parent-2.15.pom
2026-04-09 22:56:12,690 [Worker-10: reload maven project] INFO  o.e.m.c.i.e.AbstractTransferListenerAdapter - Downloaded https://repo.maven.apache.org/maven2/com/fasterxml/oss-parent/50/oss-parent-50.pom
2026-04-09 22:56:12,691 [Worker-3: Building] INFO  o.e.m.c.i.e.AbstractTransferListenerAdapter - Downloaded https://repo.maven.apache.org/maven2/com/fasterxml/jackson/jackson-parent/2.15/jackson-parent-2.15.pom
2026-04-09 22:56:12,840 [Worker-10: reload maven project] INFO  o.e.m.c.i.e.AbstractTransferListenerAdapter - Downloaded https://repo.maven.apache.org/maven2/org/glassfish/jersey/jersey-bom/3.1.3/jersey-bom-3.1.3.pom
2026-04-09 22:56:12,892 [Worker-3: Building] INFO  o.e.m.c.i.e.AbstractTransferListenerAdapter - Downloaded https://repo.maven.apache.org/maven2/org/glassfish/jersey/jersey-bom/3.1.3/jersey-bom-3.1.3.pom
2026-04-09 22:56:13,046 [Worker-10: reload maven project] INFO  o.e.m.c.i.e.AbstractTransferListenerAdapter - Downloaded https://repo.maven.apache.org/maven2/org/eclipse/jetty/ee10/jetty-ee10-bom/12.0.3/jetty-ee10-bom-12.0.3.pom
2026-04-09 22:56:13,180 [Worker-3: Building] INFO  o.e.m.c.i.e.AbstractTransferListenerAdapter - Downloaded https://repo.maven.apache.org/maven2/org/eclipse/jetty/ee10/jetty-ee10-bom/12.0.3/jetty-ee10-bom-12.0.3.pom
2026-04-09 22:56:13,205 [Worker-10: reload maven project] INFO  o.e.m.c.i.e.AbstractTransferListenerAdapter - Downloaded https://repo.maven.apache.org/maven2/org/eclipse/jetty/jetty-bom/12.0.3/jetty-bom-12.0.3.pom
2026-04-09 22:56:13,358 [Worker-10: reload maven project] INFO  o.e.m.c.i.e.AbstractTransferListenerAdapter - Downloaded https://repo.maven.apache.org/maven2/org/junit/junit-bom/5.10.1/junit-bom-5.10.1.pom
2026-04-09 22:56:13,362 [Worker-3: Building] INFO  o.e.m.c.i.e.AbstractTransferListenerAdapter - Downloaded https://repo.maven.apache.org/maven2/org/junit/junit-bom/5.10.1/junit-bom-5.10.1.pom
2026-04-09 22:56:13,603 [Worker-10: reload maven project] INFO  o.e.m.c.i.e.AbstractTransferListenerAdapter - Downloaded https://repo.maven.apache.org/maven2/org/jetbrains/kotlin/kotlin-bom/1.9.20/kotlin-bom-1.9.20.pom
2026-04-09 22:56:13,651 [Worker-3: Building] INFO  o.e.m.c.i.e.AbstractTransferListenerAdapter - Downloaded https://repo.maven.apache.org/maven2/org/jetbrains/kotlin/kotlin-bom/1.9.20/kotlin-bom-1.9.20.pom
2026-04-09 22:56:13,819 [Worker-10: reload maven project] INFO  o.e.m.c.i.e.AbstractTransferListenerAdapter - Downloaded https://repo.maven.apache.org/maven2/org/jetbrains/kotlinx/kotlinx-coroutines-bom/1.7.3/kotlinx-coroutines-bom-1.7.3.pom
2026-04-09 22:56:13,871 [Worker-3: Building] INFO  o.e.m.c.i.e.AbstractTransferListenerAdapter - Downloaded https://repo.maven.apache.org/maven2/org/jetbrains/kotlinx/kotlinx-coroutines-bom/1.7.3/kotlinx-coroutines-bom-1.7.3.pom
2026-04-09 22:56:13,977 [Worker-10: reload maven project] INFO  o.e.m.c.i.e.AbstractTransferListenerAdapter - Downloaded https://repo.maven.apache.org/maven2/org/jetbrains/kotlinx/kotlinx-serialization-bom/1.6.1/kotlinx-serialization-bom-1.6.1.pom
2026-04-09 22:56:14,102 [Worker-3: Building] INFO  o.e.m.c.i.e.AbstractTransferListenerAdapter - Downloaded https://repo.maven.apache.org/maven2/org/jetbrains/kotlinx/kotlinx-serialization-bom/1.6.1/kotlinx-serialization-bom-1.6.1.pom
2026-04-09 22:56:14,217 [Worker-10: reload maven project] INFO  o.e.m.c.i.e.AbstractTransferListenerAdapter - Downloaded https://repo.maven.apache.org/maven2/org/apache/logging/log4j/log4j-bom/2.21.1/log4j-bom-2.21.1.pom
2026-04-09 22:56:14,279 [Worker-3: Building] INFO  o.e.m.c.i.e.AbstractTransferListenerAdapter - Downloaded https://repo.maven.apache.org/maven2/org/apache/logging/log4j/log4j-bom/2.21.1/log4j-bom-2.21.1.pom
2026-04-09 22:56:14,465 [Worker-10: reload maven project] INFO  o.e.m.c.i.e.AbstractTransferListenerAdapter - Downloaded https://repo.maven.apache.org/maven2/org/apache/logging/logging-parent/10.1.1/logging-parent-10.1.1.pom
2026-04-09 22:56:14,551 [Worker-3: Building] INFO  o.e.m.c.i.e.AbstractTransferListenerAdapter - Downloaded https://repo.maven.apache.org/maven2/org/apache/logging/logging-parent/10.1.1/logging-parent-10.1.1.pom
2026-04-09 22:56:14,644 [Worker-10: reload maven project] INFO  o.e.m.c.i.e.AbstractTransferListenerAdapter - Downloaded https://repo.maven.apache.org/maven2/org/apache/apache/30/apache-30.pom
2026-04-09 22:56:14,769 [Worker-3: Building] INFO  o.e.m.c.i.e.AbstractTransferListenerAdapter - Downloaded https://repo.maven.apache.org/maven2/org/apache/apache/30/apache-30.pom
2026-04-09 22:56:14,811 [Worker-10: reload maven project] INFO  o.e.m.c.i.e.AbstractTransferListenerAdapter - Downloaded https://repo.maven.apache.org/maven2/io/micrometer/micrometer-bom/1.12.0/micrometer-bom-1.12.0.pom
2026-04-09 22:56:14,978 [Worker-10: reload maven project] INFO  o.e.m.c.i.e.AbstractTransferListenerAdapter - Downloaded https://repo.maven.apache.org/maven2/io/micrometer/micrometer-tracing-bom/1.2.0/micrometer-tracing-bom-1.2.0.pom
2026-04-09 22:56:15,008 [Worker-3: Building] INFO  o.e.m.c.i.e.AbstractTransferListenerAdapter - Downloaded https://repo.maven.apache.org/maven2/io/micrometer/micrometer-tracing-bom/1.2.0/micrometer-tracing-bom-1.2.0.pom
2026-04-09 22:56:15,163 [Worker-10: reload maven project] INFO  o.e.m.c.i.e.AbstractTransferListenerAdapter - Downloaded https://repo.maven.apache.org/maven2/org/mockito/mockito-bom/5.7.0/mockito-bom-5.7.0.pom
2026-04-09 22:56:15,193 [Worker-3: Building] INFO  o.e.m.c.i.e.AbstractTransferListenerAdapter - Downloaded https://repo.maven.apache.org/maven2/org/mockito/mockito-bom/5.7.0/mockito-bom-5.7.0.pom
2026-04-09 22:56:15,305 [Worker-10: reload maven project] INFO  o.e.m.c.i.e.AbstractTransferListenerAdapter - Downloaded https://repo.maven.apache.org/maven2/io/netty/netty-bom/4.1.101.Final/netty-bom-4.1.101.Final.pom
2026-04-09 22:56:15,365 [Worker-3: Building] INFO  o.e.m.c.i.e.AbstractTransferListenerAdapter - Downloaded https://repo.maven.apache.org/maven2/io/netty/netty-bom/4.1.101.Final/netty-bom-4.1.101.Final.pom
2026-04-09 22:56:15,397 [Worker-3: Building] INFO  o.e.m.c.i.e.AbstractTransferListenerAdapter - Downloaded https://repo.maven.apache.org/maven2/io/opentelemetry/opentelemetry-bom/1.31.0/opentelemetry-bom-1.31.0.pom
2026-04-09 22:56:15,401 [Worker-3: Building] INFO  o.e.m.c.i.e.AbstractTransferListenerAdapter - Downloaded https://repo.maven.apache.org/maven2/com/oracle/database/jdbc/ojdbc-bom/23.3.0.23.09/ojdbc-bom-23.3.0.23.09.pom
2026-04-09 22:56:15,460 [Worker-10: reload maven project] INFO  o.e.m.c.i.e.AbstractTransferListenerAdapter - Downloaded https://repo.maven.apache.org/maven2/io/opentelemetry/opentelemetry-bom/1.31.0/opentelemetry-bom-1.31.0.pom
2026-04-09 22:56:15,466 [Worker-3: Building] INFO  o.e.m.c.i.e.AbstractTransferListenerAdapter - Downloaded https://repo.maven.apache.org/maven2/io/projectreactor/reactor-bom/2023.0.0/reactor-bom-2023.0.0.pom
2026-04-09 22:56:15,470 [Worker-3: Building] INFO  o.e.m.c.i.e.AbstractTransferListenerAdapter - Downloaded https://repo.maven.apache.org/maven2/io/rest-assured/rest-assured-bom/5.3.2/rest-assured-bom-5.3.2.pom
2026-04-09 22:56:15,474 [Worker-3: Building] INFO  o.e.m.c.i.e.AbstractTransferListenerAdapter - Downloaded https://repo.maven.apache.org/maven2/io/rsocket/rsocket-bom/1.1.3/rsocket-bom-1.1.3.pom
2026-04-09 22:56:15,479 [Worker-3: Building] INFO  o.e.m.c.i.e.AbstractTransferListenerAdapter - Downloaded https://repo.maven.apache.org/maven2/org/seleniumhq/selenium/selenium-bom/4.14.1/selenium-bom-4.14.1.pom
2026-04-09 22:56:15,484 [Worker-3: Building] INFO  o.e.m.c.i.e.AbstractTransferListenerAdapter - Downloaded https://repo.maven.apache.org/maven2/org/springframework/amqp/spring-amqp-bom/3.1.0/spring-amqp-bom-3.1.0.pom
2026-04-09 22:56:15,516 [Worker-3: Building] INFO  o.e.m.c.i.e.AbstractTransferListenerAdapter - Downloaded https://repo.maven.apache.org/maven2/org/springframework/batch/spring-batch-bom/5.1.0/spring-batch-bom-5.1.0.pom
2026-04-09 22:56:15,519 [Worker-3: Building] INFO  o.e.m.c.i.e.AbstractTransferListenerAdapter - Downloaded https://repo.maven.apache.org/maven2/org/springframework/data/spring-data-bom/2023.1.0/spring-data-bom-2023.1.0.pom
2026-04-09 22:56:15,524 [Worker-3: Building] INFO  o.e.m.c.i.e.AbstractTransferListenerAdapter - Downloaded https://repo.maven.apache.org/maven2/org/springframework/spring-framework-bom/6.1.1/spring-framework-bom-6.1.1.pom
2026-04-09 22:56:15,528 [Worker-3: Building] INFO  o.e.m.c.i.e.AbstractTransferListenerAdapter - Downloaded https://repo.maven.apache.org/maven2/org/springframework/integration/spring-integration-bom/6.2.0/spring-integration-bom-6.2.0.pom
2026-04-09 22:56:15,533 [Worker-3: Building] INFO  o.e.m.c.i.e.AbstractTransferListenerAdapter - Downloaded https://repo.maven.apache.org/maven2/org/springframework/restdocs/spring-restdocs-bom/3.0.1/spring-restdocs-bom-3.0.1.pom
2026-04-09 22:56:15,537 [Worker-3: Building] INFO  o.e.m.c.i.e.AbstractTransferListenerAdapter - Downloaded https://repo.maven.apache.org/maven2/org/springframework/security/spring-security-bom/6.2.0/spring-security-bom-6.2.0.pom
2026-04-09 22:56:15,540 [Worker-3: Building] INFO  o.e.m.c.i.e.AbstractTransferListenerAdapter - Downloaded https://repo.maven.apache.org/maven2/org/springframework/session/spring-session-bom/3.2.0/spring-session-bom-3.2.0.pom
2026-04-09 22:56:15,546 [Worker-3: Building] INFO  o.e.m.c.i.e.AbstractTransferListenerAdapter - Downloaded https://repo.maven.apache.org/maven2/org/springframework/ws/spring-ws-bom/4.0.8/spring-ws-bom-4.0.8.pom
2026-04-09 22:56:15,551 [Worker-3: Building] INFO  o.e.m.c.i.e.AbstractTransferListenerAdapter - Downloaded https://repo.maven.apache.org/maven2/org/testcontainers/testcontainers-bom/1.19.3/testcontainers-bom-1.19.3.pom
2026-04-09 22:56:17,702 [Worker-3: Building] INFO  o.e.m.c.i.l.LifecycleMappingFactory - Using org.maven.ide.eclipse.wtp.WarLifecycleMapping lifecycle mapping for MavenProject: com.employee:EMPLOYEE:0.0.1-SNAPSHOT @ C:\Users\Rishabh patil\Desktop\Microservices\EMPLOYEE\pom.xml.
2026-04-09 22:56:19,618 [Worker-3: Building] INFO  o.a.m.s.f.DefaultMavenResourcesFiltering - Copying 1 resource from src\main\resources to target\classes
2026-04-09 22:56:19,623 [Worker-3: Building] INFO  o.a.m.s.f.DefaultMavenResourcesFiltering - Copying 0 resource from src\main\resources to target\classes
2026-04-09 22:56:19,628 [Worker-3: Building] INFO  o.a.m.s.f.DefaultMavenResourcesFiltering - skip non existing resourceDirectory C:\Users\Rishabh patil\Desktop\Microservices\EMPLOYEE\src\test\resources
2026-04-09 22:56:21,966 [Worker-10: Download sources and javadoc] INFO  o.e.m.c.i.e.AbstractTransferListenerAdapter - Downloaded https://repo.maven.apache.org/maven2/org/springframework/cloud/spring-cloud-starter-netflix-eureka-client/4.1.0/spring-cloud-starter-netflix-eureka-client-4.1.0-sources.jar
2026-04-09 22:56:21,975 [Worker-10: Download sources and javadoc] ERROR o.e.m.j.internal.DownloadSourcesJob - Could not download sources for org.springframework.cloud:spring-cloud-starter-netflix-eureka-client:4.1.0
org.eclipse.core.runtime.CoreException: Could not resolve artifact org.springframework.cloud:spring-cloud-starter-netflix-eureka-client:jar:sources:4.1.0
	at org.eclipse.m2e.core.internal.embedder.MavenImpl.lambda$4(MavenImpl.java:828)
	at org.eclipse.m2e.core.internal.embedder.MavenExecutionContext.executeBare(MavenExecutionContext.java:182)
	at org.eclipse.m2e.core.internal.embedder.MavenExecutionContext.execute(MavenExecutionContext.java:117)
	at org.eclipse.m2e.core.internal.embedder.MavenExecutionContext.execute(MavenExecutionContext.java:103)
	at org.eclipse.m2e.core.internal.embedder.MavenImpl.resolve(MavenImpl.java:796)
	at org.eclipse.m2e.core.internal.embedder.MavenImpl.resolve(MavenImpl.java:773)
	at org.eclipse.m2e.jdt.internal.DownloadSourcesJob.download(DownloadSourcesJob.java:311)
	at org.eclipse.m2e.jdt.internal.DownloadSourcesJob.downloadAttachments(DownloadSourcesJob.java:285)
	at org.eclipse.m2e.jdt.internal.DownloadSourcesJob.downloadMaven(DownloadSourcesJob.java:255)
	at org.eclipse.m2e.jdt.internal.DownloadSourcesJob.downloadFilesAndPopulateToUpdate(DownloadSourcesJob.java:223)
	at org.eclipse.m2e.jdt.internal.DownloadSourcesJob.lambda$0(DownloadSourcesJob.java:152)
	at org.eclipse.m2e.core.internal.embedder.MavenExecutionContext.executeBare(MavenExecutionContext.java:182)
	at org.eclipse.m2e.core.internal.embedder.MavenExecutionContext.execute(MavenExecutionContext.java:156)
	at org.eclipse.m2e.core.internal.embedder.MavenExecutionContext.execute(MavenExecutionContext.java:103)
	at org.eclipse.m2e.core.internal.embedder.MavenImpl.execute(MavenImpl.java:1416)
	at org.eclipse.m2e.jdt.internal.DownloadSourcesJob.run(DownloadSourcesJob.java:152)
	at org.eclipse.core.internal.jobs.Worker.run(Worker.java:63)
2026-04-09 22:57:34,130 [Worker-3: Building] INFO  o.e.m.c.i.l.LifecycleMappingFactory - Using org.maven.ide.eclipse.wtp.WarLifecycleMapping lifecycle mapping for MavenProject: com.employee:EMPLOYEE:0.0.1-SNAPSHOT @ C:\Users\Rishabh patil\Desktop\Microservices\EMPLOYEE\pom.xml.
2026-04-09 22:57:35,428 [Worker-3: Building] INFO  o.a.m.s.f.DefaultMavenResourcesFiltering - Copying 0 resource from src\main\resources to target\classes
2026-04-09 22:57:35,430 [Worker-3: Building] INFO  o.a.m.s.f.DefaultMavenResourcesFiltering - Copying 0 resource from src\main\resources to target\classes
2026-04-09 22:57:35,437 [Worker-3: Building] INFO  o.a.m.s.f.DefaultMavenResourcesFiltering - skip non existing resourceDirectory C:\Users\Rishabh patil\Desktop\Microservices\EMPLOYEE\src\test\resources
2026-04-09 22:57:35,437 [Worker-3: Building] INFO  o.e.m.w.i.f.ResourceFilteringBuildParticipant - Changed resources require a complete clean of filtered resources of EMPLOYEE
2026-04-09 22:57:35,438 [Worker-3: Building] INFO  o.e.m.w.i.f.ResourceFilteringBuildParticipant - Executing resource filtering for EMPLOYEE
2026-04-09 22:57:37,216 [Worker-11: Download sources and javadoc] INFO  o.e.m.c.i.e.AbstractTransferListenerAdapter - Downloaded https://repo.maven.apache.org/maven2/org/springframework/cloud/spring-cloud-starter-netflix-eureka-client/4.1.0/spring-cloud-starter-netflix-eureka-client-4.1.0-javadoc.jar
2026-04-09 22:57:37,221 [Worker-11: Download sources and javadoc] ERROR o.e.m.j.internal.DownloadSourcesJob - Could not download javadoc for org.springframework.cloud:spring-cloud-starter-netflix-eureka-client:4.1.0
org.eclipse.core.runtime.CoreException: Could not resolve artifact org.springframework.cloud:spring-cloud-starter-netflix-eureka-client:jar:javadoc:4.1.0
	at org.eclipse.m2e.core.internal.embedder.MavenImpl.lambda$4(MavenImpl.java:828)
	at org.eclipse.m2e.core.internal.embedder.MavenExecutionContext.executeBare(MavenExecutionContext.java:182)
	at org.eclipse.m2e.core.internal.embedder.MavenExecutionContext.execute(MavenExecutionContext.java:117)
	at org.eclipse.m2e.core.internal.embedder.MavenExecutionContext.execute(MavenExecutionContext.java:103)
	at org.eclipse.m2e.core.internal.embedder.MavenImpl.resolve(MavenImpl.java:796)
	at org.eclipse.m2e.core.internal.embedder.MavenImpl.resolve(MavenImpl.java:773)
	at org.eclipse.m2e.jdt.internal.DownloadSourcesJob.download(DownloadSourcesJob.java:311)
	at org.eclipse.m2e.jdt.internal.DownloadSourcesJob.downloadAttachments(DownloadSourcesJob.java:297)
	at org.eclipse.m2e.jdt.internal.DownloadSourcesJob.downloadMaven(DownloadSourcesJob.java:255)
	at org.eclipse.m2e.jdt.internal.DownloadSourcesJob.downloadFilesAndPopulateToUpdate(DownloadSourcesJob.java:223)
	at org.eclipse.m2e.jdt.internal.DownloadSourcesJob.lambda$0(DownloadSourcesJob.java:152)
	at org.eclipse.m2e.core.internal.embedder.MavenExecutionContext.executeBare(MavenExecutionContext.java:182)
	at org.eclipse.m2e.core.internal.embedder.MavenExecutionContext.execute(MavenExecutionContext.java:156)
	at org.eclipse.m2e.core.internal.embedder.MavenExecutionContext.execute(MavenExecutionContext.java:103)
	at org.eclipse.m2e.core.internal.embedder.MavenImpl.execute(MavenImpl.java:1416)
	at org.eclipse.m2e.jdt.internal.DownloadSourcesJob.run(DownloadSourcesJob.java:152)
	at org.eclipse.core.internal.jobs.Worker.run(Worker.java:63)
2026-04-09 22:58:17,408 [Worker-3: Building] INFO  o.e.m.c.i.l.LifecycleMappingFactory - Using org.maven.ide.eclipse.wtp.WarLifecycleMapping lifecycle mapping for MavenProject: com.employee:EMPLOYEE:0.0.1-SNAPSHOT @ C:\Users\Rishabh patil\Desktop\Microservices\EMPLOYEE\pom.xml.
2026-04-09 22:58:18,732 [Worker-3: Building] INFO  o.a.m.s.f.DefaultMavenResourcesFiltering - Copying 0 resource from src\main\resources to target\classes
2026-04-09 22:58:18,734 [Worker-3: Building] INFO  o.a.m.s.f.DefaultMavenResourcesFiltering - Copying 0 resource from src\main\resources to target\classes
2026-04-09 22:58:18,738 [Worker-3: Building] INFO  o.a.m.s.f.DefaultMavenResourcesFiltering - skip non existing resourceDirectory C:\Users\Rishabh patil\Desktop\Microservices\EMPLOYEE\src\test\resources
2026-04-09 22:58:18,739 [Worker-3: Building] INFO  o.e.m.w.i.f.ResourceFilteringBuildParticipant - Changed resources require a complete clean of filtered resources of EMPLOYEE
2026-04-09 22:58:18,740 [Worker-3: Building] INFO  o.e.m.w.i.f.ResourceFilteringBuildParticipant - Executing resource filtering for EMPLOYEE
2026-04-09 22:58:22,037 [Worker-5: Building] INFO  o.a.m.s.f.DefaultMavenResourcesFiltering - Copying 1 resource from src\main\resources to target\classes
2026-04-09 22:58:22,044 [Worker-5: Building] INFO  o.a.m.s.f.DefaultMavenResourcesFiltering - Copying 0 resource from src\main\resources to target\classes
2026-04-09 22:58:22,048 [Worker-5: Building] INFO  o.a.m.s.f.DefaultMavenResourcesFiltering - skip non existing resourceDirectory C:\Users\Rishabh patil\Desktop\Microservices\EMPLOYEE\src\test\resources
2026-04-09 22:59:55,212 [Worker-3: Building] INFO  o.e.m.c.i.l.LifecycleMappingFactory - Using org.maven.ide.eclipse.wtp.WarLifecycleMapping lifecycle mapping for MavenProject: com.employee:EMPLOYEE:0.0.1-SNAPSHOT @ C:\Users\Rishabh patil\Desktop\Microservices\EMPLOYEE\pom.xml.
2026-04-09 22:59:55,770 [Worker-3: Building] INFO  o.e.m.c.i.e.AbstractTransferListenerAdapter - Downloaded https://repo.maven.apache.org/maven2/org/springframework/cloud/spring-cloud-starter-netflix-eureka-client/5.0.1/spring-cloud-starter-netflix-eureka-client-5.0.1.pom
2026-04-09 22:59:56,269 [AetherRepositoryConnector-repo.maven.apache.org-2-1] INFO  o.e.m.c.i.e.AbstractTransferListenerAdapter - Downloading https://repo.maven.apache.org/maven2/com/google/errorprone/error_prone_annotations/2.41.0/error_prone_annotations-2.41.0.jar
2026-04-09 22:59:56,302 [AetherRepositoryConnector-repo.maven.apache.org-2-0] INFO  o.e.m.c.i.e.AbstractTransferListenerAdapter - Downloading https://repo.maven.apache.org/maven2/org/springframework/cloud/spring-cloud-starter-netflix-eureka-client/5.0.1/spring-cloud-starter-netflix-eureka-client-5.0.1.jar
2026-04-09 22:59:56,473 [AetherRepositoryConnector-repo.maven.apache.org-2-0] INFO  o.e.m.c.i.e.AbstractTransferListenerAdapter - Downloaded https://repo.maven.apache.org/maven2/org/springframework/cloud/spring-cloud-starter-netflix-eureka-client/5.0.1/spring-cloud-starter-netflix-eureka-client-5.0.1.jar
2026-04-09 22:59:56,838 [AetherRepositoryConnector-repo.maven.apache.org-2-1] INFO  o.e.m.c.i.e.AbstractTransferListenerAdapter - Downloaded https://repo.maven.apache.org/maven2/com/google/errorprone/error_prone_annotations/2.41.0/error_prone_annotations-2.41.0.jar
2026-04-09 22:59:59,848 [Worker-3: Building] INFO  o.a.m.s.f.DefaultMavenResourcesFiltering - Copying 0 resource from src\main\resources to target\classes
2026-04-09 22:59:59,850 [Worker-3: Building] INFO  o.a.m.s.f.DefaultMavenResourcesFiltering - Copying 0 resource from src\main\resources to target\classes
2026-04-09 22:59:59,854 [Worker-3: Building] INFO  o.a.m.s.f.DefaultMavenResourcesFiltering - skip non existing resourceDirectory C:\Users\Rishabh patil\Desktop\Microservices\EMPLOYEE\src\test\resources
2026-04-09 22:59:59,855 [Worker-3: Building] INFO  o.e.m.w.i.f.ResourceFilteringBuildParticipant - Changed resources require a complete clean of filtered resources of EMPLOYEE
2026-04-09 22:59:59,856 [Worker-3: Building] INFO  o.e.m.w.i.f.ResourceFilteringBuildParticipant - Executing resource filtering for EMPLOYEE
2026-04-09 23:00:02,191 [Worker-3: Building] INFO  o.a.m.s.f.DefaultMavenResourcesFiltering - Copying 1 resource from src\main\resources to target\classes
2026-04-09 23:00:02,197 [Worker-3: Building] INFO  o.a.m.s.f.DefaultMavenResourcesFiltering - Copying 0 resource from src\main\resources to target\classes
2026-04-09 23:00:02,201 [Worker-3: Building] INFO  o.a.m.s.f.DefaultMavenResourcesFiltering - skip non existing resourceDirectory C:\Users\Rishabh patil\Desktop\Microservices\EMPLOYEE\src\test\resources
2026-04-09 23:00:02,452 [Worker-1: Download sources and javadoc] INFO  o.e.m.c.i.e.AbstractTransferListenerAdapter - Downloaded https://repo.maven.apache.org/maven2/org/springframework/cloud/spring-cloud-starter-netflix-eureka-client/5.0.1/spring-cloud-starter-netflix-eureka-client-5.0.1-sources.jar
2026-04-09 23:00:02,456 [Worker-1: Download sources and javadoc] ERROR o.e.m.j.internal.DownloadSourcesJob - Could not download sources for org.springframework.cloud:spring-cloud-starter-netflix-eureka-client:5.0.1
org.eclipse.core.runtime.CoreException: Could not resolve artifact org.springframework.cloud:spring-cloud-starter-netflix-eureka-client:jar:sources:5.0.1
	at org.eclipse.m2e.core.internal.embedder.MavenImpl.lambda$4(MavenImpl.java:828)
	at org.eclipse.m2e.core.internal.embedder.MavenExecutionContext.executeBare(MavenExecutionContext.java:182)
	at org.eclipse.m2e.core.internal.embedder.MavenExecutionContext.execute(MavenExecutionContext.java:117)
	at org.eclipse.m2e.core.internal.embedder.MavenExecutionContext.execute(MavenExecutionContext.java:103)
	at org.eclipse.m2e.core.internal.embedder.MavenImpl.resolve(MavenImpl.java:796)
	at org.eclipse.m2e.core.internal.embedder.MavenImpl.resolve(MavenImpl.java:773)
	at org.eclipse.m2e.jdt.internal.DownloadSourcesJob.download(DownloadSourcesJob.java:311)
	at org.eclipse.m2e.jdt.internal.DownloadSourcesJob.downloadAttachments(DownloadSourcesJob.java:285)
	at org.eclipse.m2e.jdt.internal.DownloadSourcesJob.downloadMaven(DownloadSourcesJob.java:255)
	at org.eclipse.m2e.jdt.internal.DownloadSourcesJob.downloadFilesAndPopulateToUpdate(DownloadSourcesJob.java:223)
	at org.eclipse.m2e.jdt.internal.DownloadSourcesJob.lambda$0(DownloadSourcesJob.java:152)
	at org.eclipse.m2e.core.internal.embedder.MavenExecutionContext.executeBare(MavenExecutionContext.java:182)
	at org.eclipse.m2e.core.internal.embedder.MavenExecutionContext.execute(MavenExecutionContext.java:156)
	at org.eclipse.m2e.core.internal.embedder.MavenExecutionContext.execute(MavenExecutionContext.java:103)
	at org.eclipse.m2e.core.internal.embedder.MavenImpl.execute(MavenImpl.java:1416)
	at org.eclipse.m2e.jdt.internal.DownloadSourcesJob.run(DownloadSourcesJob.java:152)
	at org.eclipse.core.internal.jobs.Worker.run(Worker.java:63)
2026-04-09 23:00:02,630 [Worker-1: Download sources and javadoc] INFO  o.e.m.c.i.e.AbstractTransferListenerAdapter - Downloading https://repo.maven.apache.org/maven2/com/google/errorprone/error_prone_annotations/2.41.0/error_prone_annotations-2.41.0-sources.jar
2026-04-09 23:00:03,624 [Worker-1: Download sources and javadoc] INFO  o.e.m.c.i.e.AbstractTransferListenerAdapter - Downloaded https://repo.maven.apache.org/maven2/com/google/errorprone/error_prone_annotations/2.41.0/error_prone_annotations-2.41.0-sources.jar
2026-04-09 23:00:04,887 [Worker-1: Download sources and javadoc] INFO  o.e.m.j.internal.DownloadSourcesJob - Downloaded sources for com.google.errorprone:error_prone_annotations:2.41.0
2026-04-09 23:00:06,370 [Worker-1: Building] INFO  o.a.m.s.f.DefaultMavenResourcesFiltering - Copying 0 resource from src\main\resources to target\classes
2026-04-09 23:00:06,371 [Worker-1: Building] INFO  o.a.m.s.f.DefaultMavenResourcesFiltering - Copying 0 resource from src\main\resources to target\classes
2026-04-09 23:00:06,375 [Worker-1: Building] INFO  o.a.m.s.f.DefaultMavenResourcesFiltering - skip non existing resourceDirectory C:\Users\Rishabh patil\Desktop\Microservices\EMPLOYEE\src\test\resources
2026-04-09 23:00:15,724 [Worker-10: Building] INFO  o.a.m.s.f.DefaultMavenResourcesFiltering - Copying 1 resource from src\main\resources to target\classes
2026-04-09 23:00:15,737 [Worker-10: Building] INFO  o.a.m.s.f.DefaultMavenResourcesFiltering - Copying 0 resource from src\main\resources to target\classes
2026-04-09 23:00:15,740 [Worker-10: Building] INFO  o.a.m.s.f.DefaultMavenResourcesFiltering - skip non existing resourceDirectory C:\Users\Rishabh patil\Desktop\Microservices\EMPLOYEE\src\test\resources
2026-04-09 23:00:52,246 [Worker-12: Launching EMPLOYEE - EmployeeApplication] INFO  o.a.m.s.f.DefaultMavenResourcesFiltering - Copying 1 resource from src\main\resources to target\classes
2026-04-09 23:00:52,258 [Worker-12: Launching EMPLOYEE - EmployeeApplication] INFO  o.a.m.s.f.DefaultMavenResourcesFiltering - Copying 0 resource from src\main\resources to target\classes
2026-04-09 23:00:52,262 [Worker-12: Launching EMPLOYEE - EmployeeApplication] INFO  o.a.m.s.f.DefaultMavenResourcesFiltering - skip non existing resourceDirectory C:\Users\Rishabh patil\Desktop\Microservices\EMPLOYEE\src\test\resources
2026-04-09 23:00:54,264 [Worker-10: Download sources and javadoc] INFO  o.e.m.c.i.e.AbstractTransferListenerAdapter - Downloaded https://repo.maven.apache.org/maven2/org/springframework/cloud/spring-cloud-starter-netflix-eureka-client/5.0.1/spring-cloud-starter-netflix-eureka-client-5.0.1-javadoc.jar
2026-04-09 23:00:54,269 [Worker-10: Download sources and javadoc] ERROR o.e.m.j.internal.DownloadSourcesJob - Could not download javadoc for org.springframework.cloud:spring-cloud-starter-netflix-eureka-client:5.0.1
org.eclipse.core.runtime.CoreException: Could not resolve artifact org.springframework.cloud:spring-cloud-starter-netflix-eureka-client:jar:javadoc:5.0.1
	at org.eclipse.m2e.core.internal.embedder.MavenImpl.lambda$4(MavenImpl.java:828)
	at org.eclipse.m2e.core.internal.embedder.MavenExecutionContext.executeBare(MavenExecutionContext.java:182)
	at org.eclipse.m2e.core.internal.embedder.MavenExecutionContext.execute(MavenExecutionContext.java:117)
	at org.eclipse.m2e.core.internal.embedder.MavenExecutionContext.execute(MavenExecutionContext.java:103)
	at org.eclipse.m2e.core.internal.embedder.MavenImpl.resolve(MavenImpl.java:796)
	at org.eclipse.m2e.core.internal.embedder.MavenImpl.resolve(MavenImpl.java:773)
	at org.eclipse.m2e.jdt.internal.DownloadSourcesJob.download(DownloadSourcesJob.java:311)
	at org.eclipse.m2e.jdt.internal.DownloadSourcesJob.downloadAttachments(DownloadSourcesJob.java:297)
	at org.eclipse.m2e.jdt.internal.DownloadSourcesJob.downloadMaven(DownloadSourcesJob.java:255)
	at org.eclipse.m2e.jdt.internal.DownloadSourcesJob.downloadFilesAndPopulateToUpdate(DownloadSourcesJob.java:223)
	at org.eclipse.m2e.jdt.internal.DownloadSourcesJob.lambda$0(DownloadSourcesJob.java:152)
	at org.eclipse.m2e.core.internal.embedder.MavenExecutionContext.executeBare(MavenExecutionContext.java:182)
	at org.eclipse.m2e.core.internal.embedder.MavenExecutionContext.execute(MavenExecutionContext.java:156)
	at org.eclipse.m2e.core.internal.embedder.MavenExecutionContext.execute(MavenExecutionContext.java:103)
	at org.eclipse.m2e.core.internal.embedder.MavenImpl.execute(MavenImpl.java:1416)
	at org.eclipse.m2e.jdt.internal.DownloadSourcesJob.run(DownloadSourcesJob.java:152)
	at org.eclipse.core.internal.jobs.Worker.run(Worker.java:63)
2026-04-09 23:06:45,970 [Worker-3: Building] INFO  o.a.m.s.f.DefaultMavenResourcesFiltering - Copying 1 resource from src\main\resources to target\classes
2026-04-09 23:06:46,001 [Worker-3: Building] INFO  o.a.m.s.f.DefaultMavenResourcesFiltering - Copying 0 resource from src\main\resources to target\classes
2026-04-09 23:06:46,006 [Worker-3: Building] INFO  o.a.m.s.f.DefaultMavenResourcesFiltering - skip non existing resourceDirectory C:\Users\Rishabh patil\Desktop\Microservices\Eureka-Server\src\test\resources
2026-04-09 23:07:43,447 [Worker-13: Building] INFO  o.a.m.s.f.DefaultMavenResourcesFiltering - Copying 1 resource from src\main\resources to target\classes
2026-04-09 23:07:43,462 [Worker-13: Building] INFO  o.a.m.s.f.DefaultMavenResourcesFiltering - Copying 0 resource from src\main\resources to target\classes
2026-04-09 23:07:43,466 [Worker-13: Building] INFO  o.a.m.s.f.DefaultMavenResourcesFiltering - skip non existing resourceDirectory C:\Users\Rishabh patil\Desktop\Microservices\EMPLOYEE\src\test\resources
2026-04-09 23:10:34,626 [Worker-3: Building] INFO  o.a.m.s.f.DefaultMavenResourcesFiltering - Copying 1 resource from src\main\resources to target\classes
2026-04-09 23:10:34,660 [Worker-3: Building] INFO  o.a.m.s.f.DefaultMavenResourcesFiltering - Copying 0 resource from src\main\resources to target\classes
2026-04-09 23:10:34,664 [Worker-3: Building] INFO  o.a.m.s.f.DefaultMavenResourcesFiltering - skip non existing resourceDirectory C:\Users\Rishabh patil\Desktop\Microservices\Address\src\test\resources
2026-04-09 23:11:21,442 [Worker-15: Building] INFO  o.e.m.c.i.l.LifecycleMappingFactory - Using org.maven.ide.eclipse.wtp.WarLifecycleMapping lifecycle mapping for MavenProject: com.example:Address:0.0.1-SNAPSHOT @ C:\Users\Rishabh patil\Desktop\Microservices\Address\pom.xml.
2026-04-09 23:11:23,028 [Worker-15: Building] INFO  o.e.m.w.i.f.ResourceFilteringBuildParticipant - Changed resources require a complete clean of filtered resources of Address
2026-04-09 23:11:23,028 [Worker-15: Building] INFO  o.e.m.w.i.f.ResourceFilteringBuildParticipant - Executing resource filtering for Address
2026-04-09 23:11:29,387 [Worker-12: reload maven project] ERROR o.e.m2e.editor.pom.MavenPomEditor - failed to load maven project for org.eclipse.ui.part.FileEditorInput(/Address/pom.xml)
org.eclipse.core.runtime.CoreException: Could not read maven project
	at org.eclipse.m2e.core.internal.project.registry.ProjectRegistryManager.readProjectWithDependencies(ProjectRegistryManager.java:831)
	at org.eclipse.m2e.core.internal.project.registry.ProjectRegistryManager.lambda$26(ProjectRegistryManager.java:1049)
	at java.base/java.util.HashMap.computeIfAbsent(HashMap.java:1220)
	at java.base/java.util.Collections$SynchronizedMap.computeIfAbsent(Collections.java:2760)
	at org.eclipse.m2e.core.internal.project.registry.ProjectRegistryManager.lambda$25(ProjectRegistryManager.java:1048)
	at java.base/java.util.Map.computeIfAbsent(Map.java:1054)
	at org.eclipse.m2e.core.internal.project.registry.ProjectRegistryManager.getMavenProject(ProjectRegistryManager.java:1048)
	at org.eclipse.m2e.core.internal.project.registry.MavenProjectFacade.getMavenProject(MavenProjectFacade.java:261)
	at org.eclipse.m2e.core.ui.internal.actions.SelectionUtil.getMavenProject(SelectionUtil.java:257)
	at org.eclipse.m2e.editor.pom.MavenPomEditor.readMavenProject(MavenPomEditor.java:659)
	at org.eclipse.m2e.editor.pom.MavenPomEditor$3.run(MavenPomEditor.java:979)
	at org.eclipse.core.internal.jobs.Worker.run(Worker.java:63)
2026-04-09 23:11:29,634 [Worker-16: Building] INFO  o.e.m.c.i.l.LifecycleMappingFactory - Using org.maven.ide.eclipse.wtp.WarLifecycleMapping lifecycle mapping for MavenProject: com.example:Address:0.0.1-SNAPSHOT @ C:\Users\Rishabh patil\Desktop\Microservices\Address\pom.xml.
2026-04-09 23:11:31,369 [Worker-16: Building] INFO  o.e.m.w.i.f.ResourceFilteringBuildParticipant - Changed resources require a complete clean of filtered resources of Address
2026-04-09 23:11:31,370 [Worker-16: Building] INFO  o.e.m.w.i.f.ResourceFilteringBuildParticipant - Executing resource filtering for Address
2026-04-09 23:11:57,990 [Worker-15: reload maven project] INFO  o.e.m.c.i.e.AbstractTransferListenerAdapter - Downloaded https://repo.maven.apache.org/maven2/org/springframework/cloud/spring-cloud-dependencies/${spring-cloud.version}/spring-cloud-dependencies-${spring-cloud.version}.pom
2026-04-09 23:11:58,100 [Worker-15: reload maven project] ERROR o.e.m2e.editor.pom.MavenPomEditor - failed to load maven project for org.eclipse.ui.part.FileEditorInput(/Address/pom.xml)
org.eclipse.core.runtime.CoreException: Could not read maven project
	at org.eclipse.m2e.core.internal.project.registry.ProjectRegistryManager.readProjectWithDependencies(ProjectRegistryManager.java:831)
	at org.eclipse.m2e.core.internal.project.registry.ProjectRegistryManager.lambda$26(ProjectRegistryManager.java:1049)
	at java.base/java.util.HashMap.computeIfAbsent(HashMap.java:1220)
	at java.base/java.util.Collections$SynchronizedMap.computeIfAbsent(Collections.java:2760)
	at org.eclipse.m2e.core.internal.project.registry.ProjectRegistryManager.lambda$25(ProjectRegistryManager.java:1048)
	at java.base/java.util.Map.computeIfAbsent(Map.java:1054)
	at org.eclipse.m2e.core.internal.project.registry.ProjectRegistryManager.getMavenProject(ProjectRegistryManager.java:1048)
	at org.eclipse.m2e.core.internal.project.registry.MavenProjectFacade.getMavenProject(MavenProjectFacade.java:261)
	at org.eclipse.m2e.core.ui.internal.actions.SelectionUtil.getMavenProject(SelectionUtil.java:257)
	at org.eclipse.m2e.editor.pom.MavenPomEditor.readMavenProject(MavenPomEditor.java:659)
	at org.eclipse.m2e.editor.pom.MavenPomEditor$3.run(MavenPomEditor.java:979)
	at org.eclipse.core.internal.jobs.Worker.run(Worker.java:63)
2026-04-09 23:11:58,308 [Worker-12: Building] INFO  o.e.m.c.i.l.LifecycleMappingFactory - Using org.maven.ide.eclipse.wtp.WarLifecycleMapping lifecycle mapping for MavenProject: com.example:Address:0.0.1-SNAPSHOT @ C:\Users\Rishabh patil\Desktop\Microservices\Address\pom.xml.
2026-04-09 23:11:59,573 [Worker-12: Building] INFO  o.e.m.w.i.f.ResourceFilteringBuildParticipant - Changed resources require a complete clean of filtered resources of Address
2026-04-09 23:11:59,575 [Worker-12: Building] INFO  o.e.m.w.i.f.ResourceFilteringBuildParticipant - Executing resource filtering for Address
2026-04-09 23:12:22,598 [Worker-17: Building] INFO  o.e.m.c.i.l.LifecycleMappingFactory - Using org.maven.ide.eclipse.wtp.WarLifecycleMapping lifecycle mapping for MavenProject: com.example:Address:0.0.1-SNAPSHOT @ C:\Users\Rishabh patil\Desktop\Microservices\Address\pom.xml.
2026-04-09 23:12:24,779 [Worker-17: Building] INFO  o.a.m.s.f.DefaultMavenResourcesFiltering - Copying 0 resource from src\main\resources to target\classes
2026-04-09 23:12:24,780 [Worker-17: Building] INFO  o.a.m.s.f.DefaultMavenResourcesFiltering - Copying 0 resource from src\main\resources to target\classes
2026-04-09 23:12:24,783 [Worker-17: Building] INFO  o.a.m.s.f.DefaultMavenResourcesFiltering - skip non existing resourceDirectory C:\Users\Rishabh patil\Desktop\Microservices\Address\src\test\resources
2026-04-09 23:12:24,784 [Worker-17: Building] INFO  o.e.m.w.i.f.ResourceFilteringBuildParticipant - Changed resources require a complete clean of filtered resources of Address
2026-04-09 23:12:24,784 [Worker-17: Building] INFO  o.e.m.w.i.f.ResourceFilteringBuildParticipant - Executing resource filtering for Address
2026-04-09 23:12:28,633 [Worker-12: Building] INFO  o.a.m.s.f.DefaultMavenResourcesFiltering - Copying 1 resource from src\main\resources to target\classes
2026-04-09 23:12:28,644 [Worker-12: Building] INFO  o.a.m.s.f.DefaultMavenResourcesFiltering - Copying 0 resource from src\main\resources to target\classes
2026-04-09 23:12:28,649 [Worker-12: Building] INFO  o.a.m.s.f.DefaultMavenResourcesFiltering - skip non existing resourceDirectory C:\Users\Rishabh patil\Desktop\Microservices\Address\src\test\resources
2026-04-09 23:12:56,508 [Worker-14: Building] INFO  o.e.m.c.i.l.LifecycleMappingFactory - Using org.maven.ide.eclipse.wtp.WarLifecycleMapping lifecycle mapping for MavenProject: com.example:Address:0.0.1-SNAPSHOT @ C:\Users\Rishabh patil\Desktop\Microservices\Address\pom.xml.
2026-04-09 23:12:58,135 [Worker-14: Building] INFO  o.a.m.s.f.DefaultMavenResourcesFiltering - Copying 0 resource from src\main\resources to target\classes
2026-04-09 23:12:58,136 [Worker-14: Building] INFO  o.a.m.s.f.DefaultMavenResourcesFiltering - Copying 0 resource from src\main\resources to target\classes
2026-04-09 23:12:58,140 [Worker-14: Building] INFO  o.a.m.s.f.DefaultMavenResourcesFiltering - skip non existing resourceDirectory C:\Users\Rishabh patil\Desktop\Microservices\Address\src\test\resources
2026-04-09 23:12:58,141 [Worker-14: Building] INFO  o.e.m.w.i.f.ResourceFilteringBuildParticipant - Changed resources require a complete clean of filtered resources of Address
2026-04-09 23:12:58,141 [Worker-14: Building] INFO  o.e.m.w.i.f.ResourceFilteringBuildParticipant - Executing resource filtering for Address
2026-04-09 23:13:29,706 [Worker-17: Building] INFO  o.a.m.s.f.DefaultMavenResourcesFiltering - Copying 1 resource from src\main\resources to target\classes
2026-04-09 23:13:29,720 [Worker-17: Building] INFO  o.a.m.s.f.DefaultMavenResourcesFiltering - Copying 0 resource from src\main\resources to target\classes
2026-04-09 23:13:29,724 [Worker-17: Building] INFO  o.a.m.s.f.DefaultMavenResourcesFiltering - skip non existing resourceDirectory C:\Users\Rishabh patil\Desktop\Microservices\Address\src\test\resources
